sp!A2,,sp!A3,,sp!A4,,sp!A5,,sp!A6,,sp!A7,,sp!A8,,sp!A9,,sp!A10,,sp!A11,,sp!A12,,sp!A13,,sp!A14,,sp!A15,,sp!A16,,sp!A17,,sp!A18,,sp!A19,,sp!A20,,sp!A21,,sp!A22,,sp!A23,,sp!A24,,sp!A25,,sp!A26,,sp!A27,,sp!A28,,sp!A29,,sp!A30,,sp!A31,,sp!A32,,sp!A33,,sp!A34,,sp!A35,,sp!A36,,sp!A37,,sp!A38,,sp!A39,,sp!A40,,sp!A41,,sp!A42,,sp!A43,,sp!A44,,sp!A45,,sp!A46,,sp!A47,,sp!A48,,sp!A49,,sp!A50,,sp!A51,,sp!A52,,sp!A53,,sp!A54,,sp!A55,,sp!A56,,sp!A57,,sp!A58,,sp!A59,,sp!A60,,sp!A61,,sp!A62,,sp!A63,,sp!A64,,sp!A65,,sp!A66,,sp!A67,,sp!A68,,sp!A69,,sp!A70,,sp!A71,,sp!A72,,sp!A73,,sp!A74,,sp!A75,,sp!A76,,sp!A77,,sp!A78,,sp!A79,,sp!A80,,sp!A81,,sp!A82,,sp!A83,,sp!A84,,sp!A85,,sp!A86,,sp!A87,,sp!A88,,sp!A89,,sp!A90,,sp!A91,,sp!A92,,sp!A93,,sp!A94,,sp!A95,,sp!A96,,sp!A97,,sp!A98,,sp!A99,,sp!A100,,sp!A101,,sp!A102,,sp!A103,,sp!A104,
Date,Open,Date,Open,Date,Open,Date,Open,Date,Open,Date,Open,Date,Open,Date,Open,Date,Open,Date,Open,Date,Open,Date,Open,Date,Open,Date,Open,Date,Open,Date,Open,Date,Open,Date,Open,Date,Open,Date,Open,Date,Open,Date,Open,Date,Open,Date,Open,Date,Open,Date,Open,Date,Open,Date,Open,Date,Open,Date,Open,Date,Open,Date,Open,Date,Open,Date,Open,Date,Open,#N/A,,Date,Open,Date,Open,Date,Open,Date,Open,Date,Open,Date,Open,Date,Open,Date,Open,Date,Open,Date,Open,Date,Open,Date,Open,Date,Open,Date,Open,Date,Open,Date,Open,Date,Open,Date,Open,Date,Open,Date,Open,#N/A,,Date,Open,Date,Open,Date,Open,Date,Open,Date,Open,Date,Open,Date,Open,Date,Open,Date,Open,Date,Open,Date,Open,#N/A,,Date,Open,Date,Open,Date,Open,Date,Open,Date,Open,Date,Open,Date,Open,Date,Open,Date,Open,Date,Open,Date,Open,Date,Open,Date,Open,Date,Open,Date,Open,Date,Open,#N/A,,Date,Open,Date,Open,Date,Open,Date,Open,Date,Open,Date,Open,Date,Open,Date,Open,Date,Open,Date,Open,#N/A,,Date,Open,Date,Open,Date,Open,Date,Open,Date,Open,Date,Open
01/08/2024 16:00:00,224.37,01/08/2024 16:00:00,118.35,01/08/2024 16:00:00,420.79,01/08/2024 16:00:00,68.91,01/08/2024 16:00:00,192.81,01/08/2024 16:00:00,158.71,01/08/2024 16:00:00,170.75,01/08/2024 16:00:00,19.31,01/08/2024 16:00:00,171.98,01/08/2024 16:00:00,158.48,01/08/2024 16:00:00,160.88,01/08/2024 16:00:00,30.72,01/08/2024 16:00:00,59.26,01/08/2024 16:00:00,67,01/08/2024 16:00:00,115.78,01/08/2024 16:00:00,139.29,01/08/2024 16:00:00,213.2,01/08/2024 16:00:00,113.13,01/08/2024 16:00:00,30.43,01/08/2024 16:00:00,40.67,01/08/2024 16:00:00,172.53,01/08/2024 16:00:00,171.76,01/08/2024 16:00:00,189.29,01/08/2024 16:00:00,106.65,01/08/2024 16:00:00,48.28,01/08/2024 16:00:00,48.62,01/08/2024 16:00:00,41.25,01/08/2024 16:00:00,266.82,01/08/2024 16:00:00,93.86,01/08/2024 16:00:00,266.33,01/08/2024 16:00:00,65.08,01/08/2024 16:00:00,40.44,01/08/2024 16:00:00,369.99,01/08/2024 16:00:00,60.86,01/08/2024 16:00:00,131.04,,,01/08/2024 17:36:00,37.98,01/08/2024 16:00:00,49.61,01/08/2024 16:00:00,112.45,01/08/2024 16:00:00,127.5,01/08/2024 16:00:00,336.09,01/08/2024 16:00:00,253.85,01/08/2024 16:00:00,44.92,01/08/2024 16:00:00,76.48,01/08/2024 16:00:00,346.3,01/08/2024 16:00:00,247.37,01/08/2024 16:00:00,60.88,01/08/2024 16:00:00,55.06,01/08/2024 16:00:00,26.61,01/08/2024 16:00:00,27.73,01/08/2024 16:00:00,190,01/08/2024 16:00:00,577.2,01/08/2024 16:00:00,47.8,01/08/2024 16:00:00,465.46,01/08/2024 16:00:00,510,01/08/2024 16:00:00,99.55,,,01/08/2024 16:00:00,833.62,01/08/2024 16:00:00,155.01,01/08/2024 16:00:00,84.07,01/08/2024 16:00:00,1.89,01/08/2024 16:00:00,204.33,01/08/2024 16:00:00,74.7,01/08/2024 16:00:00,76.11,01/08/2024 16:00:00,151.21,01/08/2024 16:00:00,80.69,01/08/2024 16:00:00,818.55,01/08/2024 16:00:00,83.92,,,01/08/2024 16:00:00,333.88,01/08/2024 16:00:00,35.98,01/08/2024 16:00:00,117.06,01/08/2024 16:00:00,279.26,01/08/2024 16:00:00,78.61,01/08/2024 16:00:00,10.86,01/08/2024 16:00:00,54.68,10/12/2024 16:00:00,0.01,01/08/2024 16:00:00,77.89,01/08/2024 16:00:00,45.12,01/08/2024 16:00:00,215.8,01/08/2024 16:00:00,32.8,01/08/2024 16:00:00,201.75,01/08/2024 16:00:00,36.96,01/08/2024 16:00:00,20.71,01/08/2024 16:00:00,113.79,,,01/08/2024 16:00:00,136.12,01/08/2024 16:00:00,34.45,01/08/2024 16:00:00,151.73,01/08/2024 16:00:00,35.95,01/08/2024 16:00:00,9.96,01/08/2024 16:00:00,181.33,01/08/2024 16:00:00,366.37,01/08/2024 16:00:00,246.83,01/08/2024 16:00:00,880,02/08/2024 16:00:00,0.28,,,01/08/2024 16:00:00,53.59,01/08/2024 16:00:00,104.38,01/08/2024 16:00:00,133.46,01/08/2024 16:00:00,109.77,01/08/2024 16:00:00,127.12,01/08/2024 16:00:00,76.32
02/08/2024 16:00:00,219.15,02/08/2024 16:00:00,115.97,02/08/2024 16:00:00,412.49,02/08/2024 16:00:00,69.6,02/08/2024 16:00:00,188.78,02/08/2024 16:00:00,151.13,02/08/2024 16:00:00,165.57,02/08/2024 16:00:00,19.64,02/08/2024 16:00:00,168.19,02/08/2024 16:00:00,161.9,02/08/2024 16:00:00,167.44,02/08/2024 16:00:00,30.88,02/08/2024 16:00:00,55.18,02/08/2024 16:00:00,68.53,02/08/2024 16:00:00,118.09,02/08/2024 16:00:00,132.77,02/08/2024 16:00:00,203.88,02/08/2024 16:00:00,115.16,02/08/2024 16:00:00,21.94,02/08/2024 16:00:00,41.2,02/08/2024 16:00:00,178.84,02/08/2024 16:00:00,160.52,02/08/2024 16:00:00,166.75,02/08/2024 16:00:00,110.18,02/08/2024 16:00:00,45.98,02/08/2024 16:00:00,47.68,02/08/2024 16:00:00,40.87,02/08/2024 16:00:00,269.4,02/08/2024 16:00:00,92.16,02/08/2024 16:00:00,263.83,02/08/2024 16:00:00,59.67,02/08/2024 16:00:00,38,02/08/2024 16:00:00,354.93,02/08/2024 16:00:00,58.62,02/08/2024 16:00:00,129.88,,,02/08/2024 17:36:00,38.13,02/08/2024 16:00:00,50.39,02/08/2024 16:00:00,107.72,02/08/2024 16:00:00,125.81,02/08/2024 16:00:00,337.42,02/08/2024 16:00:00,244.51,02/08/2024 16:00:00,42.66,02/08/2024 16:00:00,74,02/08/2024 16:00:00,322.75,02/08/2024 16:00:00,243.53,02/08/2024 16:00:00,60.24,02/08/2024 16:00:00,55.71,02/08/2024 16:00:00,25.69,02/08/2024 16:00:00,26.76,02/08/2024 16:00:00,175.22,02/08/2024 16:00:00,582.33,02/08/2024 16:00:00,49.12,02/08/2024 16:00:00,460.22,02/08/2024 16:00:00,491.1,02/08/2024 16:00:00,102,,,02/08/2024 16:00:00,816.67,02/08/2024 16:00:00,152,02/08/2024 16:00:00,81.45,02/08/2024 16:00:00,1.74,02/08/2024 16:00:00,208.25,02/08/2024 16:00:00,72.83,02/08/2024 16:00:00,77.79,02/08/2024 16:00:00,145.32,02/08/2024 16:00:00,81.04,02/08/2024 16:00:00,816.2,02/08/2024 16:00:00,88.38,,,02/08/2024 16:00:00,324.99,02/08/2024 16:00:00,34.41,02/08/2024 16:00:00,110.94,02/08/2024 16:00:00,279.45,02/08/2024 16:00:00,74.53,02/08/2024 16:00:00,10.55,02/08/2024 16:00:00,52.55,11/12/2024 16:00:00,0.01,02/08/2024 16:00:00,75.11,02/08/2024 16:00:00,43.28,02/08/2024 16:00:00,212.45,02/08/2024 16:00:00,30.69,02/08/2024 16:00:00,187.51,02/08/2024 16:00:00,38.72,02/08/2024 16:00:00,19.24,02/08/2024 16:00:00,113.07,,,02/08/2024 16:00:00,140.12,02/08/2024 16:00:00,32.75,02/08/2024 16:00:00,141.49,02/08/2024 16:00:00,35.96,02/08/2024 16:00:00,9.39,02/08/2024 16:00:00,173.82,02/08/2024 16:00:00,356.16,02/08/2024 16:00:00,238.27,02/08/2024 16:00:00,855,08/08/2024 16:00:00,0.29,,,02/08/2024 16:00:00,56.08,02/08/2024 16:00:00,100.29,02/08/2024 16:00:00,134.75,02/08/2024 16:00:00,114.35,02/08/2024 16:00:00,124.68,02/08/2024 16:00:00,79.36
05/08/2024 16:00:00,199.09,05/08/2024 16:00:00,115.54,05/08/2024 16:00:00,389.17,05/08/2024 16:00:00,68.1,05/08/2024 16:00:00,184.55,05/08/2024 16:00:00,145.52,05/08/2024 16:00:00,152.49,05/08/2024 16:00:00,18.8,05/08/2024 16:00:00,157.37,05/08/2024 16:00:00,163.79,05/08/2024 16:00:00,170.88,05/08/2024 16:00:00,29.09,05/08/2024 16:00:00,51.3,05/08/2024 16:00:00,68.99,05/08/2024 16:00:00,116.92,05/08/2024 16:00:00,127.89,05/08/2024 16:00:00,194.05,05/08/2024 16:00:00,114.95,05/08/2024 16:00:00,20.2,05/08/2024 16:00:00,40,05/08/2024 16:00:00,179.52,05/08/2024 16:00:00,153.27,05/08/2024 16:00:00,154.21,05/08/2024 16:00:00,111.34,05/08/2024 16:00:00,43.48,05/08/2024 16:00:00,46.55,05/08/2024 16:00:00,40.18,05/08/2024 16:00:00,274.04,05/08/2024 16:00:00,86.89,05/08/2024 16:00:00,261.45,05/08/2024 16:00:00,54.08,05/08/2024 16:00:00,35.65,05/08/2024 16:00:00,350.88,05/08/2024 16:00:00,55.5,05/08/2024 16:00:00,126.83,,,05/08/2024 17:36:00,37.72,05/08/2024 16:00:00,49.99,05/08/2024 16:00:00,104,05/08/2024 16:00:00,119.57,05/08/2024 16:00:00,332.72,05/08/2024 16:00:00,226.64,05/08/2024 16:00:00,41.13,05/08/2024 16:00:00,70.82,05/08/2024 16:00:00,309,05/08/2024 16:00:00,237.01,05/08/2024 16:00:00,58,05/08/2024 16:00:00,54.9,05/08/2024 16:00:00,24.13,05/08/2024 16:00:00,25.95,05/08/2024 16:00:00,162.52,05/08/2024 16:00:00,582.12,05/08/2024 16:00:00,47.88,05/08/2024 16:00:00,455,05/08/2024 16:00:00,447.59,05/08/2024 16:00:00,102.99,,,05/08/2024 16:00:00,758,05/08/2024 16:00:00,148.62,05/08/2024 16:00:00,77.76,06/08/2024 16:00:00,1.74,05/08/2024 16:00:00,202.53,05/08/2024 16:00:00,71.06,05/08/2024 16:00:00,76.88,05/08/2024 16:00:00,136,05/08/2024 16:00:00,80.82,05/08/2024 16:00:00,798,05/08/2024 16:00:00,88.99,,,05/08/2024 16:00:00,311.61,05/08/2024 16:00:00,32.58,05/08/2024 16:00:00,106.35,05/08/2024 16:00:00,269.2,05/08/2024 16:00:00,68.91,05/08/2024 16:00:00,9.56,05/08/2024 16:00:00,50.68,12/12/2024 16:00:00,0.02,05/08/2024 16:00:00,73.85,05/08/2024 16:00:00,40,05/08/2024 16:00:00,204.12,05/08/2024 16:00:00,27.68,05/08/2024 16:00:00,184.61,05/08/2024 16:00:00,39.78,05/08/2024 16:00:00,17.9,05/08/2024 16:00:00,111.56,,,05/08/2024 16:00:00,140.14,05/08/2024 16:00:00,31,05/08/2024 16:00:00,131.94,05/08/2024 16:00:00,35.26,05/08/2024 16:00:00,9.1,05/08/2024 16:00:00,166.14,05/08/2024 16:00:00,345.77,05/08/2024 16:00:00,236.33,05/08/2024 16:00:00,824.69,09/08/2024 16:00:00,0.23,,,05/08/2024 16:00:00,56.27,05/08/2024 16:00:00,99.2,05/08/2024 16:00:00,135.12,05/08/2024 16:00:00,114.11,05/08/2024 16:00:00,120.59,05/08/2024 16:00:00,78.55
06/08/2024 16:00:00,205.3,06/08/2024 16:00:00,114.45,06/08/2024 16:00:00,400,06/08/2024 16:00:00,67.84,06/08/2024 16:00:00,184.7,06/08/2024 16:00:00,144.49,06/08/2024 16:00:00,159.93,06/08/2024 16:00:00,18.89,06/08/2024 16:00:00,160.95,06/08/2024 16:00:00,161.05,06/08/2024 16:00:00,167.9,06/08/2024 16:00:00,29.73,06/08/2024 16:00:00,52.28,06/08/2024 16:00:00,68.15,06/08/2024 16:00:00,113.56,06/08/2024 16:00:00,130.54,06/08/2024 16:00:00,195.4,06/08/2024 16:00:00,112.3,06/08/2024 16:00:00,20.32,06/08/2024 16:00:00,39.97,06/08/2024 16:00:00,173.28,06/08/2024 16:00:00,158.42,06/08/2024 16:00:00,161.71,06/08/2024 16:00:00,108.95,06/08/2024 16:00:00,43.8,06/08/2024 16:00:00,44.75,06/08/2024 16:00:00,38.9,06/08/2024 16:00:00,269.86,06/08/2024 16:00:00,88.23,06/08/2024 16:00:00,256.5,06/08/2024 16:00:00,56.39,06/08/2024 16:00:00,36.65,06/08/2024 16:00:00,348.75,06/08/2024 16:00:00,56.47,06/08/2024 16:00:00,126.06,,,06/08/2024 17:36:00,36.56,06/08/2024 16:00:00,49.32,06/08/2024 16:00:00,104.57,06/08/2024 16:00:00,123.36,06/08/2024 16:00:00,325.23,06/08/2024 16:00:00,226.96,06/08/2024 16:00:00,40.74,06/08/2024 16:00:00,70.18,06/08/2024 16:00:00,314.05,06/08/2024 16:00:00,235.38,06/08/2024 16:00:00,57.69,06/08/2024 16:00:00,55,06/08/2024 16:00:00,24.97,06/08/2024 16:00:00,25.53,06/08/2024 16:00:00,168.89,06/08/2024 16:00:00,568.21,06/08/2024 16:00:00,47.89,06/08/2024 16:00:00,443.22,06/08/2024 16:00:00,461.01,06/08/2024 16:00:00,101.29,,,06/08/2024 16:00:00,789.14,06/08/2024 16:00:00,150.11,06/08/2024 16:00:00,78.17,07/08/2024 16:00:00,1.83,06/08/2024 16:00:00,199.7,06/08/2024 16:00:00,71.66,06/08/2024 16:00:00,74.5,06/08/2024 16:00:00,134.51,06/08/2024 16:00:00,80.46,06/08/2024 16:00:00,805.06,06/08/2024 16:00:00,86.8,,,06/08/2024 16:00:00,317,06/08/2024 16:00:00,32.85,06/08/2024 16:00:00,106.82,06/08/2024 16:00:00,271.03,06/08/2024 16:00:00,67.78,06/08/2024 16:00:00,9.79,06/08/2024 16:00:00,51.51,13/12/2024 16:00:00,0.01,06/08/2024 16:00:00,73.92,06/08/2024 16:00:00,40.7,06/08/2024 16:00:00,198.76,06/08/2024 16:00:00,27.46,06/08/2024 16:00:00,183.52,06/08/2024 16:00:00,37.6,06/08/2024 16:00:00,17.67,06/08/2024 16:00:00,109.28,,,06/08/2024 16:00:00,138.86,06/08/2024 16:00:00,30.87,06/08/2024 16:00:00,131.37,06/08/2024 16:00:00,34.98,06/08/2024 16:00:00,8.9,06/08/2024 16:00:00,165.94,06/08/2024 16:00:00,347.49,06/08/2024 16:00:00,235.67,06/08/2024 16:00:00,834.52,12/08/2024 16:00:00,0.25,,,06/08/2024 16:00:00,54.12,06/08/2024 16:00:00,97.27,06/08/2024 16:00:00,137,06/08/2024 16:00:00,112.49,06/08/2024 16:00:00,122.47,06/08/2024 16:00:00,76.85
07/08/2024 16:00:00,206.9,07/08/2024 16:00:00,115.45,07/08/2024 16:00:00,408.64,07/08/2024 16:00:00,67.87,07/08/2024 16:00:00,188.08,07/08/2024 16:00:00,144.58,07/08/2024 16:00:00,164.42,07/08/2024 16:00:00,19.2,07/08/2024 16:00:00,163.24,07/08/2024 16:00:00,158.87,07/08/2024 16:00:00,168.57,07/08/2024 16:00:00,29.63,07/08/2024 16:00:00,53.15,07/08/2024 16:00:00,68.05,07/08/2024 16:00:00,114.4,07/08/2024 16:00:00,128.92,07/08/2024 16:00:00,203.51,07/08/2024 16:00:00,111.68,07/08/2024 16:00:00,19.92,07/08/2024 16:00:00,40.36,07/08/2024 16:00:00,171.62,07/08/2024 16:00:00,163.58,07/08/2024 16:00:00,166.55,07/08/2024 16:00:00,109.61,07/08/2024 16:00:00,43.99,07/08/2024 16:00:00,45.42,07/08/2024 16:00:00,39.19,07/08/2024 16:00:00,269.56,07/08/2024 16:00:00,88,07/08/2024 16:00:00,259.66,07/08/2024 16:00:00,58.17,07/08/2024 16:00:00,38.1,07/08/2024 16:00:00,355.18,07/08/2024 16:00:00,57.19,07/08/2024 16:00:00,125.25,,,07/08/2024 17:36:00,37.15,07/08/2024 16:00:00,49.58,07/08/2024 16:00:00,107.25,07/08/2024 16:00:00,125.39,07/08/2024 16:00:00,320.99,07/08/2024 16:00:00,234.02,07/08/2024 16:00:00,42.39,07/08/2024 16:00:00,72,07/08/2024 16:00:00,333.51,07/08/2024 16:00:00,239.85,07/08/2024 16:00:00,58,07/08/2024 16:00:00,56.28,07/08/2024 16:00:00,25.81,07/08/2024 16:00:00,26.42,07/08/2024 16:00:00,167,07/08/2024 16:00:00,566.61,07/08/2024 16:00:00,47.43,07/08/2024 16:00:00,450.53,07/08/2024 16:00:00,479.39,07/08/2024 16:00:00,102.74,,,07/08/2024 16:00:00,778.3,07/08/2024 16:00:00,156.89,07/08/2024 16:00:00,78.85,08/08/2024 16:00:00,1.8,07/08/2024 16:00:00,200.55,07/08/2024 16:00:00,72.88,07/08/2024 16:00:00,74.51,07/08/2024 16:00:00,136.18,07/08/2024 16:00:00,80.81,07/08/2024 16:00:00,824.11,07/08/2024 16:00:00,86.81,,,07/08/2024 16:00:00,319.95,07/08/2024 16:00:00,32.91,07/08/2024 16:00:00,103.64,07/08/2024 16:00:00,270,07/08/2024 16:00:00,69.28,07/08/2024 16:00:00,9.85,07/08/2024 16:00:00,52.92,16/12/2024 16:00:00,0.01,07/08/2024 16:00:00,75.3,07/08/2024 16:00:00,41.59,07/08/2024 16:00:00,201.52,07/08/2024 16:00:00,27.69,07/08/2024 16:00:00,190.24,07/08/2024 16:00:00,37.56,07/08/2024 16:00:00,18.04,07/08/2024 16:00:00,109.9,,,07/08/2024 16:00:00,139.26,07/08/2024 16:00:00,31.43,07/08/2024 16:00:00,135.7,07/08/2024 16:00:00,37.52,07/08/2024 16:00:00,8.83,07/08/2024 16:00:00,171.7,07/08/2024 16:00:00,350,07/08/2024 16:00:00,241.7,07/08/2024 16:00:00,852.26,16/08/2024 16:00:00,0.28,,,07/08/2024 16:00:00,54.35,07/08/2024 16:00:00,98.91,07/08/2024 16:00:00,136.58,07/08/2024 16:00:00,113.22,07/08/2024 16:00:00,124.11,07/08/2024 16:00:00,77.72
08/08/2024 16:00:00,213.11,08/08/2024 16:00:00,116.08,08/08/2024 16:00:00,402.44,08/08/2024 16:00:00,66.84,08/08/2024 16:00:00,187.5,08/08/2024 16:00:00,143.07,08/08/2024 16:00:00,164.48,08/08/2024 16:00:00,19.26,08/08/2024 16:00:00,162.34,08/08/2024 16:00:00,158.57,08/08/2024 16:00:00,169.42,08/08/2024 16:00:00,28.93,08/08/2024 16:00:00,52.97,08/08/2024 16:00:00,68,08/08/2024 16:00:00,115.17,08/08/2024 16:00:00,128,08/08/2024 16:00:00,202.47,08/08/2024 16:00:00,112.92,08/08/2024 16:00:00,19.1,08/08/2024 16:00:00,40.28,08/08/2024 16:00:00,170.21,08/08/2024 16:00:00,160.74,08/08/2024 16:00:00,165.17,08/08/2024 16:00:00,109.95,08/08/2024 16:00:00,42.98,08/08/2024 16:00:00,45.28,08/08/2024 16:00:00,38.46,08/08/2024 16:00:00,268.93,08/08/2024 16:00:00,85.15,08/08/2024 16:00:00,258.13,08/08/2024 16:00:00,56.85,08/08/2024 16:00:00,37.82,08/08/2024 16:00:00,342.24,08/08/2024 16:00:00,57.5,08/08/2024 16:00:00,123.2,,,08/08/2024 17:36:00,37.72,08/08/2024 16:00:00,49.73,08/08/2024 16:00:00,107.24,08/08/2024 16:00:00,122.45,08/08/2024 16:00:00,314,08/08/2024 16:00:00,231.05,08/08/2024 16:00:00,41.79,08/08/2024 16:00:00,70.81,08/08/2024 16:00:00,330,08/08/2024 16:00:00,237.24,08/08/2024 16:00:00,56.3,08/08/2024 16:00:00,55.51,08/08/2024 16:00:00,25.76,08/08/2024 16:00:00,26.13,08/08/2024 16:00:00,164.23,08/08/2024 16:00:00,564.37,08/08/2024 16:00:00,46.57,08/08/2024 16:00:00,452.24,08/08/2024 16:00:00,477.87,08/08/2024 16:00:00,101.61,,,08/08/2024 16:00:00,875,08/08/2024 16:00:00,153.37,08/08/2024 16:00:00,77.82,09/08/2024 16:00:00,1.8,08/08/2024 16:00:00,197.92,08/08/2024 16:00:00,73.23,08/08/2024 16:00:00,74.05,08/08/2024 16:00:00,134.79,08/08/2024 16:00:00,81.23,08/08/2024 16:00:00,821.5,08/08/2024 16:00:00,86.46,,,08/08/2024 16:00:00,315.3,08/08/2024 16:00:00,32.29,08/08/2024 16:00:00,100.85,08/08/2024 16:00:00,265.09,08/08/2024 16:00:00,69.17,08/08/2024 16:00:00,9.8,08/08/2024 16:00:00,52.49,17/12/2024 16:00:00,0.01,08/08/2024 16:00:00,75.07,08/08/2024 16:00:00,40,08/08/2024 16:00:00,199.83,08/08/2024 16:00:00,27.2,08/08/2024 16:00:00,187.23,08/08/2024 16:00:00,37.59,08/08/2024 16:00:00,17.76,08/08/2024 16:00:00,108.51,,,08/08/2024 16:00:00,139.15,08/08/2024 16:00:00,30.8,08/08/2024 16:00:00,133.59,08/08/2024 16:00:00,36.68,08/08/2024 16:00:00,8.64,08/08/2024 16:00:00,168.39,08/08/2024 16:00:00,346.88,08/08/2024 16:00:00,232.19,08/08/2024 16:00:00,846.2,22/08/2024 16:00:00,0.25,,,08/08/2024 16:00:00,54.58,08/08/2024 16:00:00,99.55,08/08/2024 16:00:00,136.25,08/08/2024 16:00:00,112.47,08/08/2024 16:00:00,123.44,08/08/2024 16:00:00,77.12
09/08/2024 16:00:00,212.1,09/08/2024 16:00:00,117.89,09/08/2024 16:00:00,404.03,09/08/2024 16:00:00,67.85,09/08/2024 16:00:00,191.18,09/08/2024 16:00:00,144.21,09/08/2024 16:00:00,165.45,09/08/2024 16:00:00,19.39,09/08/2024 16:00:00,161.65,09/08/2024 16:00:00,160.12,09/08/2024 16:00:00,170.12,09/08/2024 16:00:00,28.65,09/08/2024 16:00:00,52.3,09/08/2024 16:00:00,68.7,09/08/2024 16:00:00,116.29,09/08/2024 16:00:00,128.4,09/08/2024 16:00:00,203.47,09/08/2024 16:00:00,113.78,09/08/2024 16:00:00,20.08,09/08/2024 16:00:00,40.49,09/08/2024 16:00:00,172.09,09/08/2024 16:00:00,164.07,09/08/2024 16:00:00,166.4,09/08/2024 16:00:00,109.28,09/08/2024 16:00:00,43.48,09/08/2024 16:00:00,45.7,09/08/2024 16:00:00,39.07,09/08/2024 16:00:00,271.7,09/08/2024 16:00:00,86.13,09/08/2024 16:00:00,259.17,09/08/2024 16:00:00,58.03,09/08/2024 16:00:00,38.16,09/08/2024 16:00:00,347.89,09/08/2024 16:00:00,58.64,09/08/2024 16:00:00,126.34,,,09/08/2024 17:36:00,37.51,09/08/2024 16:00:00,50.36,09/08/2024 16:00:00,108.27,09/08/2024 16:00:00,124.64,09/08/2024 16:00:00,323.75,09/08/2024 16:00:00,233.52,09/08/2024 16:00:00,41.61,09/08/2024 16:00:00,72.07,09/08/2024 16:00:00,336,09/08/2024 16:00:00,240.47,09/08/2024 16:00:00,57.8,09/08/2024 16:00:00,56,09/08/2024 16:00:00,26.14,09/08/2024 16:00:00,27.1,09/08/2024 16:00:00,168.39,09/08/2024 16:00:00,564.54,09/08/2024 16:00:00,46.84,09/08/2024 16:00:00,455.58,09/08/2024 16:00:00,485.02,09/08/2024 16:00:00,102.47,,,09/08/2024 16:00:00,860,09/08/2024 16:00:00,155.35,09/08/2024 16:00:00,78.25,12/08/2024 16:00:00,1.83,09/08/2024 16:00:00,199.03,09/08/2024 16:00:00,74.12,09/08/2024 16:00:00,74.94,09/08/2024 16:00:00,133.61,09/08/2024 16:00:00,82.28,09/08/2024 16:00:00,838.5,09/08/2024 16:00:00,86.55,,,09/08/2024 16:00:00,316.2,09/08/2024 16:00:00,32.86,09/08/2024 16:00:00,104.46,09/08/2024 16:00:00,268.41,09/08/2024 16:00:00,69.65,09/08/2024 16:00:00,10.08,09/08/2024 16:00:00,52.57,18/12/2024 16:00:00,0.01,09/08/2024 16:00:00,75.65,09/08/2024 16:00:00,41.61,09/08/2024 16:00:00,203.12,09/08/2024 16:00:00,28.45,09/08/2024 16:00:00,191.02,09/08/2024 16:00:00,37.66,09/08/2024 16:00:00,17.99,09/08/2024 16:00:00,109.68,,,09/08/2024 16:00:00,140.73,09/08/2024 16:00:00,31.21,09/08/2024 16:00:00,134.6,09/08/2024 16:00:00,37.4,09/08/2024 16:00:00,10.07,09/08/2024 16:00:00,170.11,09/08/2024 16:00:00,348.63,09/08/2024 16:00:00,235.78,09/08/2024 16:00:00,853.42,23/08/2024 16:00:00,0.28,,,09/08/2024 16:00:00,54.27,09/08/2024 16:00:00,101.05,09/08/2024 16:00:00,137.43,09/08/2024 16:00:00,112.95,09/08/2024 16:00:00,126.8,09/08/2024 16:00:00,77.5
12/08/2024 16:00:00,216.07,12/08/2024 16:00:00,119.55,12/08/2024 16:00:00,407.06,12/08/2024 16:00:00,68.34,12/08/2024 16:00:00,191.25,12/08/2024 16:00:00,145.84,12/08/2024 16:00:00,167.63,12/08/2024 16:00:00,19.54,12/08/2024 16:00:00,166,12/08/2024 16:00:00,160.97,12/08/2024 16:00:00,169.4,12/08/2024 16:00:00,28.58,12/08/2024 16:00:00,52.91,12/08/2024 16:00:00,68.45,12/08/2024 16:00:00,116.1,12/08/2024 16:00:00,132.25,12/08/2024 16:00:00,206.41,12/08/2024 16:00:00,114.71,12/08/2024 16:00:00,19.87,12/08/2024 16:00:00,40.95,12/08/2024 16:00:00,172.24,12/08/2024 16:00:00,160.56,12/08/2024 16:00:00,168.14,12/08/2024 16:00:00,108.4,12/08/2024 16:00:00,43.84,12/08/2024 16:00:00,45.53,12/08/2024 16:00:00,39,12/08/2024 16:00:00,267.46,12/08/2024 16:00:00,85.86,12/08/2024 16:00:00,260.5,12/08/2024 16:00:00,58.3,12/08/2024 16:00:00,38.5,12/08/2024 16:00:00,350.77,12/08/2024 16:00:00,58.85,12/08/2024 16:00:00,126.01,,,12/08/2024 17:36:00,37.07,12/08/2024 16:00:00,50.44,12/08/2024 16:00:00,108.45,12/08/2024 16:00:00,124,12/08/2024 16:00:00,323.9,12/08/2024 16:00:00,238.2,12/08/2024 16:00:00,42.24,12/08/2024 16:00:00,72.35,12/08/2024 16:00:00,338.26,12/08/2024 16:00:00,238.35,12/08/2024 16:00:00,57.21,12/08/2024 16:00:00,56.75,12/08/2024 16:00:00,26.36,12/08/2024 16:00:00,27.63,12/08/2024 16:00:00,167.73,12/08/2024 16:00:00,562.32,12/08/2024 16:00:00,46.77,12/08/2024 16:00:00,457.77,12/08/2024 16:00:00,490.26,12/08/2024 16:00:00,101.85,,,12/08/2024 16:00:00,904.21,12/08/2024 16:00:00,157.59,12/08/2024 16:00:00,78.64,13/08/2024 16:00:00,1.83,12/08/2024 16:00:00,198.46,12/08/2024 16:00:00,74.71,12/08/2024 16:00:00,73.34,12/08/2024 16:00:00,134.59,12/08/2024 16:00:00,82.03,12/08/2024 16:00:00,857.25,12/08/2024 16:00:00,87,,,12/08/2024 16:00:00,315.47,12/08/2024 16:00:00,33.63,12/08/2024 16:00:00,103.81,12/08/2024 16:00:00,268.24,12/08/2024 16:00:00,70.54,12/08/2024 16:00:00,10.1,12/08/2024 16:00:00,52.77,19/12/2024 16:00:00,0.01,12/08/2024 16:00:00,76.53,12/08/2024 16:00:00,41.64,12/08/2024 16:00:00,202,12/08/2024 16:00:00,28.39,12/08/2024 16:00:00,192.45,12/08/2024 16:00:00,37.02,12/08/2024 16:00:00,17.95,12/08/2024 16:00:00,111.07,,,12/08/2024 16:00:00,139.53,12/08/2024 16:00:00,31.24,12/08/2024 16:00:00,134.26,12/08/2024 16:00:00,37.15,12/08/2024 16:00:00,9.4,12/08/2024 16:00:00,170.63,12/08/2024 16:00:00,346.75,12/08/2024 16:00:00,234.75,12/08/2024 16:00:00,854.14,28/08/2024 16:00:00,0.28,,,12/08/2024 16:00:00,54.5,12/08/2024 16:00:00,101.53,12/08/2024 16:00:00,135.96,12/08/2024 16:00:00,112.63,12/08/2024 16:00:00,127.2,12/08/2024 16:00:00,77.33
13/08/2024 16:00:00,219.01,13/08/2024 16:00:00,118.28,13/08/2024 16:00:00,409.59,13/08/2024 16:00:00,68.43,13/08/2024 16:00:00,190.29,13/08/2024 16:00:00,144.08,13/08/2024 16:00:00,167.76,13/08/2024 16:00:00,19.42,13/08/2024 16:00:00,165.19,13/08/2024 16:00:00,160.27,13/08/2024 16:00:00,167.34,13/08/2024 16:00:00,28.55,13/08/2024 16:00:00,52.36,13/08/2024 16:00:00,68.08,13/08/2024 16:00:00,116.13,13/08/2024 16:00:00,132.97,13/08/2024 16:00:00,207.73,13/08/2024 16:00:00,113.57,13/08/2024 16:00:00,19.48,13/08/2024 16:00:00,40.65,13/08/2024 16:00:00,171.62,13/08/2024 16:00:00,164.3,13/08/2024 16:00:00,167.81,13/08/2024 16:00:00,107.8,13/08/2024 16:00:00,43.6,13/08/2024 16:00:00,44.98,13/08/2024 16:00:00,38.9,13/08/2024 16:00:00,270.31,13/08/2024 16:00:00,86.46,13/08/2024 16:00:00,260.13,13/08/2024 16:00:00,58.23,13/08/2024 16:00:00,38.37,13/08/2024 16:00:00,341.87,13/08/2024 16:00:00,57.88,13/08/2024 16:00:00,125.31,,,13/08/2024 17:36:00,37.56,13/08/2024 16:00:00,50.34,13/08/2024 16:00:00,108.99,13/08/2024 16:00:00,123.43,13/08/2024 16:00:00,321.78,13/08/2024 16:00:00,238.71,13/08/2024 16:00:00,41.82,13/08/2024 16:00:00,71.92,13/08/2024 16:00:00,337.18,13/08/2024 16:00:00,238.03,13/08/2024 16:00:00,55.9,13/08/2024 16:00:00,56.13,13/08/2024 16:00:00,26.36,13/08/2024 16:00:00,27.17,13/08/2024 16:00:00,164.5,13/08/2024 16:00:00,569.99,13/08/2024 16:00:00,47.48,13/08/2024 16:00:00,458.14,13/08/2024 16:00:00,490.29,13/08/2024 16:00:00,101.49,,,13/08/2024 16:00:00,894.08,13/08/2024 16:00:00,154.33,13/08/2024 16:00:00,78.4,14/08/2024 16:00:00,1.8,13/08/2024 16:00:00,197.26,13/08/2024 16:00:00,75.25,13/08/2024 16:00:00,72.95,13/08/2024 16:00:00,135.68,13/08/2024 16:00:00,81.41,13/08/2024 16:00:00,864.92,13/08/2024 16:00:00,87.4,,,13/08/2024 16:00:00,316.11,13/08/2024 16:00:00,34.01,13/08/2024 16:00:00,103.65,13/08/2024 16:00:00,268.06,13/08/2024 16:00:00,70.33,13/08/2024 16:00:00,9.92,13/08/2024 16:00:00,52.22,20/12/2024 16:00:00,0.01,13/08/2024 16:00:00,91.02,13/08/2024 16:00:00,41.54,13/08/2024 16:00:00,201.1,13/08/2024 16:00:00,28.75,13/08/2024 16:00:00,193.8,13/08/2024 16:00:00,37.05,13/08/2024 16:00:00,17.53,13/08/2024 16:00:00,111.35,,,13/08/2024 16:00:00,138.48,13/08/2024 16:00:00,31.07,13/08/2024 16:00:00,133,13/08/2024 16:00:00,35.5,13/08/2024 16:00:00,9.8,13/08/2024 16:00:00,168.37,13/08/2024 16:00:00,347.82,13/08/2024 16:00:00,228.8,13/08/2024 16:00:00,844.48,29/08/2024 16:00:00,0.28,,,13/08/2024 16:00:00,54.89,13/08/2024 16:00:00,101.48,13/08/2024 16:00:00,136.09,13/08/2024 16:00:00,113.35,13/08/2024 16:00:00,127.38,13/08/2024 16:00:00,78.35
14/08/2024 16:00:00,220.57,14/08/2024 16:00:00,118.1,14/08/2024 16:00:00,414.8,14/08/2024 16:00:00,67.92,14/08/2024 16:00:00,191.15,14/08/2024 16:00:00,144.39,14/08/2024 16:00:00,168.5,14/08/2024 16:00:00,19.48,14/08/2024 16:00:00,164.21,14/08/2024 16:00:00,157.83,14/08/2024 16:00:00,166.5,14/08/2024 16:00:00,28.8,14/08/2024 16:00:00,53.03,14/08/2024 16:00:00,68.23,14/08/2024 16:00:00,117.32,14/08/2024 16:00:00,134.04,14/08/2024 16:00:00,207.74,14/08/2024 16:00:00,113.66,14/08/2024 16:00:00,20.49,14/08/2024 16:00:00,40.6,14/08/2024 16:00:00,172.23,14/08/2024 16:00:00,170.64,14/08/2024 16:00:00,172.11,14/08/2024 16:00:00,108.07,14/08/2024 16:00:00,44,14/08/2024 16:00:00,45.14,14/08/2024 16:00:00,38.78,14/08/2024 16:00:00,269.86,14/08/2024 16:00:00,86.01,14/08/2024 16:00:00,260.87,14/08/2024 16:00:00,58.37,14/08/2024 16:00:00,38.52,14/08/2024 16:00:00,349.55,14/08/2024 16:00:00,57.74,14/08/2024 16:00:00,126.36,,,14/08/2024 17:36:00,38.21,14/08/2024 16:00:00,50.99,14/08/2024 16:00:00,108.51,14/08/2024 16:00:00,124.97,14/08/2024 16:00:00,320.43,14/08/2024 16:00:00,239.81,14/08/2024 16:00:00,42.44,14/08/2024 16:00:00,71.84,14/08/2024 16:00:00,339.6,14/08/2024 16:00:00,237.97,14/08/2024 16:00:00,55.88,14/08/2024 16:00:00,55.89,14/08/2024 16:00:00,26.56,14/08/2024 16:00:00,27.49,14/08/2024 16:00:00,167.89,14/08/2024 16:00:00,575.24,14/08/2024 16:00:00,49.06,14/08/2024 16:00:00,459.26,14/08/2024 16:00:00,492.9,14/08/2024 16:00:00,100.18,,,14/08/2024 16:00:00,910,14/08/2024 16:00:00,155.81,14/08/2024 16:00:00,78.97,15/08/2024 16:00:00,1.83,14/08/2024 16:00:00,196,14/08/2024 16:00:00,78,14/08/2024 16:00:00,73.51,14/08/2024 16:00:00,136.7,14/08/2024 16:00:00,81.42,14/08/2024 16:00:00,864.87,14/08/2024 16:00:00,86.78,,,14/08/2024 16:00:00,320,14/08/2024 16:00:00,34.76,14/08/2024 16:00:00,102.5,14/08/2024 16:00:00,268.48,14/08/2024 16:00:00,70.4,14/08/2024 16:00:00,10.16,14/08/2024 16:00:00,52.84,23/12/2024 16:00:00,0.01,14/08/2024 16:00:00,95.39,14/08/2024 16:00:00,42.17,14/08/2024 16:00:00,203.74,14/08/2024 16:00:00,29.15,14/08/2024 16:00:00,197.01,14/08/2024 16:00:00,37.01,14/08/2024 16:00:00,17.81,14/08/2024 16:00:00,108.23,,,14/08/2024 16:00:00,138,14/08/2024 16:00:00,31.25,14/08/2024 16:00:00,134.7,14/08/2024 16:00:00,34.82,14/08/2024 16:00:00,9.89,14/08/2024 16:00:00,168.31,14/08/2024 16:00:00,350,14/08/2024 16:00:00,235.83,14/08/2024 16:00:00,856.03,30/08/2024 16:00:00,0.29,,,14/08/2024 16:00:00,54.92,14/08/2024 16:00:00,102,14/08/2024 16:00:00,137.5,14/08/2024 16:00:00,113.38,14/08/2024 16:00:00,126.61,14/08/2024 16:00:00,78
15/08/2024 16:00:00,224.6,15/08/2024 16:00:00,118.25,15/08/2024 16:00:00,419.8,15/08/2024 16:00:00,74.12,15/08/2024 16:00:00,193.51,15/08/2024 16:00:00,145.59,15/08/2024 16:00:00,168.75,15/08/2024 16:00:00,19.55,15/08/2024 16:00:00,162.21,15/08/2024 16:00:00,158.37,15/08/2024 16:00:00,169.46,15/08/2024 16:00:00,28.93,15/08/2024 16:00:00,54.5,15/08/2024 16:00:00,68.62,15/08/2024 16:00:00,117.19,15/08/2024 16:00:00,136.93,15/08/2024 16:00:00,213,15/08/2024 16:00:00,114.17,15/08/2024 16:00:00,20.32,15/08/2024 16:00:00,40.84,15/08/2024 16:00:00,173.71,15/08/2024 16:00:00,171.75,15/08/2024 16:00:00,174.86,15/08/2024 16:00:00,110.47,15/08/2024 16:00:00,44.47,15/08/2024 16:00:00,48.75,15/08/2024 16:00:00,39.28,15/08/2024 16:00:00,272,15/08/2024 16:00:00,87.25,15/08/2024 16:00:00,262.84,15/08/2024 16:00:00,60.34,15/08/2024 16:00:00,39.43,15/08/2024 16:00:00,362.46,15/08/2024 16:00:00,57.23,15/08/2024 16:00:00,127.88,,,16/08/2024 17:36:00,37.32,15/08/2024 16:00:00,51.25,15/08/2024 16:00:00,109.68,15/08/2024 16:00:00,127.32,15/08/2024 16:00:00,323.88,15/08/2024 16:00:00,247.77,15/08/2024 16:00:00,43.05,15/08/2024 16:00:00,73.88,15/08/2024 16:00:00,344.5,15/08/2024 16:00:00,243.93,15/08/2024 16:00:00,56.39,15/08/2024 16:00:00,56.33,15/08/2024 16:00:00,26.6,15/08/2024 16:00:00,27.34,15/08/2024 16:00:00,170,15/08/2024 16:00:00,579.67,15/08/2024 16:00:00,49.3,15/08/2024 16:00:00,465.1,15/08/2024 16:00:00,505,15/08/2024 16:00:00,102.48,,,15/08/2024 16:00:00,936,15/08/2024 16:00:00,158,15/08/2024 16:00:00,79.67,16/08/2024 16:00:00,1.77,15/08/2024 16:00:00,198.95,15/08/2024 16:00:00,82.1,15/08/2024 16:00:00,74.38,15/08/2024 16:00:00,143.29,15/08/2024 16:00:00,82.56,15/08/2024 16:00:00,872.87,15/08/2024 16:00:00,86.5,,,15/08/2024 16:00:00,322.28,15/08/2024 16:00:00,35.2,15/08/2024 16:00:00,105,15/08/2024 16:00:00,270,15/08/2024 16:00:00,72,15/08/2024 16:00:00,10.37,15/08/2024 16:00:00,53.56,24/12/2024 14:10:00,0.01,15/08/2024 16:00:00,94.12,15/08/2024 16:00:00,43.35,15/08/2024 16:00:00,202.82,15/08/2024 16:00:00,29.09,15/08/2024 16:00:00,200.5,15/08/2024 16:00:00,36.87,15/08/2024 16:00:00,17.86,15/08/2024 16:00:00,110.57,,,15/08/2024 16:00:00,141.55,15/08/2024 16:00:00,31.29,15/08/2024 16:00:00,138.34,15/08/2024 16:00:00,35.77,15/08/2024 16:00:00,9.89,15/08/2024 16:00:00,171.9,15/08/2024 16:00:00,359.2,15/08/2024 16:00:00,242.28,15/08/2024 16:00:00,864.52,02/09/2024 16:00:00,0.28,,,15/08/2024 16:00:00,55.1,15/08/2024 16:00:00,102.66,15/08/2024 16:00:00,137.92,15/08/2024 16:00:00,112.93,15/08/2024 16:00:00,126.57,15/08/2024 16:00:00,77.54
16/08/2024 16:00:00,223.92,16/08/2024 16:00:00,117.99,16/08/2024 16:00:00,420.6,16/08/2024 16:00:00,72.7,16/08/2024 16:00:00,193.58,16/08/2024 16:00:00,146.05,16/08/2024 16:00:00,170.05,16/08/2024 16:00:00,19.12,16/08/2024 16:00:00,163.41,16/08/2024 16:00:00,159.14,16/08/2024 16:00:00,167.82,16/08/2024 16:00:00,28.65,16/08/2024 16:00:00,54.78,16/08/2024 16:00:00,68.84,16/08/2024 16:00:00,118.11,16/08/2024 16:00:00,136.79,16/08/2024 16:00:00,211.69,16/08/2024 16:00:00,113.61,16/08/2024 16:00:00,20.53,16/08/2024 16:00:00,40.1,16/08/2024 16:00:00,172.52,16/08/2024 16:00:00,172.29,16/08/2024 16:00:00,177.04,16/08/2024 16:00:00,111.36,16/08/2024 16:00:00,44.57,16/08/2024 16:00:00,48.64,16/08/2024 16:00:00,39.64,16/08/2024 16:00:00,274.75,16/08/2024 16:00:00,88.96,16/08/2024 16:00:00,266.85,16/08/2024 16:00:00,60.33,16/08/2024 16:00:00,39,16/08/2024 16:00:00,359.97,16/08/2024 16:00:00,57.42,16/08/2024 16:00:00,128.51,,,19/08/2024 17:36:00,37.86,16/08/2024 16:00:00,50.78,16/08/2024 16:00:00,110.32,16/08/2024 16:00:00,126.74,16/08/2024 16:00:00,323.65,16/08/2024 16:00:00,249.39,16/08/2024 16:00:00,42.81,16/08/2024 16:00:00,73.62,16/08/2024 16:00:00,345.25,16/08/2024 16:00:00,244,16/08/2024 16:00:00,57.36,16/08/2024 16:00:00,55.9,16/08/2024 16:00:00,26.96,16/08/2024 16:00:00,27.45,16/08/2024 16:00:00,176.3,16/08/2024 16:00:00,580.92,16/08/2024 16:00:00,49.11,16/08/2024 16:00:00,468,16/08/2024 16:00:00,497.05,16/08/2024 16:00:00,101.66,,,16/08/2024 16:00:00,928.39,16/08/2024 16:00:00,158.04,16/08/2024 16:00:00,80.18,19/08/2024 16:00:00,1.74,16/08/2024 16:00:00,197.59,16/08/2024 16:00:00,82.88,16/08/2024 16:00:00,73.94,16/08/2024 16:00:00,141.12,16/08/2024 16:00:00,84.03,16/08/2024 16:00:00,877.35,16/08/2024 16:00:00,87.39,,,16/08/2024 16:00:00,324.91,16/08/2024 16:00:00,35.48,16/08/2024 16:00:00,103.64,16/08/2024 16:00:00,268.88,16/08/2024 16:00:00,71.87,16/08/2024 16:00:00,10.4,16/08/2024 16:00:00,53.74,27/12/2024 16:00:00,0.01,16/08/2024 16:00:00,93.36,16/08/2024 16:00:00,43.3,16/08/2024 16:00:00,201.99,16/08/2024 16:00:00,28.94,16/08/2024 16:00:00,201.93,16/08/2024 16:00:00,37.53,16/08/2024 16:00:00,17.91,16/08/2024 16:00:00,111.44,,,16/08/2024 16:00:00,141.97,16/08/2024 16:00:00,31,16/08/2024 16:00:00,137.06,16/08/2024 16:00:00,35.8,16/08/2024 16:00:00,9.83,16/08/2024 16:00:00,171.8,16/08/2024 16:00:00,372.14,16/08/2024 16:00:00,240.43,16/08/2024 16:00:00,872.25,05/09/2024 16:00:00,0.29,,,16/08/2024 16:00:00,55.56,16/08/2024 16:00:00,102.84,16/08/2024 16:00:00,137.96,16/08/2024 16:00:00,112.38,16/08/2024 16:00:00,127.61,16/08/2024 16:00:00,77.52
19/08/2024 16:00:00,225.72,19/08/2024 16:00:00,118.4,19/08/2024 16:00:00,418.96,19/08/2024 16:00:00,73.39,19/08/2024 16:00:00,193.84,19/08/2024 16:00:00,146.01,19/08/2024 16:00:00,169.61,19/08/2024 16:00:00,19.35,19/08/2024 16:00:00,167,19/08/2024 16:00:00,159.46,19/08/2024 16:00:00,168.18,19/08/2024 16:00:00,28.35,19/08/2024 16:00:00,55.35,19/08/2024 16:00:00,69.35,19/08/2024 16:00:00,118.14,19/08/2024 16:00:00,137.53,19/08/2024 16:00:00,214,19/08/2024 16:00:00,113.66,19/08/2024 16:00:00,20.89,19/08/2024 16:00:00,40.63,19/08/2024 16:00:00,172.66,19/08/2024 16:00:00,171.57,19/08/2024 16:00:00,177.64,19/08/2024 16:00:00,111,19/08/2024 16:00:00,45.14,19/08/2024 16:00:00,49.33,19/08/2024 16:00:00,39.47,19/08/2024 16:00:00,282.33,19/08/2024 16:00:00,89.41,19/08/2024 16:00:00,267.42,19/08/2024 16:00:00,61.5,19/08/2024 16:00:00,39.48,19/08/2024 16:00:00,362.5,19/08/2024 16:00:00,57.91,19/08/2024 16:00:00,127.76,,,20/08/2024 17:36:00,38.33,19/08/2024 16:00:00,51.38,19/08/2024 16:00:00,111.22,19/08/2024 16:00:00,127.08,19/08/2024 16:00:00,321.46,19/08/2024 16:00:00,252,19/08/2024 16:00:00,43.25,19/08/2024 16:00:00,73.38,19/08/2024 16:00:00,343.68,19/08/2024 16:00:00,245,19/08/2024 16:00:00,58.41,19/08/2024 16:00:00,55.43,19/08/2024 16:00:00,26.55,19/08/2024 16:00:00,27.45,19/08/2024 16:00:00,180.04,19/08/2024 16:00:00,578.08,19/08/2024 16:00:00,49.38,19/08/2024 16:00:00,469,19/08/2024 16:00:00,505,19/08/2024 16:00:00,102.05,,,19/08/2024 16:00:00,922.12,19/08/2024 16:00:00,157.34,19/08/2024 16:00:00,80.26,20/08/2024 16:00:00,1.74,19/08/2024 16:00:00,198.46,19/08/2024 16:00:00,83.23,19/08/2024 16:00:00,73.34,19/08/2024 16:00:00,144.5,19/08/2024 16:00:00,84.68,19/08/2024 16:00:00,870.59,19/08/2024 16:00:00,86.83,,,19/08/2024 16:00:00,327.56,19/08/2024 16:00:00,34.62,19/08/2024 16:00:00,103.65,19/08/2024 16:00:00,270,19/08/2024 16:00:00,72.89,19/08/2024 16:00:00,10.56,19/08/2024 16:00:00,54,30/12/2024 16:00:00,0.01,19/08/2024 16:00:00,94.35,19/08/2024 16:00:00,43.99,19/08/2024 16:00:00,202.47,19/08/2024 16:00:00,29.31,19/08/2024 16:00:00,200.54,19/08/2024 16:00:00,37.69,19/08/2024 16:00:00,18,19/08/2024 16:00:00,111.87,,,19/08/2024 16:00:00,142.73,19/08/2024 16:00:00,31.45,19/08/2024 16:00:00,139.74,19/08/2024 16:00:00,36.12,19/08/2024 16:00:00,9.97,19/08/2024 16:00:00,173.47,19/08/2024 16:00:00,378.99,19/08/2024 16:00:00,242.26,19/08/2024 16:00:00,873.59,11/09/2024 16:00:00,0.29,,,19/08/2024 16:00:00,56,19/08/2024 16:00:00,104.61,19/08/2024 16:00:00,137.72,19/08/2024 16:00:00,112.28,19/08/2024 16:00:00,128.07,19/08/2024 16:00:00,78.57
20/08/2024 16:00:00,225.77,20/08/2024 16:00:00,118.65,20/08/2024 16:00:00,421.7,20/08/2024 16:00:00,73.75,20/08/2024 16:00:00,194.59,20/08/2024 16:00:00,146.33,20/08/2024 16:00:00,170.91,20/08/2024 16:00:00,19.46,20/08/2024 16:00:00,168.74,20/08/2024 16:00:00,160,20/08/2024 16:00:00,168.77,20/08/2024 16:00:00,28.8,20/08/2024 16:00:00,56.03,20/08/2024 16:00:00,68.99,20/08/2024 16:00:00,118.46,20/08/2024 16:00:00,137.82,20/08/2024 16:00:00,215,20/08/2024 16:00:00,114.76,20/08/2024 16:00:00,21.21,20/08/2024 16:00:00,40.66,20/08/2024 16:00:00,173.53,20/08/2024 16:00:00,173.86,20/08/2024 16:00:00,177.92,20/08/2024 16:00:00,111.82,20/08/2024 16:00:00,45.22,20/08/2024 16:00:00,49.98,20/08/2024 16:00:00,40.05,20/08/2024 16:00:00,286.5,20/08/2024 16:00:00,90.39,20/08/2024 16:00:00,267,20/08/2024 16:00:00,61.59,20/08/2024 16:00:00,39.12,20/08/2024 16:00:00,360.65,20/08/2024 16:00:00,57.36,20/08/2024 16:00:00,128.83,,,21/08/2024 17:36:00,38.06,20/08/2024 16:00:00,51.33,20/08/2024 16:00:00,111.57,20/08/2024 16:00:00,126.99,20/08/2024 16:00:00,328.12,20/08/2024 16:00:00,254.22,20/08/2024 16:00:00,43.48,20/08/2024 16:00:00,74.25,20/08/2024 16:00:00,345,20/08/2024 16:00:00,246.07,20/08/2024 16:00:00,58.7,20/08/2024 16:00:00,56.73,20/08/2024 16:00:00,27.14,20/08/2024 16:00:00,27.82,20/08/2024 16:00:00,176.49,20/08/2024 16:00:00,579.85,20/08/2024 16:00:00,49.27,20/08/2024 16:00:00,468.13,20/08/2024 16:00:00,503.87,20/08/2024 16:00:00,102,,,20/08/2024 16:00:00,932.1,20/08/2024 16:00:00,160,20/08/2024 16:00:00,79.88,21/08/2024 16:00:00,1.71,20/08/2024 16:00:00,199,20/08/2024 16:00:00,83.49,20/08/2024 16:00:00,74.54,20/08/2024 16:00:00,144.5,20/08/2024 16:00:00,84,20/08/2024 16:00:00,872,20/08/2024 16:00:00,87.03,,,20/08/2024 16:00:00,329.93,20/08/2024 16:00:00,34.6,20/08/2024 16:00:00,103.92,20/08/2024 16:00:00,271.84,20/08/2024 16:00:00,73.02,20/08/2024 16:00:00,10.7,20/08/2024 16:00:00,53.53,31/12/2024 14:10:00,0.01,20/08/2024 16:00:00,92.29,20/08/2024 16:00:00,44.44,20/08/2024 16:00:00,205.39,20/08/2024 16:00:00,29.17,20/08/2024 16:00:00,200.44,20/08/2024 16:00:00,37.65,20/08/2024 16:00:00,18.06,20/08/2024 16:00:00,113.04,,,20/08/2024 16:00:00,143.23,20/08/2024 16:00:00,31.68,20/08/2024 16:00:00,142.5,20/08/2024 16:00:00,36.34,20/08/2024 16:00:00,10.34,20/08/2024 16:00:00,173.69,20/08/2024 16:00:00,374.94,20/08/2024 16:00:00,240,20/08/2024 16:00:00,869.45,16/09/2024 16:00:00,0.28,,,20/08/2024 16:00:00,56.29,20/08/2024 16:00:00,105.2,20/08/2024 16:00:00,136.9,20/08/2024 16:00:00,112.91,20/08/2024 16:00:00,128.29,20/08/2024 16:00:00,79.35
21/08/2024 16:00:00,226.52,21/08/2024 16:00:00,115.01,21/08/2024 16:00:00,424.08,21/08/2024 16:00:00,75.3,21/08/2024 16:00:00,195.97,21/08/2024 16:00:00,145.43,21/08/2024 16:00:00,170.1,21/08/2024 16:00:00,19.52,21/08/2024 16:00:00,166.99,21/08/2024 16:00:00,160.4,21/08/2024 16:00:00,170.19,21/08/2024 16:00:00,28.98,21/08/2024 16:00:00,56.44,21/08/2024 16:00:00,69.48,21/08/2024 16:00:00,119.17,21/08/2024 16:00:00,138.8,21/08/2024 16:00:00,214.43,21/08/2024 16:00:00,114.78,21/08/2024 16:00:00,21.07,21/08/2024 16:00:00,40.91,21/08/2024 16:00:00,175.94,21/08/2024 16:00:00,172.99,21/08/2024 16:00:00,179.92,21/08/2024 16:00:00,110.97,21/08/2024 16:00:00,44.54,21/08/2024 16:00:00,50.29,21/08/2024 16:00:00,40.23,21/08/2024 16:00:00,287.15,21/08/2024 16:00:00,90.22,21/08/2024 16:00:00,268.56,21/08/2024 16:00:00,61.4,21/08/2024 16:00:00,38.87,21/08/2024 16:00:00,369.45,21/08/2024 16:00:00,56.58,21/08/2024 16:00:00,129.65,,,22/08/2024 17:36:00,37.7,21/08/2024 16:00:00,51.54,21/08/2024 16:00:00,110.81,21/08/2024 16:00:00,127.84,21/08/2024 16:00:00,329.55,21/08/2024 16:00:00,249.64,21/08/2024 16:00:00,43.85,21/08/2024 16:00:00,73.94,21/08/2024 16:00:00,344.58,21/08/2024 16:00:00,247.73,21/08/2024 16:00:00,58.99,21/08/2024 16:00:00,57.03,21/08/2024 16:00:00,26.9,21/08/2024 16:00:00,27.57,21/08/2024 16:00:00,173,21/08/2024 16:00:00,581.51,21/08/2024 16:00:00,48.78,21/08/2024 16:00:00,468.54,21/08/2024 16:00:00,499.5,21/08/2024 16:00:00,103.11,,,21/08/2024 16:00:00,955.62,21/08/2024 16:00:00,159.61,21/08/2024 16:00:00,79.64,22/08/2024 16:00:00,1.77,21/08/2024 16:00:00,200.84,21/08/2024 16:00:00,83.67,21/08/2024 16:00:00,74.85,21/08/2024 16:00:00,167.33,21/08/2024 16:00:00,85.93,21/08/2024 16:00:00,880.74,21/08/2024 16:00:00,86.76,,,21/08/2024 16:00:00,330.84,21/08/2024 16:00:00,35,21/08/2024 16:00:00,103.24,21/08/2024 16:00:00,272.01,21/08/2024 16:00:00,72.94,21/08/2024 16:00:00,10.84,21/08/2024 16:00:00,53,02/01/2025 16:00:00,0.01,21/08/2024 16:00:00,92.49,21/08/2024 16:00:00,44.03,21/08/2024 16:00:00,206.25,21/08/2024 16:00:00,28.64,21/08/2024 16:00:00,206.35,21/08/2024 16:00:00,37.59,21/08/2024 16:00:00,17.77,21/08/2024 16:00:00,119.89,,,21/08/2024 16:00:00,144.48,21/08/2024 16:00:00,31.43,21/08/2024 16:00:00,141.8,21/08/2024 16:00:00,36.36,21/08/2024 16:00:00,9.83,21/08/2024 16:00:00,174.1,21/08/2024 16:00:00,373.84,21/08/2024 16:00:00,241.5,21/08/2024 16:00:00,861.88,17/09/2024 16:00:00,0.28,,,21/08/2024 16:00:00,56.3,21/08/2024 16:00:00,104.41,21/08/2024 16:00:00,137.31,21/08/2024 16:00:00,112.37,21/08/2024 16:00:00,126.23,21/08/2024 16:00:00,79.17
22/08/2024 16:00:00,227.79,22/08/2024 16:00:00,113.78,22/08/2024 16:00:00,424.36,22/08/2024 16:00:00,75.37,22/08/2024 16:00:00,197.25,22/08/2024 16:00:00,145.35,22/08/2024 16:00:00,171.74,22/08/2024 16:00:00,19.56,22/08/2024 16:00:00,169.04,22/08/2024 16:00:00,162,22/08/2024 16:00:00,170.88,22/08/2024 16:00:00,29.02,22/08/2024 16:00:00,55.7,22/08/2024 16:00:00,69.92,22/08/2024 16:00:00,120.01,22/08/2024 16:00:00,140.7,22/08/2024 16:00:00,214.58,22/08/2024 16:00:00,116.3,22/08/2024 16:00:00,21.39,22/08/2024 16:00:00,41.1,22/08/2024 16:00:00,175.83,22/08/2024 16:00:00,174.3,22/08/2024 16:00:00,181.38,22/08/2024 16:00:00,111.79,22/08/2024 16:00:00,44.25,22/08/2024 16:00:00,50.72,22/08/2024 16:00:00,40.1,22/08/2024 16:00:00,289.55,22/08/2024 16:00:00,90.99,22/08/2024 16:00:00,268.94,22/08/2024 16:00:00,60.75,22/08/2024 16:00:00,38.78,22/08/2024 16:00:00,371.5,22/08/2024 16:00:00,56.06,22/08/2024 16:00:00,128.18,,,23/08/2024 17:36:00,37.64,22/08/2024 16:00:00,51.89,22/08/2024 16:00:00,109.6,22/08/2024 16:00:00,129.1,22/08/2024 16:00:00,329.5,22/08/2024 16:00:00,246.77,22/08/2024 16:00:00,43.69,22/08/2024 16:00:00,74.5,22/08/2024 16:00:00,343,22/08/2024 16:00:00,246.03,22/08/2024 16:00:00,58.46,22/08/2024 16:00:00,58.79,22/08/2024 16:00:00,26.88,22/08/2024 16:00:00,27.92,22/08/2024 16:00:00,173,22/08/2024 16:00:00,579.25,22/08/2024 16:00:00,48.57,22/08/2024 16:00:00,469.49,22/08/2024 16:00:00,497,22/08/2024 16:00:00,103.85,,,22/08/2024 16:00:00,951.98,22/08/2024 16:00:00,161.39,22/08/2024 16:00:00,80.32,23/08/2024 16:00:00,1.77,22/08/2024 16:00:00,200.75,22/08/2024 16:00:00,84.45,22/08/2024 16:00:00,75.57,22/08/2024 16:00:00,159.9,22/08/2024 16:00:00,87.91,22/08/2024 16:00:00,882.3,22/08/2024 16:00:00,87.52,,,22/08/2024 16:00:00,333.89,22/08/2024 16:00:00,35.31,22/08/2024 16:00:00,104.35,22/08/2024 16:00:00,272.23,22/08/2024 16:00:00,72.79,22/08/2024 16:00:00,10.85,22/08/2024 16:00:00,53.11,03/01/2025 16:00:00,0.01,22/08/2024 16:00:00,92.67,22/08/2024 16:00:00,43.6,22/08/2024 16:00:00,206.76,22/08/2024 16:00:00,28.14,22/08/2024 16:00:00,208.46,22/08/2024 16:00:00,37.75,22/08/2024 16:00:00,17.58,22/08/2024 16:00:00,119.02,,,22/08/2024 16:00:00,145.25,22/08/2024 16:00:00,31.28,22/08/2024 16:00:00,139.56,22/08/2024 16:00:00,36.39,22/08/2024 16:00:00,10.06,22/08/2024 16:00:00,173.56,22/08/2024 16:00:00,377.08,22/08/2024 16:00:00,243,22/08/2024 16:00:00,863.09,18/09/2024 16:00:00,0.27,,,22/08/2024 16:00:00,56.51,22/08/2024 16:00:00,105.32,22/08/2024 16:00:00,137.93,22/08/2024 16:00:00,112.66,22/08/2024 16:00:00,125,22/08/2024 16:00:00,79.68
23/08/2024 16:00:00,225.66,23/08/2024 16:00:00,115.03,23/08/2024 16:00:00,416.98,23/08/2024 16:00:00,75.6,23/08/2024 16:00:00,196.79,23/08/2024 16:00:00,146.53,23/08/2024 16:00:00,170,23/08/2024 16:00:00,19.54,23/08/2024 16:00:00,166.55,23/08/2024 16:00:00,162.5,23/08/2024 16:00:00,170.05,23/08/2024 16:00:00,28.82,23/08/2024 16:00:00,56.42,23/08/2024 16:00:00,69.4,23/08/2024 16:00:00,120.1,23/08/2024 16:00:00,138.73,23/08/2024 16:00:00,217.6,23/08/2024 16:00:00,116.8,23/08/2024 16:00:00,20.32,23/08/2024 16:00:00,40.99,23/08/2024 16:00:00,176.63,23/08/2024 16:00:00,171.76,23/08/2024 16:00:00,177.34,23/08/2024 16:00:00,112.4,23/08/2024 16:00:00,44.5,23/08/2024 16:00:00,50.51,23/08/2024 16:00:00,39.63,23/08/2024 16:00:00,290.38,23/08/2024 16:00:00,90.15,23/08/2024 16:00:00,268.7,23/08/2024 16:00:00,60.87,23/08/2024 16:00:00,39.27,23/08/2024 16:00:00,366.66,23/08/2024 16:00:00,56.68,23/08/2024 16:00:00,127.53,,,26/08/2024 17:36:00,36.97,23/08/2024 16:00:00,51.98,23/08/2024 16:00:00,110.83,23/08/2024 16:00:00,129.23,23/08/2024 16:00:00,326.27,23/08/2024 16:00:00,248,23/08/2024 16:00:00,44.51,23/08/2024 16:00:00,75.4,23/08/2024 16:00:00,344.97,23/08/2024 16:00:00,245,23/08/2024 16:00:00,58.06,23/08/2024 16:00:00,59.22,23/08/2024 16:00:00,26.81,23/08/2024 16:00:00,28.08,23/08/2024 16:00:00,173.88,23/08/2024 16:00:00,581,23/08/2024 16:00:00,47.67,23/08/2024 16:00:00,470.3,23/08/2024 16:00:00,502.75,23/08/2024 16:00:00,104.3,,,23/08/2024 16:00:00,955.44,23/08/2024 16:00:00,162.65,23/08/2024 16:00:00,80.65,26/08/2024 16:00:00,1.8,23/08/2024 16:00:00,201.69,23/08/2024 16:00:00,83.34,23/08/2024 16:00:00,76.09,23/08/2024 16:00:00,157.58,23/08/2024 16:00:00,88.26,23/08/2024 16:00:00,882.49,23/08/2024 16:00:00,86.68,,,23/08/2024 16:00:00,331.66,23/08/2024 16:00:00,35.33,23/08/2024 16:00:00,105,23/08/2024 16:00:00,269.25,23/08/2024 16:00:00,74.31,23/08/2024 16:00:00,10.98,23/08/2024 16:00:00,53.01,06/01/2025 16:00:00,0.01,23/08/2024 16:00:00,92.85,23/08/2024 16:00:00,43.7,23/08/2024 16:00:00,204.5,23/08/2024 16:00:00,28.07,23/08/2024 16:00:00,206.82,23/08/2024 16:00:00,38,23/08/2024 16:00:00,17.6,23/08/2024 16:00:00,120.13,,,23/08/2024 16:00:00,144.59,23/08/2024 16:00:00,31.43,23/08/2024 16:00:00,140.46,23/08/2024 16:00:00,36.66,23/08/2024 16:00:00,10.14,23/08/2024 16:00:00,176.15,23/08/2024 16:00:00,378.8,23/08/2024 16:00:00,241.65,23/08/2024 16:00:00,869.5,27/09/2024 16:00:00,0.29,,,23/08/2024 16:00:00,56.62,23/08/2024 16:00:00,106.99,23/08/2024 16:00:00,137.41,23/08/2024 16:00:00,112.25,23/08/2024 16:00:00,126.25,23/08/2024 16:00:00,79.46
26/08/2024 16:00:00,226.76,26/08/2024 16:00:00,117.76,26/08/2024 16:00:00,416.37,26/08/2024 16:00:00,75.9,26/08/2024 16:00:00,196,26/08/2024 16:00:00,148.97,26/08/2024 16:00:00,170.54,26/08/2024 16:00:00,19.76,26/08/2024 16:00:00,168.16,26/08/2024 16:00:00,164.17,26/08/2024 16:00:00,168.7,26/08/2024 16:00:00,28.92,26/08/2024 16:00:00,57.02,26/08/2024 16:00:00,69.83,26/08/2024 16:00:00,120.03,26/08/2024 16:00:00,139.39,26/08/2024 16:00:00,219.01,26/08/2024 16:00:00,116.73,26/08/2024 16:00:00,20.53,26/08/2024 16:00:00,41.37,26/08/2024 16:00:00,176.32,26/08/2024 16:00:00,171.97,26/08/2024 16:00:00,176.7,26/08/2024 16:00:00,112.74,26/08/2024 16:00:00,46,26/08/2024 16:00:00,50.79,26/08/2024 16:00:00,40.02,26/08/2024 16:00:00,289.25,26/08/2024 16:00:00,90.92,26/08/2024 16:00:00,267.72,26/08/2024 16:00:00,62.36,26/08/2024 16:00:00,40,26/08/2024 16:00:00,377.08,26/08/2024 16:00:00,58.14,26/08/2024 16:00:00,128.87,,,27/08/2024 17:36:00,35.73,26/08/2024 16:00:00,52.51,26/08/2024 16:00:00,113.02,26/08/2024 16:00:00,129.6,26/08/2024 16:00:00,328.41,26/08/2024 16:00:00,252.42,26/08/2024 16:00:00,45.75,26/08/2024 16:00:00,75.55,26/08/2024 16:00:00,349.81,26/08/2024 16:00:00,247.76,26/08/2024 16:00:00,58.7,26/08/2024 16:00:00,58.94,26/08/2024 16:00:00,26.77,26/08/2024 16:00:00,28.21,26/08/2024 16:00:00,173,26/08/2024 16:00:00,588.05,26/08/2024 16:00:00,48.17,26/08/2024 16:00:00,468.1,26/08/2024 16:00:00,512.34,26/08/2024 16:00:00,104.07,,,26/08/2024 16:00:00,949.2,26/08/2024 16:00:00,167.5,26/08/2024 16:00:00,81.56,27/08/2024 16:00:00,1.77,26/08/2024 16:00:00,203.59,26/08/2024 16:00:00,83.47,26/08/2024 16:00:00,76.8,26/08/2024 16:00:00,159.31,26/08/2024 16:00:00,88.6,26/08/2024 16:00:00,883.17,26/08/2024 16:00:00,86.28,,,26/08/2024 16:00:00,333.08,26/08/2024 16:00:00,35.85,26/08/2024 16:00:00,105.32,26/08/2024 16:00:00,269.93,26/08/2024 16:00:00,74.72,26/08/2024 16:00:00,11.32,26/08/2024 16:00:00,54.1,07/01/2025 16:00:00,0.01,26/08/2024 16:00:00,94.2,26/08/2024 16:00:00,45.6,26/08/2024 16:00:00,206.23,26/08/2024 16:00:00,29,26/08/2024 16:00:00,209,26/08/2024 16:00:00,37.97,26/08/2024 16:00:00,18.39,26/08/2024 16:00:00,119.67,,,26/08/2024 16:00:00,143.47,26/08/2024 16:00:00,32.31,26/08/2024 16:00:00,143.44,26/08/2024 16:00:00,37.62,26/08/2024 16:00:00,10.44,26/08/2024 16:00:00,179.29,26/08/2024 16:00:00,381.48,26/08/2024 16:00:00,251.88,26/08/2024 16:00:00,882.76,30/09/2024 16:00:00,0.32,,,26/08/2024 16:00:00,56.61,26/08/2024 16:00:00,107.48,26/08/2024 16:00:00,135.93,26/08/2024 16:00:00,112.53,26/08/2024 16:00:00,129.5,26/08/2024 16:00:00,80
27/08/2024 16:00:00,226,27/08/2024 16:00:00,118.96,27/08/2024 16:00:00,412.86,27/08/2024 16:00:00,76.45,27/08/2024 16:00:00,197.44,27/08/2024 16:00:00,148.67,27/08/2024 16:00:00,170.7,27/08/2024 16:00:00,19.74,27/08/2024 16:00:00,167.61,27/08/2024 16:00:00,163.5,27/08/2024 16:00:00,170.83,27/08/2024 16:00:00,28.98,27/08/2024 16:00:00,56.71,27/08/2024 16:00:00,71.32,27/08/2024 16:00:00,121.76,27/08/2024 16:00:00,137.85,27/08/2024 16:00:00,219.51,27/08/2024 16:00:00,116.27,27/08/2024 16:00:00,20.13,27/08/2024 16:00:00,41.55,27/08/2024 16:00:00,176.31,27/08/2024 16:00:00,169.17,27/08/2024 16:00:00,174.15,27/08/2024 16:00:00,113.06,27/08/2024 16:00:00,45.45,27/08/2024 16:00:00,50.67,27/08/2024 16:00:00,40.17,27/08/2024 16:00:00,289.08,27/08/2024 16:00:00,91.43,27/08/2024 16:00:00,268.52,27/08/2024 16:00:00,61.91,27/08/2024 16:00:00,40,27/08/2024 16:00:00,373.49,27/08/2024 16:00:00,57.34,27/08/2024 16:00:00,129.66,,,28/08/2024 17:36:00,35.91,27/08/2024 16:00:00,52.91,27/08/2024 16:00:00,113.66,27/08/2024 16:00:00,131.32,27/08/2024 16:00:00,328.42,27/08/2024 16:00:00,253.7,27/08/2024 16:00:00,45.6,27/08/2024 16:00:00,74.98,27/08/2024 16:00:00,350.35,27/08/2024 16:00:00,248.49,27/08/2024 16:00:00,58.62,27/08/2024 16:00:00,58.9,27/08/2024 16:00:00,26.62,27/08/2024 16:00:00,28.02,27/08/2024 16:00:00,173.62,27/08/2024 16:00:00,589.47,27/08/2024 16:00:00,48.36,27/08/2024 16:00:00,471.08,27/08/2024 16:00:00,507.84,27/08/2024 16:00:00,105.31,,,27/08/2024 16:00:00,952.5,27/08/2024 16:00:00,166.31,27/08/2024 16:00:00,81.8,28/08/2024 16:00:00,1.8,27/08/2024 16:00:00,203.97,27/08/2024 16:00:00,84.07,27/08/2024 16:00:00,77.21,27/08/2024 16:00:00,158.9,27/08/2024 16:00:00,89.56,27/08/2024 16:00:00,892.69,27/08/2024 16:00:00,86.32,,,27/08/2024 16:00:00,335.18,27/08/2024 16:00:00,35.5,27/08/2024 16:00:00,104.56,27/08/2024 16:00:00,268.67,27/08/2024 16:00:00,74.97,27/08/2024 16:00:00,11.12,27/08/2024 16:00:00,53.89,09/01/2025 16:00:00,0.01,27/08/2024 16:00:00,95.4,27/08/2024 16:00:00,44.97,27/08/2024 16:00:00,204.86,27/08/2024 16:00:00,28.81,27/08/2024 16:00:00,207.92,27/08/2024 16:00:00,38,27/08/2024 16:00:00,17.93,27/08/2024 16:00:00,119.49,,,27/08/2024 16:00:00,144.05,27/08/2024 16:00:00,31.84,27/08/2024 16:00:00,142.71,27/08/2024 16:00:00,37.94,27/08/2024 16:00:00,10.01,27/08/2024 16:00:00,178.02,27/08/2024 16:00:00,381.5,27/08/2024 16:00:00,249.86,27/08/2024 16:00:00,883.5,01/10/2024 16:00:00,0.32,,,27/08/2024 16:00:00,56.47,27/08/2024 16:00:00,107.79,27/08/2024 16:00:00,134.2,27/08/2024 16:00:00,112.77,27/08/2024 16:00:00,130.49,27/08/2024 16:00:00,80.36
28/08/2024 16:00:00,227.92,28/08/2024 16:00:00,117,28/08/2024 16:00:00,414.88,28/08/2024 16:00:00,76.28,28/08/2024 16:00:00,199,28/08/2024 16:00:00,146.44,28/08/2024 16:00:00,171.2,28/08/2024 16:00:00,19.68,28/08/2024 16:00:00,166.78,28/08/2024 16:00:00,163,28/08/2024 16:00:00,169.42,28/08/2024 16:00:00,28.78,28/08/2024 16:00:00,56.06,28/08/2024 16:00:00,71.61,28/08/2024 16:00:00,122.65,28/08/2024 16:00:00,138.83,28/08/2024 16:00:00,219.25,28/08/2024 16:00:00,116.6,28/08/2024 16:00:00,19.98,28/08/2024 16:00:00,41.49,28/08/2024 16:00:00,175.55,28/08/2024 16:00:00,174.38,28/08/2024 16:00:00,173.69,28/08/2024 16:00:00,113.1,28/08/2024 16:00:00,43.96,28/08/2024 16:00:00,50.45,28/08/2024 16:00:00,40.25,28/08/2024 16:00:00,289.95,28/08/2024 16:00:00,90.33,28/08/2024 16:00:00,271.16,28/08/2024 16:00:00,61.35,28/08/2024 16:00:00,39.34,28/08/2024 16:00:00,373,28/08/2024 16:00:00,56.54,28/08/2024 16:00:00,127.61,,,29/08/2024 17:36:00,36.55,28/08/2024 16:00:00,53.15,28/08/2024 16:00:00,112.04,28/08/2024 16:00:00,131.4,28/08/2024 16:00:00,325.94,28/08/2024 16:00:00,254.21,28/08/2024 16:00:00,45.57,28/08/2024 16:00:00,74.25,28/08/2024 16:00:00,350.59,28/08/2024 16:00:00,250.47,28/08/2024 16:00:00,57.5,28/08/2024 16:00:00,59.21,28/08/2024 16:00:00,26.71,28/08/2024 16:00:00,27.98,28/08/2024 16:00:00,172.3,28/08/2024 16:00:00,589.01,28/08/2024 16:00:00,48.12,28/08/2024 16:00:00,475,28/08/2024 16:00:00,506.6,28/08/2024 16:00:00,106.41,,,28/08/2024 16:00:00,954.15,28/08/2024 16:00:00,168.04,28/08/2024 16:00:00,82.12,29/08/2024 16:00:00,1.8,28/08/2024 16:00:00,206.61,28/08/2024 16:00:00,85.05,28/08/2024 16:00:00,77.46,28/08/2024 16:00:00,157.75,28/08/2024 16:00:00,88.97,28/08/2024 16:00:00,910.96,28/08/2024 16:00:00,86.03,,,28/08/2024 16:00:00,340.56,28/08/2024 16:00:00,35.52,28/08/2024 16:00:00,103.84,28/08/2024 16:00:00,268.03,28/08/2024 16:00:00,75.01,28/08/2024 16:00:00,11.1,28/08/2024 16:00:00,53.35,10/01/2025 16:00:00,0.01,28/08/2024 16:00:00,98.22,28/08/2024 16:00:00,44.05,28/08/2024 16:00:00,203.76,28/08/2024 16:00:00,28.05,28/08/2024 16:00:00,210.63,28/08/2024 16:00:00,37.71,28/08/2024 16:00:00,17.63,28/08/2024 16:00:00,120.5,,,28/08/2024 16:00:00,144.11,28/08/2024 16:00:00,31.22,28/08/2024 16:00:00,142.07,28/08/2024 16:00:00,37.94,28/08/2024 16:00:00,9.91,28/08/2024 16:00:00,178.58,28/08/2024 16:00:00,374.99,28/08/2024 16:00:00,248.48,28/08/2024 16:00:00,886.44,08/10/2024 16:00:00,0.28,,,28/08/2024 16:00:00,56.14,28/08/2024 16:00:00,107.85,28/08/2024 16:00:00,134.75,28/08/2024 16:00:00,112.39,28/08/2024 16:00:00,127.59,28/08/2024 16:00:00,79.73
29/08/2024 16:00:00,230.1,29/08/2024 16:00:00,117.2,29/08/2024 16:00:00,414.94,29/08/2024 16:00:00,75.99,29/08/2024 16:00:00,199.3,29/08/2024 16:00:00,146.46,29/08/2024 16:00:00,172.62,29/08/2024 16:00:00,19.8,29/08/2024 16:00:00,166.06,29/08/2024 16:00:00,164.63,29/08/2024 16:00:00,169.75,29/08/2024 16:00:00,28.87,29/08/2024 16:00:00,57.31,29/08/2024 16:00:00,71.9,29/08/2024 16:00:00,122.86,29/08/2024 16:00:00,139.14,29/08/2024 16:00:00,222.15,29/08/2024 16:00:00,117.93,29/08/2024 16:00:00,19.76,29/08/2024 16:00:00,41.54,29/08/2024 16:00:00,173.76,29/08/2024 16:00:00,173.42,29/08/2024 16:00:00,173.22,29/08/2024 16:00:00,113.3,29/08/2024 16:00:00,44.24,29/08/2024 16:00:00,49.97,29/08/2024 16:00:00,40.02,29/08/2024 16:00:00,287.78,29/08/2024 16:00:00,90.45,29/08/2024 16:00:00,270.98,29/08/2024 16:00:00,62.01,29/08/2024 16:00:00,40.05,29/08/2024 16:00:00,372.61,29/08/2024 16:00:00,57,29/08/2024 16:00:00,128.02,,,30/08/2024 17:36:00,37.39,29/08/2024 16:00:00,53.31,29/08/2024 16:00:00,112.98,29/08/2024 16:00:00,131.65,29/08/2024 16:00:00,331.67,29/08/2024 16:00:00,258,29/08/2024 16:00:00,46.37,29/08/2024 16:00:00,75.88,29/08/2024 16:00:00,351.22,29/08/2024 16:00:00,253.81,29/08/2024 16:00:00,57.35,29/08/2024 16:00:00,58,29/08/2024 16:00:00,26.67,29/08/2024 16:00:00,28.11,29/08/2024 16:00:00,171.71,29/08/2024 16:00:00,590.68,29/08/2024 16:00:00,49.27,29/08/2024 16:00:00,474.47,29/08/2024 16:00:00,506,29/08/2024 16:00:00,105.8,,,29/08/2024 16:00:00,955,29/08/2024 16:00:00,168,29/08/2024 16:00:00,82.89,30/08/2024 16:00:00,1.92,29/08/2024 16:00:00,206.32,29/08/2024 16:00:00,83.45,29/08/2024 16:00:00,78.93,29/08/2024 16:00:00,156.26,29/08/2024 16:00:00,88.89,29/08/2024 16:00:00,891,29/08/2024 16:00:00,85.59,,,29/08/2024 16:00:00,340.25,29/08/2024 16:00:00,34.11,29/08/2024 16:00:00,104.22,29/08/2024 16:00:00,267.03,29/08/2024 16:00:00,76.11,29/08/2024 16:00:00,11.02,29/08/2024 16:00:00,53.91,14/01/2025 16:00:00,0.01,29/08/2024 16:00:00,95.47,29/08/2024 16:00:00,43.88,29/08/2024 16:00:00,206,29/08/2024 16:00:00,28.75,29/08/2024 16:00:00,210.64,29/08/2024 16:00:00,38,29/08/2024 16:00:00,18.03,29/08/2024 16:00:00,119.3,,,29/08/2024 16:00:00,144.03,29/08/2024 16:00:00,31.37,29/08/2024 16:00:00,145.32,29/08/2024 16:00:00,38.05,29/08/2024 16:00:00,9.87,29/08/2024 16:00:00,182.71,29/08/2024 16:00:00,379.79,29/08/2024 16:00:00,250,29/08/2024 16:00:00,888.66,09/10/2024 16:00:00,0.28,,,29/08/2024 16:00:00,56.19,29/08/2024 16:00:00,108.83,29/08/2024 16:00:00,135.81,29/08/2024 16:00:00,112.7,29/08/2024 16:00:00,129.37,29/08/2024 16:00:00,79.53
30/08/2024 16:00:00,230.19,30/08/2024 16:00:00,116.79,30/08/2024 16:00:00,415.6,30/08/2024 16:00:00,76.44,30/08/2024 16:00:00,199.11,30/08/2024 16:00:00,146.22,30/08/2024 16:00:00,173.96,30/08/2024 16:00:00,19.76,30/08/2024 16:00:00,164.22,30/08/2024 16:00:00,164.12,30/08/2024 16:00:00,170.16,30/08/2024 16:00:00,28.72,30/08/2024 16:00:00,57.45,30/08/2024 16:00:00,72.2,30/08/2024 16:00:00,122.73,30/08/2024 16:00:00,140.33,30/08/2024 16:00:00,222.5,30/08/2024 16:00:00,117.27,30/08/2024 16:00:00,21.25,30/08/2024 16:00:00,41.3,30/08/2024 16:00:00,172.06,30/08/2024 16:00:00,172.29,30/08/2024 16:00:00,172.78,30/08/2024 16:00:00,113,30/08/2024 16:00:00,43.82,30/08/2024 16:00:00,50.55,30/08/2024 16:00:00,39.73,30/08/2024 16:00:00,287.56,30/08/2024 16:00:00,89.98,30/08/2024 16:00:00,275,30/08/2024 16:00:00,61.95,30/08/2024 16:00:00,40.17,30/08/2024 16:00:00,369.24,30/08/2024 16:00:00,57.04,30/08/2024 16:00:00,127.51,,,02/09/2024 17:36:00,37.75,30/08/2024 16:00:00,53.45,30/08/2024 16:00:00,113.12,30/08/2024 16:00:00,133.07,30/08/2024 16:00:00,331.95,30/08/2024 16:00:00,260.49,30/08/2024 16:00:00,46.67,30/08/2024 16:00:00,76.37,30/08/2024 16:00:00,352.59,30/08/2024 16:00:00,251.92,30/08/2024 16:00:00,56.96,30/08/2024 16:00:00,58.53,30/08/2024 16:00:00,26.73,30/08/2024 16:00:00,27.97,30/08/2024 16:00:00,173.14,30/08/2024 16:00:00,590,30/08/2024 16:00:00,49.72,30/08/2024 16:00:00,481.84,30/08/2024 16:00:00,507.83,30/08/2024 16:00:00,105.85,,,30/08/2024 16:00:00,945,30/08/2024 16:00:00,166.54,30/08/2024 16:00:00,83.42,03/09/2024 16:00:00,1.98,30/08/2024 16:00:00,207.98,30/08/2024 16:00:00,83.6,30/08/2024 16:00:00,79.43,30/08/2024 16:00:00,153.69,30/08/2024 16:00:00,88.33,30/08/2024 16:00:00,890.5,30/08/2024 16:00:00,85.91,,,30/08/2024 16:00:00,341,30/08/2024 16:00:00,35.65,30/08/2024 16:00:00,104.29,30/08/2024 16:00:00,268.3,30/08/2024 16:00:00,76.95,30/08/2024 16:00:00,11.15,30/08/2024 16:00:00,53.19,15/01/2025 16:00:00,0.01,30/08/2024 16:00:00,94.99,30/08/2024 16:00:00,43.89,30/08/2024 16:00:00,205.82,30/08/2024 16:00:00,28.9,30/08/2024 16:00:00,212.58,30/08/2024 16:00:00,37.99,30/08/2024 16:00:00,17.78,30/08/2024 16:00:00,117.5,,,30/08/2024 16:00:00,143.48,30/08/2024 16:00:00,31.08,30/08/2024 16:00:00,145.68,30/08/2024 16:00:00,37.96,30/08/2024 16:00:00,9.95,30/08/2024 16:00:00,183.17,30/08/2024 16:00:00,382.2,30/08/2024 16:00:00,247.85,30/08/2024 16:00:00,898.29,10/10/2024 16:00:00,0.28,,,30/08/2024 16:00:00,55.56,30/08/2024 16:00:00,109.69,30/08/2024 16:00:00,135.44,30/08/2024 16:00:00,113,30/08/2024 16:00:00,128.43,30/08/2024 16:00:00,79.59
03/09/2024 16:00:00,228.55,03/09/2024 16:00:00,115.84,03/09/2024 16:00:00,417.91,03/09/2024 16:00:00,77.33,03/09/2024 16:00:00,201.91,03/09/2024 16:00:00,145.55,03/09/2024 16:00:00,174.19,03/09/2024 16:00:00,19.93,03/09/2024 16:00:00,163.32,03/09/2024 16:00:00,165.24,03/09/2024 16:00:00,171.03,03/09/2024 16:00:00,28.65,03/09/2024 16:00:00,58.62,03/09/2024 16:00:00,72.44,03/09/2024 16:00:00,123.57,03/09/2024 16:00:00,140.45,03/09/2024 16:00:00,222.3,03/09/2024 16:00:00,118.26,03/09/2024 16:00:00,21.54,03/09/2024 16:00:00,41.96,03/09/2024 16:00:00,172.38,03/09/2024 16:00:00,171.89,03/09/2024 16:00:00,177.55,03/09/2024 16:00:00,113.36,03/09/2024 16:00:00,43.16,03/09/2024 16:00:00,50.31,03/09/2024 16:00:00,39.68,03/09/2024 16:00:00,286.36,03/09/2024 16:00:00,89.61,03/09/2024 16:00:00,276.37,03/09/2024 16:00:00,62.04,03/09/2024 16:00:00,40.58,03/09/2024 16:00:00,367.9,03/09/2024 16:00:00,56.22,03/09/2024 16:00:00,127.59,,,03/09/2024 17:36:00,38.27,03/09/2024 16:00:00,53.78,03/09/2024 16:00:00,111.9,03/09/2024 16:00:00,133.01,03/09/2024 16:00:00,331.89,03/09/2024 16:00:00,255.77,03/09/2024 16:00:00,47.28,03/09/2024 16:00:00,76.75,03/09/2024 16:00:00,352.21,03/09/2024 16:00:00,255.87,03/09/2024 16:00:00,57.2,03/09/2024 16:00:00,58.9,03/09/2024 16:00:00,26.5,03/09/2024 16:00:00,28.08,03/09/2024 16:00:00,167.03,03/09/2024 16:00:00,592.52,03/09/2024 16:00:00,49.71,03/09/2024 16:00:00,482.47,03/09/2024 16:00:00,507.47,03/09/2024 16:00:00,106.5,,,03/09/2024 16:00:00,957.77,03/09/2024 16:00:00,164.05,03/09/2024 16:00:00,83.5,04/09/2024 16:00:00,1.98,03/09/2024 16:00:00,207.65,03/09/2024 16:00:00,82.71,03/09/2024 16:00:00,79.79,03/09/2024 16:00:00,152.99,03/09/2024 16:00:00,88.27,03/09/2024 16:00:00,896.68,03/09/2024 16:00:00,86.43,,,03/09/2024 16:00:00,341.36,03/09/2024 16:00:00,35.99,03/09/2024 16:00:00,104.58,03/09/2024 16:00:00,267.05,03/09/2024 16:00:00,76.94,03/09/2024 16:00:00,11.08,03/09/2024 16:00:00,52.72,16/01/2025 16:00:00,0.01,03/09/2024 16:00:00,94.13,03/09/2024 16:00:00,42.36,03/09/2024 16:00:00,204.22,03/09/2024 16:00:00,27.9,03/09/2024 16:00:00,211.95,03/09/2024 16:00:00,38.12,03/09/2024 16:00:00,17.38,03/09/2024 16:00:00,117.86,,,03/09/2024 16:00:00,145,03/09/2024 16:00:00,30.52,03/09/2024 16:00:00,145.47,03/09/2024 16:00:00,37.83,03/09/2024 16:00:00,9.99,03/09/2024 16:00:00,184.19,03/09/2024 16:00:00,384.86,03/09/2024 16:00:00,247.2,03/09/2024 16:00:00,899.07,15/10/2024 16:00:00,0.27,,,03/09/2024 16:00:00,55.69,03/09/2024 16:00:00,110.27,03/09/2024 16:00:00,134.6,03/09/2024 16:00:00,114,03/09/2024 16:00:00,127.03,03/09/2024 16:00:00,80.77
04/09/2024 16:00:00,221.66,04/09/2024 16:00:00,115.29,04/09/2024 16:00:00,405.91,04/09/2024 16:00:00,77.33,04/09/2024 16:00:00,200.76,04/09/2024 16:00:00,144.64,04/09/2024 16:00:00,163.5,04/09/2024 16:00:00,20.49,04/09/2024 16:00:00,158.07,04/09/2024 16:00:00,167.81,04/09/2024 16:00:00,173.63,04/09/2024 16:00:00,28.29,04/09/2024 16:00:00,58.49,04/09/2024 16:00:00,73.3,04/09/2024 16:00:00,126,04/09/2024 16:00:00,138.44,04/09/2024 16:00:00,221.04,04/09/2024 16:00:00,116.66,04/09/2024 16:00:00,19.76,04/09/2024 16:00:00,43,04/09/2024 16:00:00,177.9,04/09/2024 16:00:00,163,04/09/2024 16:00:00,174.48,04/09/2024 16:00:00,114.69,04/09/2024 16:00:00,42.04,04/09/2024 16:00:00,49.82,04/09/2024 16:00:00,39.7,04/09/2024 16:00:00,286.55,04/09/2024 16:00:00,88.95,04/09/2024 16:00:00,278.71,04/09/2024 16:00:00,61.57,04/09/2024 16:00:00,40.66,04/09/2024 16:00:00,364.17,04/09/2024 16:00:00,55.4,04/09/2024 16:00:00,127.69,,,04/09/2024 17:36:00,37.49,04/09/2024 16:00:00,54.24,04/09/2024 16:00:00,110.33,04/09/2024 16:00:00,131.19,04/09/2024 16:00:00,329.93,04/09/2024 16:00:00,254.99,04/09/2024 16:00:00,46.35,04/09/2024 16:00:00,76.39,04/09/2024 16:00:00,338.59,04/09/2024 16:00:00,255.44,04/09/2024 16:00:00,57.39,04/09/2024 16:00:00,58.84,04/09/2024 16:00:00,26.21,04/09/2024 16:00:00,26.93,04/09/2024 16:00:00,160.28,04/09/2024 16:00:00,600,04/09/2024 16:00:00,50.72,04/09/2024 16:00:00,482.09,04/09/2024 16:00:00,486.7,04/09/2024 16:00:00,108.16,,,04/09/2024 16:00:00,949.75,04/09/2024 16:00:00,164,04/09/2024 16:00:00,82.3,05/09/2024 16:00:00,2.07,04/09/2024 16:00:00,205.27,04/09/2024 16:00:00,80.1,04/09/2024 16:00:00,79.67,04/09/2024 16:00:00,152.65,04/09/2024 16:00:00,88.8,04/09/2024 16:00:00,877.45,04/09/2024 16:00:00,89.43,,,04/09/2024 16:00:00,340,04/09/2024 16:00:00,35.35,04/09/2024 16:00:00,101.75,04/09/2024 16:00:00,262.24,04/09/2024 16:00:00,78.05,04/09/2024 16:00:00,10.99,04/09/2024 16:00:00,51.92,17/01/2025 16:00:00,0.01,04/09/2024 16:00:00,93.37,04/09/2024 16:00:00,41.33,04/09/2024 16:00:00,205.72,04/09/2024 16:00:00,26.63,04/09/2024 16:00:00,201.62,04/09/2024 16:00:00,38.67,04/09/2024 16:00:00,17.18,04/09/2024 16:00:00,117.09,,,04/09/2024 16:00:00,147.75,04/09/2024 16:00:00,29.9,04/09/2024 16:00:00,146.32,04/09/2024 16:00:00,37.6,04/09/2024 16:00:00,10,04/09/2024 16:00:00,184.5,04/09/2024 16:00:00,386.54,04/09/2024 16:00:00,244.86,04/09/2024 16:00:00,880.33,16/10/2024 16:00:00,0.28,,,04/09/2024 16:00:00,57.12,04/09/2024 16:00:00,109.96,04/09/2024 16:00:00,133.93,04/09/2024 16:00:00,116.48,04/09/2024 16:00:00,123.99,04/09/2024 16:00:00,80.41
05/09/2024 16:00:00,221.63,05/09/2024 16:00:00,115.07,05/09/2024 16:00:00,407.62,05/09/2024 16:00:00,77.25,05/09/2024 16:00:00,204.08,05/09/2024 16:00:00,143.17,05/09/2024 16:00:00,164.78,05/09/2024 16:00:00,20.71,05/09/2024 16:00:00,157.78,05/09/2024 16:00:00,167.2,05/09/2024 16:00:00,175.99,05/09/2024 16:00:00,28.43,05/09/2024 16:00:00,58.62,05/09/2024 16:00:00,72.62,05/09/2024 16:00:00,126.88,05/09/2024 16:00:00,141.4,05/09/2024 16:00:00,220.15,05/09/2024 16:00:00,116.61,05/09/2024 16:00:00,19.28,05/09/2024 16:00:00,41.31,05/09/2024 16:00:00,178.73,05/09/2024 16:00:00,163.08,05/09/2024 16:00:00,175,05/09/2024 16:00:00,114.26,05/09/2024 16:00:00,41.69,05/09/2024 16:00:00,49.5,05/09/2024 16:00:00,38.91,05/09/2024 16:00:00,289,05/09/2024 16:00:00,89.67,05/09/2024 16:00:00,281,05/09/2024 16:00:00,61.61,05/09/2024 16:00:00,40.8,05/09/2024 16:00:00,364.9,05/09/2024 16:00:00,55.05,05/09/2024 16:00:00,129.29,,,05/09/2024 17:36:00,37.78,05/09/2024 16:00:00,54.88,05/09/2024 16:00:00,109.22,05/09/2024 16:00:00,131.92,05/09/2024 16:00:00,330.9,05/09/2024 16:00:00,252.71,05/09/2024 16:00:00,46.54,05/09/2024 16:00:00,77.24,05/09/2024 16:00:00,336.02,05/09/2024 16:00:00,255.8,05/09/2024 16:00:00,59.5,05/09/2024 16:00:00,58.97,05/09/2024 16:00:00,26.22,05/09/2024 16:00:00,27.17,05/09/2024 16:00:00,164.15,05/09/2024 16:00:00,604.19,05/09/2024 16:00:00,50.08,05/09/2024 16:00:00,483.14,05/09/2024 16:00:00,493.58,05/09/2024 16:00:00,109,,,05/09/2024 16:00:00,941.16,05/09/2024 16:00:00,166.64,05/09/2024 16:00:00,81.92,06/09/2024 16:00:00,1.98,05/09/2024 16:00:00,205.19,05/09/2024 16:00:00,81.13,05/09/2024 16:00:00,78.95,05/09/2024 16:00:00,153.06,05/09/2024 16:00:00,91.16,05/09/2024 16:00:00,888.63,05/09/2024 16:00:00,89.98,,,05/09/2024 16:00:00,344.22,05/09/2024 16:00:00,34.84,05/09/2024 16:00:00,100.37,05/09/2024 16:00:00,264.33,05/09/2024 16:00:00,78,05/09/2024 16:00:00,11.08,05/09/2024 16:00:00,51.62,20/01/2025 16:00:00,0.01,05/09/2024 16:00:00,92.17,05/09/2024 16:00:00,42.09,05/09/2024 16:00:00,205.19,05/09/2024 16:00:00,26.3,05/09/2024 16:00:00,202.3,05/09/2024 16:00:00,39.11,05/09/2024 16:00:00,17.03,05/09/2024 16:00:00,117.62,,,05/09/2024 16:00:00,148.86,05/09/2024 16:00:00,29.74,05/09/2024 16:00:00,144.79,05/09/2024 16:00:00,37.57,05/09/2024 16:00:00,10.13,05/09/2024 16:00:00,183.8,05/09/2024 16:00:00,392,05/09/2024 16:00:00,246.35,05/09/2024 16:00:00,889.7,17/10/2024 16:00:00,0.28,,,05/09/2024 16:00:00,57.97,05/09/2024 16:00:00,110.53,05/09/2024 16:00:00,134.8,05/09/2024 16:00:00,117.77,05/09/2024 16:00:00,123.67,05/09/2024 16:00:00,81.96
06/09/2024 16:00:00,223.95,06/09/2024 16:00:00,113.59,06/09/2024 16:00:00,409.06,06/09/2024 16:00:00,76.9,06/09/2024 16:00:00,202.38,06/09/2024 16:00:00,141.07,06/09/2024 16:00:00,164.51,06/09/2024 16:00:00,20.65,06/09/2024 16:00:00,158.69,06/09/2024 16:00:00,165.18,06/09/2024 16:00:00,175.76,06/09/2024 16:00:00,28.56,06/09/2024 16:00:00,56.68,06/09/2024 16:00:00,70.99,06/09/2024 16:00:00,125.06,06/09/2024 16:00:00,143.79,06/09/2024 16:00:00,217.6,06/09/2024 16:00:00,119.1,06/09/2024 16:00:00,19.44,06/09/2024 16:00:00,41.36,06/09/2024 16:00:00,177.44,06/09/2024 16:00:00,162.74,06/09/2024 16:00:00,177.24,06/09/2024 16:00:00,113.63,06/09/2024 16:00:00,41.2,06/09/2024 16:00:00,48.87,06/09/2024 16:00:00,39.8,06/09/2024 16:00:00,287.82,06/09/2024 16:00:00,88.45,06/09/2024 16:00:00,277.77,06/09/2024 16:00:00,60.7,06/09/2024 16:00:00,39.77,06/09/2024 16:00:00,362.92,06/09/2024 16:00:00,53.72,06/09/2024 16:00:00,127.67,,,06/09/2024 17:36:00,37.57,06/09/2024 16:00:00,54.27,06/09/2024 16:00:00,107.73,06/09/2024 16:00:00,130.5,06/09/2024 16:00:00,324.7,06/09/2024 16:00:00,251.29,06/09/2024 16:00:00,45.61,06/09/2024 16:00:00,73.71,06/09/2024 16:00:00,334.2,06/09/2024 16:00:00,251.4,06/09/2024 16:00:00,58.14,06/09/2024 16:00:00,59.17,06/09/2024 16:00:00,25.85,06/09/2024 16:00:00,27,06/09/2024 16:00:00,162.5,06/09/2024 16:00:00,595.87,06/09/2024 16:00:00,49.79,06/09/2024 16:00:00,477.11,06/09/2024 16:00:00,486.6,06/09/2024 16:00:00,108.57,,,06/09/2024 16:00:00,917.76,06/09/2024 16:00:00,164.57,06/09/2024 16:00:00,81.06,09/09/2024 16:00:00,1.98,06/09/2024 16:00:00,203,06/09/2024 16:00:00,80.88,06/09/2024 16:00:00,79.11,06/09/2024 16:00:00,151.61,06/09/2024 16:00:00,89.72,06/09/2024 16:00:00,891.26,06/09/2024 16:00:00,89.54,,,06/09/2024 16:00:00,340.7,06/09/2024 16:00:00,34.27,06/09/2024 16:00:00,99.96,06/09/2024 16:00:00,265.52,06/09/2024 16:00:00,76.33,06/09/2024 16:00:00,10.78,06/09/2024 16:00:00,51.25,21/01/2025 16:00:00,0.01,06/09/2024 16:00:00,91.5,06/09/2024 16:00:00,41.13,06/09/2024 16:00:00,202.53,06/09/2024 16:00:00,25.95,06/09/2024 16:00:00,201.5,06/09/2024 16:00:00,38.45,06/09/2024 16:00:00,16.67,06/09/2024 16:00:00,117.69,,,06/09/2024 16:00:00,146.83,06/09/2024 16:00:00,29.06,06/09/2024 16:00:00,142.1,06/09/2024 16:00:00,38.82,06/09/2024 16:00:00,10.08,06/09/2024 16:00:00,180.71,06/09/2024 16:00:00,384.84,06/09/2024 16:00:00,244.85,06/09/2024 16:00:00,878.14,25/10/2024 16:00:00,0.28,,,06/09/2024 16:00:00,57.49,06/09/2024 16:00:00,109.76,06/09/2024 16:00:00,134.42,06/09/2024 16:00:00,117.05,06/09/2024 16:00:00,122,06/09/2024 16:00:00,80.86
09/09/2024 16:00:00,220.82,09/09/2024 16:00:00,112.87,09/09/2024 16:00:00,407.24,09/09/2024 16:00:00,76.85,09/09/2024 16:00:00,201.94,09/09/2024 16:00:00,138.64,09/09/2024 16:00:00,163.49,09/09/2024 16:00:00,20.96,09/09/2024 16:00:00,153.63,09/09/2024 16:00:00,164.84,09/09/2024 16:00:00,175.54,09/09/2024 16:00:00,28.54,09/09/2024 16:00:00,54.73,09/09/2024 16:00:00,71.23,09/09/2024 16:00:00,125.72,09/09/2024 16:00:00,142.49,09/09/2024 16:00:00,215.19,09/09/2024 16:00:00,113.15,09/09/2024 16:00:00,19,09/09/2024 16:00:00,41.26,09/09/2024 16:00:00,177.05,09/09/2024 16:00:00,161.09,09/09/2024 16:00:00,174.53,09/09/2024 16:00:00,114.46,09/09/2024 16:00:00,40.8,09/09/2024 16:00:00,48.47,09/09/2024 16:00:00,39.74,09/09/2024 16:00:00,290.03,09/09/2024 16:00:00,88.22,09/09/2024 16:00:00,282.09,09/09/2024 16:00:00,59.91,09/09/2024 16:00:00,39.25,09/09/2024 16:00:00,362.76,09/09/2024 16:00:00,52.15,09/09/2024 16:00:00,127.8,,,09/09/2024 17:36:00,37.66,09/09/2024 16:00:00,53.7,09/09/2024 16:00:00,106.05,09/09/2024 16:00:00,129.39,09/09/2024 16:00:00,322.52,09/09/2024 16:00:00,248.25,09/09/2024 16:00:00,44.93,09/09/2024 16:00:00,72.51,09/09/2024 16:00:00,333.91,09/09/2024 16:00:00,250.71,09/09/2024 16:00:00,57.95,09/09/2024 16:00:00,59.35,09/09/2024 16:00:00,26.04,09/09/2024 16:00:00,26.63,09/09/2024 16:00:00,162.3,09/09/2024 16:00:00,598.32,09/09/2024 16:00:00,48.72,09/09/2024 16:00:00,480.5,09/09/2024 16:00:00,485.53,09/09/2024 16:00:00,107.36,,,09/09/2024 16:00:00,912.57,09/09/2024 16:00:00,162.09,09/09/2024 16:00:00,79.6,10/09/2024 16:00:00,1.98,09/09/2024 16:00:00,199.98,09/09/2024 16:00:00,80.75,09/09/2024 16:00:00,78.4,09/09/2024 16:00:00,151.37,09/09/2024 16:00:00,90,09/09/2024 16:00:00,884.74,09/09/2024 16:00:00,88.44,,,09/09/2024 16:00:00,340.63,09/09/2024 16:00:00,34.28,09/09/2024 16:00:00,99.26,09/09/2024 16:00:00,267.62,09/09/2024 16:00:00,74.71,09/09/2024 16:00:00,10.61,09/09/2024 16:00:00,50.73,22/01/2025 16:00:00,0.01,09/09/2024 16:00:00,91.22,09/09/2024 16:00:00,40.62,09/09/2024 16:00:00,200.44,09/09/2024 16:00:00,25.3,09/09/2024 16:00:00,202.09,09/09/2024 16:00:00,38.38,09/09/2024 16:00:00,16.32,09/09/2024 16:00:00,116,,,09/09/2024 16:00:00,146.69,09/09/2024 16:00:00,28.6,09/09/2024 16:00:00,140.42,09/09/2024 16:00:00,39.05,09/09/2024 16:00:00,9.97,09/09/2024 16:00:00,178.48,09/09/2024 16:00:00,384.14,09/09/2024 16:00:00,245.25,09/09/2024 16:00:00,873.44,29/10/2024 16:00:00,0.29,,,09/09/2024 16:00:00,57.18,09/09/2024 16:00:00,109.3,09/09/2024 16:00:00,133.81,09/09/2024 16:00:00,116.93,09/09/2024 16:00:00,120.86,09/09/2024 16:00:00,80.11
10/09/2024 16:00:00,218.92,10/09/2024 16:00:00,115.1,10/09/2024 16:00:00,408.2,10/09/2024 16:00:00,77.35,10/09/2024 16:00:00,204.2,10/09/2024 16:00:00,140.9,10/09/2024 16:00:00,167.45,10/09/2024 16:00:00,21.45,10/09/2024 16:00:00,151.45,10/09/2024 16:00:00,167.5,10/09/2024 16:00:00,175.91,10/09/2024 16:00:00,29.42,10/09/2024 16:00:00,56,10/09/2024 16:00:00,71.97,10/09/2024 16:00:00,127.36,10/09/2024 16:00:00,154.23,10/09/2024 16:00:00,218.6,10/09/2024 16:00:00,115.21,10/09/2024 16:00:00,19.03,10/09/2024 16:00:00,42.79,10/09/2024 16:00:00,178.65,10/09/2024 16:00:00,160,10/09/2024 16:00:00,177.49,10/09/2024 16:00:00,116.15,10/09/2024 16:00:00,40.48,10/09/2024 16:00:00,48.79,10/09/2024 16:00:00,39.82,10/09/2024 16:00:00,292.81,10/09/2024 16:00:00,88.33,10/09/2024 16:00:00,285.93,10/09/2024 16:00:00,59.89,10/09/2024 16:00:00,39.84,10/09/2024 16:00:00,365.7,10/09/2024 16:00:00,52.29,10/09/2024 16:00:00,129.43,,,10/09/2024 17:36:00,37.45,10/09/2024 16:00:00,54.11,10/09/2024 16:00:00,105.55,10/09/2024 16:00:00,128.85,10/09/2024 16:00:00,327,10/09/2024 16:00:00,251.72,10/09/2024 16:00:00,45.4,10/09/2024 16:00:00,73.07,10/09/2024 16:00:00,335.11,10/09/2024 16:00:00,251.85,10/09/2024 16:00:00,56.58,10/09/2024 16:00:00,59.44,10/09/2024 16:00:00,26.05,10/09/2024 16:00:00,26.72,10/09/2024 16:00:00,162.61,10/09/2024 16:00:00,595.21,10/09/2024 16:00:00,48.5,10/09/2024 16:00:00,487.1,10/09/2024 16:00:00,489.13,10/09/2024 16:00:00,107,,,10/09/2024 16:00:00,914.11,10/09/2024 16:00:00,162.8,10/09/2024 16:00:00,79.4,11/09/2024 16:00:00,1.95,10/09/2024 16:00:00,200.3,10/09/2024 16:00:00,79.56,10/09/2024 16:00:00,79.17,10/09/2024 16:00:00,150.59,10/09/2024 16:00:00,90.76,10/09/2024 16:00:00,892.6,10/09/2024 16:00:00,89.5,,,10/09/2024 16:00:00,343.81,10/09/2024 16:00:00,34.02,10/09/2024 16:00:00,99.76,10/09/2024 16:00:00,273,10/09/2024 16:00:00,75.48,10/09/2024 16:00:00,10.49,10/09/2024 16:00:00,51.3,23/01/2025 16:00:00,0.01,10/09/2024 16:00:00,92.12,10/09/2024 16:00:00,40.29,10/09/2024 16:00:00,199.49,10/09/2024 16:00:00,24.83,10/09/2024 16:00:00,201.17,10/09/2024 16:00:00,38.85,10/09/2024 16:00:00,16.2,10/09/2024 16:00:00,117.45,,,10/09/2024 16:00:00,147.18,10/09/2024 16:00:00,28.71,10/09/2024 16:00:00,140.26,10/09/2024 16:00:00,39.23,10/09/2024 16:00:00,10.02,10/09/2024 16:00:00,183.35,10/09/2024 16:00:00,388.52,10/09/2024 16:00:00,244.47,10/09/2024 16:00:00,886.22,08/11/2024 16:00:00,0.28,,,10/09/2024 16:00:00,57.64,10/09/2024 16:00:00,109.75,10/09/2024 16:00:00,133.07,10/09/2024 16:00:00,117.37,10/09/2024 16:00:00,120.43,10/09/2024 16:00:00,81.47
11/09/2024 16:00:00,221.46,11/09/2024 16:00:00,110.78,11/09/2024 16:00:00,415.5,11/09/2024 16:00:00,78.38,11/09/2024 16:00:00,207.76,11/09/2024 16:00:00,138.21,11/09/2024 16:00:00,166.24,11/09/2024 16:00:00,21.62,11/09/2024 16:00:00,151.09,11/09/2024 16:00:00,166.79,11/09/2024 16:00:00,176.6,11/09/2024 16:00:00,29.68,11/09/2024 16:00:00,53.72,11/09/2024 16:00:00,71.36,11/09/2024 16:00:00,126.5,11/09/2024 16:00:00,156.78,11/09/2024 16:00:00,205.25,11/09/2024 16:00:00,114.94,11/09/2024 16:00:00,19.01,11/09/2024 16:00:00,43.51,11/09/2024 16:00:00,177.44,11/09/2024 16:00:00,162.36,11/09/2024 16:00:00,180.1,11/09/2024 16:00:00,116.39,11/09/2024 16:00:00,39.56,11/09/2024 16:00:00,48.75,11/09/2024 16:00:00,39.14,11/09/2024 16:00:00,290.83,11/09/2024 16:00:00,88.05,11/09/2024 16:00:00,285.02,11/09/2024 16:00:00,57.59,11/09/2024 16:00:00,38.99,11/09/2024 16:00:00,369.55,11/09/2024 16:00:00,51.51,11/09/2024 16:00:00,129.27,,,11/09/2024 17:36:00,36.86,11/09/2024 16:00:00,53.96,11/09/2024 16:00:00,103.8,11/09/2024 16:00:00,129.5,11/09/2024 16:00:00,327.81,11/09/2024 16:00:00,244.4,11/09/2024 16:00:00,44.64,11/09/2024 16:00:00,72.17,11/09/2024 16:00:00,333,11/09/2024 16:00:00,250.64,11/09/2024 16:00:00,56.35,11/09/2024 16:00:00,60.26,11/09/2024 16:00:00,25.86,11/09/2024 16:00:00,26.24,11/09/2024 16:00:00,159.79,11/09/2024 16:00:00,589.14,11/09/2024 16:00:00,49.11,11/09/2024 16:00:00,486.52,11/09/2024 16:00:00,463.98,11/09/2024 16:00:00,106.37,,,11/09/2024 16:00:00,902.15,11/09/2024 16:00:00,162.4,11/09/2024 16:00:00,79.41,12/09/2024 16:00:00,1.89,11/09/2024 16:00:00,200.84,11/09/2024 16:00:00,78,11/09/2024 16:00:00,81.14,11/09/2024 16:00:00,147.25,11/09/2024 16:00:00,90.67,11/09/2024 16:00:00,895,11/09/2024 16:00:00,89.32,,,11/09/2024 16:00:00,346.36,11/09/2024 16:00:00,33.18,11/09/2024 16:00:00,98.87,11/09/2024 16:00:00,273.78,11/09/2024 16:00:00,74.6,11/09/2024 16:00:00,10.31,11/09/2024 16:00:00,50.88,24/01/2025 16:00:00,0.01,11/09/2024 16:00:00,94.08,11/09/2024 16:00:00,40.9,11/09/2024 16:00:00,198.95,11/09/2024 16:00:00,23.95,11/09/2024 16:00:00,199.7,11/09/2024 16:00:00,38.89,11/09/2024 16:00:00,15.94,11/09/2024 16:00:00,117.93,,,11/09/2024 16:00:00,145.79,11/09/2024 16:00:00,28.39,11/09/2024 16:00:00,136.75,11/09/2024 16:00:00,39.03,11/09/2024 16:00:00,10.09,11/09/2024 16:00:00,176.97,11/09/2024 16:00:00,386.67,11/09/2024 16:00:00,245.06,11/09/2024 16:00:00,878.44,13/11/2024 16:00:00,0.28,,,11/09/2024 16:00:00,57.45,11/09/2024 16:00:00,108.07,11/09/2024 16:00:00,132.43,11/09/2024 16:00:00,116.38,11/09/2024 16:00:00,118.59,11/09/2024 16:00:00,82.7
12/09/2024 16:00:00,222.5,12/09/2024 16:00:00,109.9,12/09/2024 16:00:00,423.31,12/09/2024 16:00:00,78.99,12/09/2024 16:00:00,210,12/09/2024 16:00:00,138.23,12/09/2024 16:00:00,166.51,12/09/2024 16:00:00,21.33,12/09/2024 16:00:00,154.81,12/09/2024 16:00:00,164.2,12/09/2024 16:00:00,173.9,12/09/2024 16:00:00,29.58,12/09/2024 16:00:00,53.73,12/09/2024 16:00:00,71,12/09/2024 16:00:00,125,12/09/2024 16:00:00,159.04,12/09/2024 16:00:00,207.65,12/09/2024 16:00:00,114.47,12/09/2024 16:00:00,19.43,12/09/2024 16:00:00,43.5,12/09/2024 16:00:00,175.78,12/09/2024 16:00:00,165.88,12/09/2024 16:00:00,184.8,12/09/2024 16:00:00,116.5,12/09/2024 16:00:00,39.75,12/09/2024 16:00:00,49.09,12/09/2024 16:00:00,38.87,12/09/2024 16:00:00,290.17,12/09/2024 16:00:00,88.22,12/09/2024 16:00:00,284,12/09/2024 16:00:00,57.37,12/09/2024 16:00:00,39.05,12/09/2024 16:00:00,371.94,12/09/2024 16:00:00,50.9,12/09/2024 16:00:00,128.88,,,12/09/2024 17:36:00,37.03,12/09/2024 16:00:00,53.01,12/09/2024 16:00:00,102.72,12/09/2024 16:00:00,130.3,12/09/2024 16:00:00,330.22,12/09/2024 16:00:00,254.16,12/09/2024 16:00:00,45.38,12/09/2024 16:00:00,72.42,12/09/2024 16:00:00,335.28,12/09/2024 16:00:00,247.92,12/09/2024 16:00:00,56.34,12/09/2024 16:00:00,60.89,12/09/2024 16:00:00,26.44,12/09/2024 16:00:00,25.91,12/09/2024 16:00:00,159.42,12/09/2024 16:00:00,588.53,12/09/2024 16:00:00,48.38,12/09/2024 16:00:00,486.95,12/09/2024 16:00:00,471.3,12/09/2024 16:00:00,105.9,,,12/09/2024 16:00:00,924.31,12/09/2024 16:00:00,162,12/09/2024 16:00:00,79.9,13/09/2024 16:00:00,1.95,12/09/2024 16:00:00,203.94,12/09/2024 16:00:00,78.23,12/09/2024 16:00:00,83.02,12/09/2024 16:00:00,147.35,12/09/2024 16:00:00,90.26,12/09/2024 16:00:00,900.42,12/09/2024 16:00:00,88.86,,,12/09/2024 16:00:00,350.48,12/09/2024 16:00:00,33.24,12/09/2024 16:00:00,100.24,12/09/2024 16:00:00,271.78,12/09/2024 16:00:00,74.88,12/09/2024 16:00:00,10.4,12/09/2024 16:00:00,50.68,28/01/2025 16:00:00,0.01,12/09/2024 16:00:00,98.46,12/09/2024 16:00:00,41.78,12/09/2024 16:00:00,199.05,12/09/2024 16:00:00,23.82,12/09/2024 16:00:00,201.6,12/09/2024 16:00:00,39.39,12/09/2024 16:00:00,15.96,12/09/2024 16:00:00,117.82,,,12/09/2024 16:00:00,143.41,12/09/2024 16:00:00,28.07,12/09/2024 16:00:00,136.74,12/09/2024 16:00:00,39.19,12/09/2024 16:00:00,10.23,12/09/2024 16:00:00,177.52,12/09/2024 16:00:00,386.64,12/09/2024 16:00:00,248.59,12/09/2024 16:00:00,880.83,14/11/2024 16:00:00,0.28,,,12/09/2024 16:00:00,57.2,12/09/2024 16:00:00,107.43,12/09/2024 16:00:00,134.07,12/09/2024 16:00:00,116.36,12/09/2024 16:00:00,117.5,12/09/2024 16:00:00,83.43
13/09/2024 16:00:00,223.58,13/09/2024 16:00:00,111.47,13/09/2024 16:00:00,425.83,13/09/2024 16:00:00,79.82,13/09/2024 16:00:00,212.48,13/09/2024 16:00:00,139.87,13/09/2024 16:00:00,169.41,13/09/2024 16:00:00,21.57,13/09/2024 16:00:00,156.36,13/09/2024 16:00:00,164.74,13/09/2024 16:00:00,173.37,13/09/2024 16:00:00,29.16,13/09/2024 16:00:00,51.86,13/09/2024 16:00:00,70.84,13/09/2024 16:00:00,124.92,13/09/2024 16:00:00,173.7,13/09/2024 16:00:00,206.86,13/09/2024 16:00:00,116.09,13/09/2024 16:00:00,19.49,13/09/2024 16:00:00,43.93,13/09/2024 16:00:00,177.45,13/09/2024 16:00:00,165.81,13/09/2024 16:00:00,187,13/09/2024 16:00:00,116.02,13/09/2024 16:00:00,40.11,13/09/2024 16:00:00,49.74,13/09/2024 16:00:00,39.31,13/09/2024 16:00:00,294.49,13/09/2024 16:00:00,89.45,13/09/2024 16:00:00,286.49,13/09/2024 16:00:00,57.71,13/09/2024 16:00:00,38.88,13/09/2024 16:00:00,375.56,13/09/2024 16:00:00,51.2,13/09/2024 16:00:00,128.67,,,13/09/2024 17:36:00,37.38,13/09/2024 16:00:00,52.8,13/09/2024 16:00:00,103.32,13/09/2024 16:00:00,131.88,13/09/2024 16:00:00,327.96,13/09/2024 16:00:00,256.23,13/09/2024 16:00:00,44.16,13/09/2024 16:00:00,73.49,13/09/2024 16:00:00,342.42,13/09/2024 16:00:00,249.94,13/09/2024 16:00:00,57.56,13/09/2024 16:00:00,63.38,13/09/2024 16:00:00,26.52,13/09/2024 16:00:00,26.1,13/09/2024 16:00:00,159.78,13/09/2024 16:00:00,591.08,13/09/2024 16:00:00,48.25,13/09/2024 16:00:00,493.1,13/09/2024 16:00:00,475.99,13/09/2024 16:00:00,105.66,,,13/09/2024 16:00:00,937.01,13/09/2024 16:00:00,164.75,13/09/2024 16:00:00,80.87,16/09/2024 16:00:00,1.86,13/09/2024 16:00:00,204.47,13/09/2024 16:00:00,78.3,13/09/2024 16:00:00,81.95,13/09/2024 16:00:00,149.72,13/09/2024 16:00:00,90.06,13/09/2024 16:00:00,913.63,13/09/2024 16:00:00,88.56,,,13/09/2024 16:00:00,351.1,13/09/2024 16:00:00,33.2,13/09/2024 16:00:00,102,13/09/2024 16:00:00,272.9,13/09/2024 16:00:00,75.75,13/09/2024 16:00:00,10.68,13/09/2024 16:00:00,50.4,31/01/2025 16:00:00,0.01,13/09/2024 16:00:00,99.13,13/09/2024 16:00:00,42.14,13/09/2024 16:00:00,197.66,13/09/2024 16:00:00,23.98,13/09/2024 16:00:00,197.11,13/09/2024 16:00:00,39.93,13/09/2024 16:00:00,16.13,13/09/2024 16:00:00,118.81,,,13/09/2024 16:00:00,141.77,13/09/2024 16:00:00,28.02,13/09/2024 16:00:00,138.5,13/09/2024 16:00:00,39.5,13/09/2024 16:00:00,10.29,13/09/2024 16:00:00,178.1,13/09/2024 16:00:00,389.99,13/09/2024 16:00:00,252.99,13/09/2024 16:00:00,888.14,15/11/2024 16:00:00,0.28,,,13/09/2024 16:00:00,57.47,13/09/2024 16:00:00,108.25,13/09/2024 16:00:00,133.48,13/09/2024 16:00:00,116.24,13/09/2024 16:00:00,118.61,13/09/2024 16:00:00,83.9
16/09/2024 16:00:00,216.54,16/09/2024 16:00:00,112.05,16/09/2024 16:00:00,430.6,16/09/2024 16:00:00,80.84,16/09/2024 16:00:00,215.88,16/09/2024 16:00:00,141.69,16/09/2024 16:00:00,178.72,16/09/2024 16:00:00,21.84,16/09/2024 16:00:00,158.33,16/09/2024 16:00:00,166.36,16/09/2024 16:00:00,174.71,16/09/2024 16:00:00,29.57,16/09/2024 16:00:00,52.81,16/09/2024 16:00:00,71.77,16/09/2024 16:00:00,126.15,16/09/2024 16:00:00,164.99,16/09/2024 16:00:00,205.83,16/09/2024 16:00:00,115.8,16/09/2024 16:00:00,20.03,16/09/2024 16:00:00,44.61,16/09/2024 16:00:00,179,16/09/2024 16:00:00,164.93,16/09/2024 16:00:00,185.29,16/09/2024 16:00:00,117,16/09/2024 16:00:00,40.8,16/09/2024 16:00:00,49.88,16/09/2024 16:00:00,39.79,16/09/2024 16:00:00,297.42,16/09/2024 16:00:00,91.1,16/09/2024 16:00:00,288.05,16/09/2024 16:00:00,57.93,16/09/2024 16:00:00,38.81,16/09/2024 16:00:00,382,16/09/2024 16:00:00,51.23,16/09/2024 16:00:00,128.19,,,16/09/2024 17:36:00,37.02,16/09/2024 16:00:00,52.04,16/09/2024 16:00:00,104.96,16/09/2024 16:00:00,133.98,16/09/2024 16:00:00,335.84,16/09/2024 16:00:00,261.31,16/09/2024 16:00:00,44.85,16/09/2024 16:00:00,73.3,16/09/2024 16:00:00,348.35,16/09/2024 16:00:00,250.88,16/09/2024 16:00:00,58.32,16/09/2024 16:00:00,63.44,16/09/2024 16:00:00,26.56,16/09/2024 16:00:00,26.14,16/09/2024 16:00:00,156.25,16/09/2024 16:00:00,595,16/09/2024 16:00:00,49.5,16/09/2024 16:00:00,495.3,16/09/2024 16:00:00,481.43,16/09/2024 16:00:00,105.18,,,16/09/2024 16:00:00,931.13,16/09/2024 16:00:00,165.9,16/09/2024 16:00:00,81.84,17/09/2024 16:00:00,1.92,16/09/2024 16:00:00,206,16/09/2024 16:00:00,79.33,16/09/2024 16:00:00,83,16/09/2024 16:00:00,151.95,16/09/2024 16:00:00,90,16/09/2024 16:00:00,922,16/09/2024 16:00:00,89,,,16/09/2024 16:00:00,350.84,16/09/2024 16:00:00,33.19,16/09/2024 16:00:00,102.69,16/09/2024 16:00:00,276.69,16/09/2024 16:00:00,76.87,16/09/2024 16:00:00,10.74,16/09/2024 16:00:00,50.31,03/02/2025 16:00:00,0.01,16/09/2024 16:00:00,98.52,16/09/2024 16:00:00,43.23,16/09/2024 16:00:00,197.26,16/09/2024 16:00:00,24.03,16/09/2024 16:00:00,198.72,16/09/2024 16:00:00,40.41,16/09/2024 16:00:00,16.14,16/09/2024 16:00:00,120.36,,,16/09/2024 16:00:00,144.11,16/09/2024 16:00:00,28.19,16/09/2024 16:00:00,138.9,16/09/2024 16:00:00,39.88,16/09/2024 16:00:00,10.53,16/09/2024 16:00:00,178.23,16/09/2024 16:00:00,396,16/09/2024 16:00:00,257.05,16/09/2024 16:00:00,888.34,20/11/2024 16:00:00,0.3,,,16/09/2024 16:00:00,58.42,16/09/2024 16:00:00,109.29,16/09/2024 16:00:00,134.43,16/09/2024 16:00:00,118.11,16/09/2024 16:00:00,121.23,16/09/2024 16:00:00,85.09
17/09/2024 16:00:00,215.75,17/09/2024 16:00:00,112.32,17/09/2024 16:00:00,440.23,17/09/2024 16:00:00,79.76,17/09/2024 16:00:00,217.25,17/09/2024 16:00:00,141.8,17/09/2024 16:00:00,181.51,17/09/2024 16:00:00,22.07,17/09/2024 16:00:00,160.09,17/09/2024 16:00:00,166.24,17/09/2024 16:00:00,176.63,17/09/2024 16:00:00,30.05,17/09/2024 16:00:00,53.97,17/09/2024 16:00:00,71.9,17/09/2024 16:00:00,124.8,17/09/2024 16:00:00,170.28,17/09/2024 16:00:00,207.73,17/09/2024 16:00:00,118.97,17/09/2024 16:00:00,21.71,17/09/2024 16:00:00,44.75,17/09/2024 16:00:00,177,17/09/2024 16:00:00,168.88,17/09/2024 16:00:00,186.85,17/09/2024 16:00:00,117.8,17/09/2024 16:00:00,40.53,17/09/2024 16:00:00,51.02,17/09/2024 16:00:00,39.55,17/09/2024 16:00:00,297,17/09/2024 16:00:00,92.37,17/09/2024 16:00:00,290.9,17/09/2024 16:00:00,58.86,17/09/2024 16:00:00,39.28,17/09/2024 16:00:00,383.43,17/09/2024 16:00:00,51.28,17/09/2024 16:00:00,130,,,17/09/2024 17:36:00,36.87,17/09/2024 16:00:00,51.47,17/09/2024 16:00:00,105.51,17/09/2024 16:00:00,134.09,17/09/2024 16:00:00,334.58,17/09/2024 16:00:00,261.52,17/09/2024 16:00:00,44.98,17/09/2024 16:00:00,73.04,17/09/2024 16:00:00,350,17/09/2024 16:00:00,253.27,17/09/2024 16:00:00,58.37,17/09/2024 16:00:00,64.54,17/09/2024 16:00:00,26.63,17/09/2024 16:00:00,26.2,17/09/2024 16:00:00,156.17,17/09/2024 16:00:00,586.01,17/09/2024 16:00:00,50.09,17/09/2024 16:00:00,498.6,17/09/2024 16:00:00,488,17/09/2024 16:00:00,104.88,,,17/09/2024 16:00:00,921.5,17/09/2024 16:00:00,164.92,17/09/2024 16:00:00,82.44,18/09/2024 16:00:00,1.89,17/09/2024 16:00:00,205,17/09/2024 16:00:00,80.01,17/09/2024 16:00:00,83.06,17/09/2024 16:00:00,152.94,17/09/2024 16:00:00,90,17/09/2024 16:00:00,908.43,17/09/2024 16:00:00,89.78,,,17/09/2024 16:00:00,355.1,17/09/2024 16:00:00,34.05,17/09/2024 16:00:00,102.81,17/09/2024 16:00:00,275.9,17/09/2024 16:00:00,77.52,17/09/2024 16:00:00,10.89,17/09/2024 16:00:00,50.84,04/02/2025 16:00:00,0.01,17/09/2024 16:00:00,96.49,17/09/2024 16:00:00,42.91,17/09/2024 16:00:00,199.83,17/09/2024 16:00:00,24.39,17/09/2024 16:00:00,199.44,17/09/2024 16:00:00,40.36,17/09/2024 16:00:00,16.18,17/09/2024 16:00:00,119.53,,,17/09/2024 16:00:00,143.61,17/09/2024 16:00:00,28.49,17/09/2024 16:00:00,140.93,17/09/2024 16:00:00,40.16,17/09/2024 16:00:00,10.58,17/09/2024 16:00:00,181.52,17/09/2024 16:00:00,396.5,17/09/2024 16:00:00,256.39,17/09/2024 16:00:00,897.35,21/11/2024 16:00:00,0.3,,,17/09/2024 16:00:00,58.4,17/09/2024 16:00:00,110,17/09/2024 16:00:00,134.59,17/09/2024 16:00:00,117.55,17/09/2024 16:00:00,121.59,17/09/2024 16:00:00,84.79
18/09/2024 16:00:00,217.55,18/09/2024 16:00:00,114.11,18/09/2024 16:00:00,435,18/09/2024 16:00:00,78.64,18/09/2024 16:00:00,214.13,18/09/2024 16:00:00,143.32,18/09/2024 16:00:00,181.2,18/09/2024 16:00:00,21.84,18/09/2024 16:00:00,160.85,18/09/2024 16:00:00,166.63,18/09/2024 16:00:00,175.05,18/09/2024 16:00:00,30,18/09/2024 16:00:00,54.46,18/09/2024 16:00:00,71.89,18/09/2024 16:00:00,122.91,18/09/2024 16:00:00,167.62,18/09/2024 16:00:00,209.01,18/09/2024 16:00:00,118.2,18/09/2024 16:00:00,21.36,18/09/2024 16:00:00,44.1,18/09/2024 16:00:00,176.86,18/09/2024 16:00:00,169.52,18/09/2024 16:00:00,186.45,18/09/2024 16:00:00,117.5,18/09/2024 16:00:00,41.52,18/09/2024 16:00:00,50.39,18/09/2024 16:00:00,39.36,18/09/2024 16:00:00,293.88,18/09/2024 16:00:00,93.52,18/09/2024 16:00:00,291.84,18/09/2024 16:00:00,59.75,18/09/2024 16:00:00,39.62,18/09/2024 16:00:00,384.09,18/09/2024 16:00:00,51.8,18/09/2024 16:00:00,131,,,18/09/2024 17:36:00,37.22,18/09/2024 16:00:00,50.5,18/09/2024 16:00:00,107.52,18/09/2024 16:00:00,133.26,18/09/2024 16:00:00,333.93,18/09/2024 16:00:00,264.4,18/09/2024 16:00:00,44.74,18/09/2024 16:00:00,73.71,18/09/2024 16:00:00,355,18/09/2024 16:00:00,254.01,18/09/2024 16:00:00,57.88,18/09/2024 16:00:00,64.69,18/09/2024 16:00:00,26.65,18/09/2024 16:00:00,26.38,18/09/2024 16:00:00,157,18/09/2024 16:00:00,576.86,18/09/2024 16:00:00,49.41,18/09/2024 16:00:00,501.28,18/09/2024 16:00:00,485.4,18/09/2024 16:00:00,104.23,,,18/09/2024 16:00:00,906.31,18/09/2024 16:00:00,164.92,18/09/2024 16:00:00,83.07,20/09/2024 16:00:00,1.92,18/09/2024 16:00:00,204.24,18/09/2024 16:00:00,80.66,18/09/2024 16:00:00,83.37,18/09/2024 16:00:00,152.49,18/09/2024 16:00:00,88.03,18/09/2024 16:00:00,899.94,18/09/2024 16:00:00,89.53,,,18/09/2024 16:00:00,335,18/09/2024 16:00:00,34.6,18/09/2024 16:00:00,104.18,18/09/2024 16:00:00,271.68,18/09/2024 16:00:00,78.56,18/09/2024 16:00:00,10.93,18/09/2024 16:00:00,51.65,05/02/2025 16:00:00,0.01,18/09/2024 16:00:00,95.55,18/09/2024 16:00:00,43.17,18/09/2024 16:00:00,198.13,18/09/2024 16:00:00,25.1,18/09/2024 16:00:00,202.68,18/09/2024 16:00:00,40.18,18/09/2024 16:00:00,16.33,18/09/2024 16:00:00,117.56,,,18/09/2024 16:00:00,141.5,18/09/2024 16:00:00,29.3,18/09/2024 16:00:00,145.41,18/09/2024 16:00:00,39.75,18/09/2024 16:00:00,10.67,18/09/2024 16:00:00,181.85,18/09/2024 16:00:00,398,18/09/2024 16:00:00,257.13,18/09/2024 16:00:00,911.81,27/11/2024 16:00:00,0.3,,,18/09/2024 16:00:00,58.29,18/09/2024 16:00:00,109.72,18/09/2024 16:00:00,132.4,18/09/2024 16:00:00,116.63,18/09/2024 16:00:00,122.61,18/09/2024 16:00:00,84.49
19/09/2024 16:00:00,224.99,19/09/2024 16:00:00,116.16,19/09/2024 16:00:00,441.23,19/09/2024 16:00:00,79.05,19/09/2024 16:00:00,218.01,19/09/2024 16:00:00,145.81,19/09/2024 16:00:00,187.65,19/09/2024 16:00:00,21.65,19/09/2024 16:00:00,164.82,19/09/2024 16:00:00,166.23,19/09/2024 16:00:00,172.88,19/09/2024 16:00:00,29.89,19/09/2024 16:00:00,55.01,19/09/2024 16:00:00,71.56,19/09/2024 16:00:00,120.6,19/09/2024 16:00:00,167.25,19/09/2024 16:00:00,209.78,19/09/2024 16:00:00,118.9,19/09/2024 16:00:00,21.28,19/09/2024 16:00:00,43.96,19/09/2024 16:00:00,175.75,19/09/2024 16:00:00,174.42,19/09/2024 16:00:00,190.04,19/09/2024 16:00:00,115.49,19/09/2024 16:00:00,42.7,19/09/2024 16:00:00,51.41,19/09/2024 16:00:00,40.36,19/09/2024 16:00:00,294.25,19/09/2024 16:00:00,94.82,19/09/2024 16:00:00,291.09,19/09/2024 16:00:00,60.92,19/09/2024 16:00:00,40.04,19/09/2024 16:00:00,390.84,19/09/2024 16:00:00,52.63,19/09/2024 16:00:00,132.75,,,19/09/2024 17:36:00,38.09,19/09/2024 16:00:00,50.62,19/09/2024 16:00:00,110.5,19/09/2024 16:00:00,134.4,19/09/2024 16:00:00,337.03,19/09/2024 16:00:00,267.83,19/09/2024 16:00:00,46.28,19/09/2024 16:00:00,74.3,19/09/2024 16:00:00,363,19/09/2024 16:00:00,250,19/09/2024 16:00:00,58.7,19/09/2024 16:00:00,63.9,19/09/2024 16:00:00,27,19/09/2024 16:00:00,26.87,19/09/2024 16:00:00,157,19/09/2024 16:00:00,583.72,19/09/2024 16:00:00,49.89,19/09/2024 16:00:00,500,19/09/2024 16:00:00,494.74,19/09/2024 16:00:00,103.1,,,19/09/2024 16:00:00,912.85,19/09/2024 16:00:00,166.57,19/09/2024 16:00:00,84,23/09/2024 16:00:00,1.83,19/09/2024 16:00:00,204.16,19/09/2024 16:00:00,82.6,19/09/2024 16:00:00,84.39,19/09/2024 16:00:00,156.58,19/09/2024 16:00:00,88.69,19/09/2024 16:00:00,904.26,19/09/2024 16:00:00,88.65,,,19/09/2024 16:00:00,340,19/09/2024 16:00:00,35.1,19/09/2024 16:00:00,106.06,19/09/2024 16:00:00,275.44,19/09/2024 16:00:00,80.25,19/09/2024 16:00:00,11.22,19/09/2024 16:00:00,52.55,06/02/2025 16:00:00,0.01,19/09/2024 16:00:00,97.97,19/09/2024 16:00:00,45.7,19/09/2024 16:00:00,200.57,19/09/2024 16:00:00,25.66,19/09/2024 16:00:00,207.61,19/09/2024 16:00:00,39.34,19/09/2024 16:00:00,16.85,19/09/2024 16:00:00,118.52,,,19/09/2024 16:00:00,140.85,19/09/2024 16:00:00,29.86,19/09/2024 16:00:00,148.5,19/09/2024 16:00:00,39.68,19/09/2024 16:00:00,10.75,19/09/2024 16:00:00,185.09,19/09/2024 16:00:00,406.52,19/09/2024 16:00:00,260.89,19/09/2024 16:00:00,938.25,29/11/2024 16:00:00,0.31,,,19/09/2024 16:00:00,57.22,19/09/2024 16:00:00,109.33,19/09/2024 16:00:00,132.12,19/09/2024 16:00:00,115.09,19/09/2024 16:00:00,126.67,19/09/2024 16:00:00,83.63
20/09/2024 16:00:00,229.97,20/09/2024 16:00:00,115.46,20/09/2024 16:00:00,437.22,20/09/2024 16:00:00,78.23,20/09/2024 16:00:00,214.33,20/09/2024 16:00:00,145.23,20/09/2024 16:00:00,185,20/09/2024 16:00:00,21.3,20/09/2024 16:00:00,164.52,20/09/2024 16:00:00,164.3,20/09/2024 16:00:00,171.51,20/09/2024 16:00:00,29.54,20/09/2024 16:00:00,55.35,20/09/2024 16:00:00,70.41,20/09/2024 16:00:00,119.5,20/09/2024 16:00:00,167.13,20/09/2024 16:00:00,209.93,20/09/2024 16:00:00,117.27,20/09/2024 16:00:00,20.89,20/09/2024 16:00:00,43.78,20/09/2024 16:00:00,172.57,20/09/2024 16:00:00,172.69,20/09/2024 16:00:00,190.23,20/09/2024 16:00:00,113.75,20/09/2024 16:00:00,42.89,20/09/2024 16:00:00,51.45,20/09/2024 16:00:00,40.22,20/09/2024 16:00:00,292.94,20/09/2024 16:00:00,93.2,20/09/2024 16:00:00,285.5,20/09/2024 16:00:00,62.52,20/09/2024 16:00:00,40.62,20/09/2024 16:00:00,388.33,20/09/2024 16:00:00,51.8,20/09/2024 16:00:00,128.5,,,20/09/2024 17:36:00,37.77,20/09/2024 16:00:00,50.25,20/09/2024 16:00:00,111.16,20/09/2024 16:00:00,133.01,20/09/2024 16:00:00,335.15,20/09/2024 16:00:00,268.4,20/09/2024 16:00:00,46.29,20/09/2024 16:00:00,73.45,20/09/2024 16:00:00,370.4,20/09/2024 16:00:00,243.48,20/09/2024 16:00:00,58,20/09/2024 16:00:00,62.69,20/09/2024 16:00:00,27.06,20/09/2024 16:00:00,26.53,20/09/2024 16:00:00,154.01,20/09/2024 16:00:00,571.7,20/09/2024 16:00:00,49.29,20/09/2024 16:00:00,489.65,20/09/2024 16:00:00,500.19,20/09/2024 16:00:00,102.28,,,20/09/2024 16:00:00,921.99,20/09/2024 16:00:00,166.42,20/09/2024 16:00:00,82.58,24/09/2024 16:00:00,1.86,20/09/2024 16:00:00,203.79,20/09/2024 16:00:00,87.87,20/09/2024 16:00:00,83.26,20/09/2024 16:00:00,156.9,20/09/2024 16:00:00,89.48,20/09/2024 16:00:00,901.57,20/09/2024 16:00:00,90.12,,,20/09/2024 16:00:00,332.32,20/09/2024 16:00:00,34.71,20/09/2024 16:00:00,105.23,20/09/2024 16:00:00,275.28,20/09/2024 16:00:00,81,20/09/2024 16:00:00,10.86,20/09/2024 16:00:00,52.64,07/02/2025 16:00:00,0.01,20/09/2024 16:00:00,96.85,20/09/2024 16:00:00,44.68,20/09/2024 16:00:00,200.01,20/09/2024 16:00:00,25.25,20/09/2024 16:00:00,204.38,20/09/2024 16:00:00,39.65,20/09/2024 16:00:00,16.84,20/09/2024 16:00:00,117.76,,,20/09/2024 16:00:00,139.78,20/09/2024 16:00:00,29.32,20/09/2024 16:00:00,153.36,20/09/2024 16:00:00,38.5,20/09/2024 16:00:00,10.94,20/09/2024 16:00:00,185.93,20/09/2024 16:00:00,406.62,20/09/2024 16:00:00,259.28,20/09/2024 16:00:00,930.67,03/12/2024 16:00:00,0.3,,,20/09/2024 16:00:00,57.74,20/09/2024 16:00:00,107.58,20/09/2024 16:00:00,130.76,20/09/2024 16:00:00,115.66,20/09/2024 16:00:00,125.05,20/09/2024 16:00:00,82.25
23/09/2024 16:00:00,227.34,23/09/2024 16:00:00,115.33,23/09/2024 16:00:00,434.28,23/09/2024 16:00:00,79.07,23/09/2024 16:00:00,218,23/09/2024 16:00:00,146.25,23/09/2024 16:00:00,187.81,23/09/2024 16:00:00,21.54,23/09/2024 16:00:00,165.34,23/09/2024 16:00:00,164.4,23/09/2024 16:00:00,174.01,23/09/2024 16:00:00,29.43,23/09/2024 16:00:00,56.26,23/09/2024 16:00:00,71.55,23/09/2024 16:00:00,120.93,23/09/2024 16:00:00,167.23,23/09/2024 16:00:00,211,23/09/2024 16:00:00,117.2,23/09/2024 16:00:00,22.43,23/09/2024 16:00:00,44.35,23/09/2024 16:00:00,170.87,23/09/2024 16:00:00,168.42,23/09/2024 16:00:00,191.64,23/09/2024 16:00:00,113.79,23/09/2024 16:00:00,42.55,23/09/2024 16:00:00,52.06,23/09/2024 16:00:00,40.21,23/09/2024 16:00:00,299,23/09/2024 16:00:00,93.7,23/09/2024 16:00:00,284.9,23/09/2024 16:00:00,62.22,23/09/2024 16:00:00,40.21,23/09/2024 16:00:00,390.83,23/09/2024 16:00:00,51.85,23/09/2024 16:00:00,129.38,,,23/09/2024 17:36:00,37.46,23/09/2024 16:00:00,50.4,23/09/2024 16:00:00,110.1,23/09/2024 16:00:00,134.7,23/09/2024 16:00:00,339,23/09/2024 16:00:00,271.36,23/09/2024 16:00:00,46.14,23/09/2024 16:00:00,73.97,23/09/2024 16:00:00,368.99,23/09/2024 16:00:00,245.09,23/09/2024 16:00:00,57.57,23/09/2024 16:00:00,62.77,23/09/2024 16:00:00,27.32,23/09/2024 16:00:00,26.32,23/09/2024 16:00:00,153,23/09/2024 16:00:00,576.49,23/09/2024 16:00:00,49.56,23/09/2024 16:00:00,493.16,23/09/2024 16:00:00,498.21,23/09/2024 16:00:00,102.68,,,23/09/2024 16:00:00,921,23/09/2024 16:00:00,166,23/09/2024 16:00:00,83.6,25/09/2024 16:00:00,1.83,23/09/2024 16:00:00,204.01,23/09/2024 16:00:00,85.4,23/09/2024 16:00:00,84.25,23/09/2024 16:00:00,154.77,23/09/2024 16:00:00,89.54,23/09/2024 16:00:00,906.98,23/09/2024 16:00:00,89.85,,,23/09/2024 16:00:00,337.38,23/09/2024 16:00:00,34.79,23/09/2024 16:00:00,105.74,23/09/2024 16:00:00,273.73,23/09/2024 16:00:00,81.1,23/09/2024 16:00:00,10.84,23/09/2024 16:00:00,51.87,10/02/2025 16:00:00,0.01,23/09/2024 16:00:00,96.05,23/09/2024 16:00:00,45,23/09/2024 16:00:00,199.2,23/09/2024 16:00:00,25.21,23/09/2024 16:00:00,203.89,23/09/2024 16:00:00,40.45,23/09/2024 16:00:00,16.89,23/09/2024 16:00:00,118.53,,,23/09/2024 16:00:00,140.47,23/09/2024 16:00:00,29.58,23/09/2024 16:00:00,153,23/09/2024 16:00:00,38.71,23/09/2024 16:00:00,10.9,23/09/2024 16:00:00,186.6,23/09/2024 16:00:00,405.02,23/09/2024 16:00:00,260.8,23/09/2024 16:00:00,929.97,04/12/2024 16:00:00,0.3,,,23/09/2024 16:00:00,58,23/09/2024 16:00:00,108.23,23/09/2024 16:00:00,129.83,23/09/2024 16:00:00,116.86,23/09/2024 16:00:00,125.71,23/09/2024 16:00:00,83.66
24/09/2024 16:00:00,228.65,24/09/2024 16:00:00,117.84,24/09/2024 16:00:00,433,24/09/2024 16:00:00,80.48,24/09/2024 16:00:00,219.78,24/09/2024 16:00:00,148.88,24/09/2024 16:00:00,188.67,24/09/2024 16:00:00,21.38,24/09/2024 16:00:00,164.25,24/09/2024 16:00:00,162.79,24/09/2024 16:00:00,172.88,24/09/2024 16:00:00,29.25,24/09/2024 16:00:00,55.12,24/09/2024 16:00:00,71.22,24/09/2024 16:00:00,120.42,24/09/2024 16:00:00,165.74,24/09/2024 16:00:00,211.15,24/09/2024 16:00:00,115.85,24/09/2024 16:00:00,22.53,24/09/2024 16:00:00,44.21,24/09/2024 16:00:00,170.99,24/09/2024 16:00:00,167.42,24/09/2024 16:00:00,194.27,24/09/2024 16:00:00,114.21,24/09/2024 16:00:00,43.84,24/09/2024 16:00:00,52.21,24/09/2024 16:00:00,40.83,24/09/2024 16:00:00,299.06,24/09/2024 16:00:00,93.34,24/09/2024 16:00:00,280.18,24/09/2024 16:00:00,62.68,24/09/2024 16:00:00,39.85,24/09/2024 16:00:00,394.7,24/09/2024 16:00:00,53,24/09/2024 16:00:00,129.4,,,24/09/2024 17:36:00,37.31,24/09/2024 16:00:00,50.79,24/09/2024 16:00:00,111.34,24/09/2024 16:00:00,136.47,24/09/2024 16:00:00,333.15,24/09/2024 16:00:00,267.77,24/09/2024 16:00:00,45.86,24/09/2024 16:00:00,73.84,24/09/2024 16:00:00,380,24/09/2024 16:00:00,243.19,24/09/2024 16:00:00,57.64,24/09/2024 16:00:00,63.8,24/09/2024 16:00:00,27.81,24/09/2024 16:00:00,26.49,24/09/2024 16:00:00,155.8,24/09/2024 16:00:00,570.82,24/09/2024 16:00:00,50.01,24/09/2024 16:00:00,492.68,24/09/2024 16:00:00,497.59,24/09/2024 16:00:00,103.49,,,24/09/2024 16:00:00,922.12,24/09/2024 16:00:00,167.89,24/09/2024 16:00:00,84.83,26/09/2024 16:00:00,1.8,24/09/2024 16:00:00,203.77,24/09/2024 16:00:00,87.44,24/09/2024 16:00:00,83.79,24/09/2024 16:00:00,155.9,24/09/2024 16:00:00,89.73,24/09/2024 16:00:00,912.01,24/09/2024 16:00:00,89.99,,,24/09/2024 16:00:00,337.94,24/09/2024 16:00:00,35.26,24/09/2024 16:00:00,106.25,24/09/2024 16:00:00,272.54,24/09/2024 16:00:00,81.5,24/09/2024 16:00:00,10.97,24/09/2024 16:00:00,52.69,11/02/2025 16:00:00,0.01,24/09/2024 16:00:00,95.47,24/09/2024 16:00:00,48.18,24/09/2024 16:00:00,199.99,24/09/2024 16:00:00,25.95,24/09/2024 16:00:00,206.06,24/09/2024 16:00:00,40.25,24/09/2024 16:00:00,17.09,24/09/2024 16:00:00,117.23,,,24/09/2024 16:00:00,140.61,24/09/2024 16:00:00,30.57,24/09/2024 16:00:00,151.49,24/09/2024 16:00:00,38.95,24/09/2024 16:00:00,10.79,24/09/2024 16:00:00,185.88,24/09/2024 16:00:00,411.74,24/09/2024 16:00:00,265.33,24/09/2024 16:00:00,934,05/12/2024 16:00:00,0.3,,,24/09/2024 16:00:00,57.46,24/09/2024 16:00:00,109.25,24/09/2024 16:00:00,131.65,24/09/2024 16:00:00,116.5,24/09/2024 16:00:00,129.4,24/09/2024 16:00:00,84.2
25/09/2024 16:00:00,224.93,25/09/2024 16:00:00,116.49,25/09/2024 16:00:00,429.83,25/09/2024 16:00:00,80.89,25/09/2024 16:00:00,221.17,25/09/2024 16:00:00,146.95,25/09/2024 16:00:00,189.83,25/09/2024 16:00:00,21.62,25/09/2024 16:00:00,162.97,25/09/2024 16:00:00,163,25/09/2024 16:00:00,174.07,25/09/2024 16:00:00,29.6,25/09/2024 16:00:00,54.28,25/09/2024 16:00:00,71.71,25/09/2024 16:00:00,121.9,25/09/2024 16:00:00,167.69,25/09/2024 16:00:00,211.68,25/09/2024 16:00:00,115.3,25/09/2024 16:00:00,22.8,25/09/2024 16:00:00,44.8,25/09/2024 16:00:00,170.4,25/09/2024 16:00:00,166.28,25/09/2024 16:00:00,193.75,25/09/2024 16:00:00,113.82,25/09/2024 16:00:00,42.8,25/09/2024 16:00:00,52.57,25/09/2024 16:00:00,41.3,25/09/2024 16:00:00,300.33,25/09/2024 16:00:00,93.64,25/09/2024 16:00:00,274.19,25/09/2024 16:00:00,61.12,25/09/2024 16:00:00,39.25,25/09/2024 16:00:00,400.66,25/09/2024 16:00:00,51.92,25/09/2024 16:00:00,129.54,,,25/09/2024 17:36:00,38.34,25/09/2024 16:00:00,51.44,25/09/2024 16:00:00,108.5,25/09/2024 16:00:00,137.23,25/09/2024 16:00:00,329,25/09/2024 16:00:00,267.09,25/09/2024 16:00:00,45.68,25/09/2024 16:00:00,74.01,25/09/2024 16:00:00,387,25/09/2024 16:00:00,247.54,25/09/2024 16:00:00,58.82,25/09/2024 16:00:00,65.03,25/09/2024 16:00:00,27.88,25/09/2024 16:00:00,26.69,25/09/2024 16:00:00,156.42,25/09/2024 16:00:00,577.87,25/09/2024 16:00:00,51.25,25/09/2024 16:00:00,484.76,25/09/2024 16:00:00,498.5,25/09/2024 16:00:00,104.14,,,25/09/2024 16:00:00,931.79,25/09/2024 16:00:00,170.23,25/09/2024 16:00:00,87.11,27/09/2024 16:00:00,1.86,25/09/2024 16:00:00,206.2,25/09/2024 16:00:00,87.85,25/09/2024 16:00:00,83.94,25/09/2024 16:00:00,156.29,25/09/2024 16:00:00,90.17,25/09/2024 16:00:00,903,25/09/2024 16:00:00,90.15,,,25/09/2024 16:00:00,335.14,25/09/2024 16:00:00,36,25/09/2024 16:00:00,106.37,25/09/2024 16:00:00,276.17,25/09/2024 16:00:00,80.75,25/09/2024 16:00:00,10.59,25/09/2024 16:00:00,53.66,14/02/2025 16:00:00,0.01,25/09/2024 16:00:00,94.26,25/09/2024 16:00:00,48.75,25/09/2024 16:00:00,193.84,25/09/2024 16:00:00,25.27,25/09/2024 16:00:00,203.14,25/09/2024 16:00:00,40.22,25/09/2024 16:00:00,16.32,25/09/2024 16:00:00,117.9,,,25/09/2024 16:00:00,142,25/09/2024 16:00:00,29.81,25/09/2024 16:00:00,148.27,25/09/2024 16:00:00,39.17,25/09/2024 16:00:00,10.94,25/09/2024 16:00:00,184.47,25/09/2024 16:00:00,412.84,25/09/2024 16:00:00,266.15,25/09/2024 16:00:00,942.72,11/12/2024 16:00:00,0.31,,,25/09/2024 16:00:00,57.38,25/09/2024 16:00:00,109.59,25/09/2024 16:00:00,133.8,25/09/2024 16:00:00,116.6,25/09/2024 16:00:00,127.47,25/09/2024 16:00:00,84.61
26/09/2024 16:00:00,227.3,26/09/2024 16:00:00,111.14,26/09/2024 16:00:00,435.09,26/09/2024 16:00:00,81.04,26/09/2024 16:00:00,222.11,26/09/2024 16:00:00,140.9,26/09/2024 16:00:00,189.4,26/09/2024 16:00:00,21.49,26/09/2024 16:00:00,165.03,26/09/2024 16:00:00,160.24,26/09/2024 16:00:00,171.5,26/09/2024 16:00:00,28.48,26/09/2024 16:00:00,54.04,26/09/2024 16:00:00,70.86,26/09/2024 16:00:00,120.2,26/09/2024 16:00:00,167.65,26/09/2024 16:00:00,211.13,26/09/2024 16:00:00,113.88,26/09/2024 16:00:00,24.28,26/09/2024 16:00:00,44.6,26/09/2024 16:00:00,169.22,26/09/2024 16:00:00,174.91,26/09/2024 16:00:00,194.31,26/09/2024 16:00:00,112.31,26/09/2024 16:00:00,41.08,26/09/2024 16:00:00,53,26/09/2024 16:00:00,40.71,26/09/2024 16:00:00,301.15,26/09/2024 16:00:00,94.46,26/09/2024 16:00:00,270.5,26/09/2024 16:00:00,61.05,26/09/2024 16:00:00,39.39,26/09/2024 16:00:00,399.5,26/09/2024 16:00:00,50.21,26/09/2024 16:00:00,132.57,,,26/09/2024 17:36:00,37.96,26/09/2024 16:00:00,50.79,26/09/2024 16:00:00,103,26/09/2024 16:00:00,137.56,26/09/2024 16:00:00,313.68,26/09/2024 16:00:00,268.29,26/09/2024 16:00:00,45.03,26/09/2024 16:00:00,73.03,26/09/2024 16:00:00,390.01,26/09/2024 16:00:00,247,26/09/2024 16:00:00,58.74,26/09/2024 16:00:00,64.26,26/09/2024 16:00:00,28.57,26/09/2024 16:00:00,26.44,26/09/2024 16:00:00,153.94,26/09/2024 16:00:00,575,26/09/2024 16:00:00,49.82,26/09/2024 16:00:00,491,26/09/2024 16:00:00,494,26/09/2024 16:00:00,102.64,,,26/09/2024 16:00:00,920.26,26/09/2024 16:00:00,169.39,26/09/2024 16:00:00,87.11,30/09/2024 16:00:00,1.8,26/09/2024 16:00:00,207.72,26/09/2024 16:00:00,89.92,26/09/2024 16:00:00,82.02,26/09/2024 16:00:00,156.53,26/09/2024 16:00:00,89.08,26/09/2024 16:00:00,905.3,26/09/2024 16:00:00,88.89,,,26/09/2024 16:00:00,355.01,26/09/2024 16:00:00,36.48,26/09/2024 16:00:00,105.64,26/09/2024 16:00:00,272.85,26/09/2024 16:00:00,81.16,26/09/2024 16:00:00,10.56,26/09/2024 16:00:00,53.46,17/02/2025 16:00:00,0.01,26/09/2024 16:00:00,98.5,26/09/2024 16:00:00,51.09,26/09/2024 16:00:00,191.17,26/09/2024 16:00:00,24.04,26/09/2024 16:00:00,210.32,26/09/2024 16:00:00,39.82,26/09/2024 16:00:00,15.85,26/09/2024 16:00:00,118.5,,,26/09/2024 16:00:00,140.41,26/09/2024 16:00:00,28.29,26/09/2024 16:00:00,146.51,26/09/2024 16:00:00,38.43,26/09/2024 16:00:00,11,26/09/2024 16:00:00,183.73,26/09/2024 16:00:00,409.96,26/09/2024 16:00:00,266.14,26/09/2024 16:00:00,945,13/12/2024 16:00:00,0.31,,,26/09/2024 16:00:00,57.14,26/09/2024 16:00:00,109.19,26/09/2024 16:00:00,134.28,26/09/2024 16:00:00,115.12,26/09/2024 16:00:00,121.78,26/09/2024 16:00:00,84.25
27/09/2024 16:00:00,228.46,27/09/2024 16:00:00,113.76,27/09/2024 16:00:00,431.52,27/09/2024 16:00:00,79.9,27/09/2024 16:00:00,223,27/09/2024 16:00:00,142.98,27/09/2024 16:00:00,184.17,27/09/2024 16:00:00,21.72,27/09/2024 16:00:00,163.91,27/09/2024 16:00:00,162,27/09/2024 16:00:00,173.01,27/09/2024 16:00:00,29.02,27/09/2024 16:00:00,56.62,27/09/2024 16:00:00,71.54,27/09/2024 16:00:00,121.12,27/09/2024 16:00:00,168.09,27/09/2024 16:00:00,210.65,27/09/2024 16:00:00,113.17,27/09/2024 16:00:00,24.16,27/09/2024 16:00:00,44.72,27/09/2024 16:00:00,169.96,27/09/2024 16:00:00,173,27/09/2024 16:00:00,190.68,27/09/2024 16:00:00,112.93,27/09/2024 16:00:00,41.7,27/09/2024 16:00:00,53.04,27/09/2024 16:00:00,41.23,27/09/2024 16:00:00,303.52,27/09/2024 16:00:00,95.49,27/09/2024 16:00:00,273.16,27/09/2024 16:00:00,62.01,27/09/2024 16:00:00,39.65,27/09/2024 16:00:00,399.65,27/09/2024 16:00:00,50.13,27/09/2024 16:00:00,133.97,,,27/09/2024 17:36:00,37.91,27/09/2024 16:00:00,51.2,27/09/2024 16:00:00,102.63,27/09/2024 16:00:00,139,27/09/2024 16:00:00,322.7,27/09/2024 16:00:00,268,27/09/2024 16:00:00,45.52,27/09/2024 16:00:00,73.23,27/09/2024 16:00:00,391,27/09/2024 16:00:00,244.68,27/09/2024 16:00:00,59.45,27/09/2024 16:00:00,64.1,27/09/2024 16:00:00,28.52,27/09/2024 16:00:00,26.57,27/09/2024 16:00:00,155.37,27/09/2024 16:00:00,577.68,27/09/2024 16:00:00,51.54,27/09/2024 16:00:00,491.03,27/09/2024 16:00:00,498.97,27/09/2024 16:00:00,102.78,,,27/09/2024 16:00:00,893.62,27/09/2024 16:00:00,167.43,27/09/2024 16:00:00,89.4,01/10/2024 16:00:00,1.77,27/09/2024 16:00:00,207.5,27/09/2024 16:00:00,89.45,27/09/2024 16:00:00,83.23,27/09/2024 16:00:00,156.5,27/09/2024 16:00:00,89.36,27/09/2024 16:00:00,893.26,27/09/2024 16:00:00,89.19,,,27/09/2024 16:00:00,356.33,27/09/2024 16:00:00,35.76,27/09/2024 16:00:00,109.47,27/09/2024 16:00:00,277.49,27/09/2024 16:00:00,82.05,27/09/2024 16:00:00,10.84,27/09/2024 16:00:00,55,18/02/2025 16:00:00,0.01,27/09/2024 16:00:00,97.65,27/09/2024 16:00:00,51.24,27/09/2024 16:00:00,194.49,27/09/2024 16:00:00,23.47,27/09/2024 16:00:00,210.83,27/09/2024 16:00:00,40.14,27/09/2024 16:00:00,16.04,27/09/2024 16:00:00,117.8,,,27/09/2024 16:00:00,142.22,27/09/2024 16:00:00,27.97,27/09/2024 16:00:00,148.77,27/09/2024 16:00:00,38.97,27/09/2024 16:00:00,10.85,27/09/2024 16:00:00,183.74,27/09/2024 16:00:00,414.1,27/09/2024 16:00:00,267.75,27/09/2024 16:00:00,945.47,31/12/2024 14:10:00,0.3,,,27/09/2024 16:00:00,57.36,27/09/2024 16:00:00,110.02,27/09/2024 16:00:00,137.52,27/09/2024 16:00:00,115.5,27/09/2024 16:00:00,121.2,27/09/2024 16:00:00,83.77
30/09/2024 16:00:00,230.04,30/09/2024 16:00:00,115.46,30/09/2024 16:00:00,428.21,30/09/2024 16:00:00,79.9,30/09/2024 16:00:00,220.65,30/09/2024 16:00:00,145.37,30/09/2024 16:00:00,185.27,30/09/2024 16:00:00,22,30/09/2024 16:00:00,164.78,30/09/2024 16:00:00,161.42,30/09/2024 16:00:00,173.73,30/09/2024 16:00:00,29.11,30/09/2024 16:00:00,55.66,30/09/2024 16:00:00,72.01,30/09/2024 16:00:00,121.25,30/09/2024 16:00:00,169.5,30/09/2024 16:00:00,206.31,30/09/2024 16:00:00,113.61,30/09/2024 16:00:00,23.74,30/09/2024 16:00:00,45.13,30/09/2024 16:00:00,170.58,30/09/2024 16:00:00,171.37,30/09/2024 16:00:00,187.14,30/09/2024 16:00:00,112.57,30/09/2024 16:00:00,41.96,30/09/2024 16:00:00,53.02,30/09/2024 16:00:00,41.75,30/09/2024 16:00:00,303.8,30/09/2024 16:00:00,96.85,30/09/2024 16:00:00,275,30/09/2024 16:00:00,61.68,30/09/2024 16:00:00,39.23,30/09/2024 16:00:00,400.2,30/09/2024 16:00:00,51.16,30/09/2024 16:00:00,134.76,,,30/09/2024 17:36:00,38.48,30/09/2024 16:00:00,51.17,30/09/2024 16:00:00,104.46,30/09/2024 16:00:00,137.76,30/09/2024 16:00:00,321.32,30/09/2024 16:00:00,270.08,30/09/2024 16:00:00,45.27,30/09/2024 16:00:00,73.22,30/09/2024 16:00:00,389.38,30/09/2024 16:00:00,245,30/09/2024 16:00:00,63.11,30/09/2024 16:00:00,63.94,30/09/2024 16:00:00,28.09,30/09/2024 16:00:00,26.51,30/09/2024 16:00:00,154.79,30/09/2024 16:00:00,584,30/09/2024 16:00:00,51.51,30/09/2024 16:00:00,491.87,30/09/2024 16:00:00,495.97,30/09/2024 16:00:00,104.1,,,30/09/2024 16:00:00,864.52,30/09/2024 16:00:00,167.37,30/09/2024 16:00:00,89.64,02/10/2024 16:00:00,1.77,30/09/2024 16:00:00,208.1,30/09/2024 16:00:00,89.67,30/09/2024 16:00:00,83.15,30/09/2024 16:00:00,155,30/09/2024 16:00:00,89.5,30/09/2024 16:00:00,891.37,30/09/2024 16:00:00,90.05,,,30/09/2024 16:00:00,348.65,30/09/2024 16:00:00,35.5,30/09/2024 16:00:00,108.65,30/09/2024 16:00:00,275.87,30/09/2024 16:00:00,82.39,30/09/2024 16:00:00,10.48,30/09/2024 16:00:00,55.09,19/02/2025 16:00:00,0.01,30/09/2024 16:00:00,97.39,30/09/2024 16:00:00,50.21,30/09/2024 16:00:00,193.36,30/09/2024 16:00:00,24.38,30/09/2024 16:00:00,206.1,30/09/2024 16:00:00,40.38,30/09/2024 16:00:00,15.9,30/09/2024 16:00:00,117.71,,,30/09/2024 16:00:00,143.14,30/09/2024 16:00:00,28.6,30/09/2024 16:00:00,148.54,30/09/2024 16:00:00,37.75,30/09/2024 16:00:00,10.8,30/09/2024 16:00:00,183.16,30/09/2024 16:00:00,416.25,30/09/2024 16:00:00,268.43,30/09/2024 16:00:00,944,09/01/2025 16:00:00,0.3,,,30/09/2024 16:00:00,57.21,30/09/2024 16:00:00,110.22,30/09/2024 16:00:00,139.98,30/09/2024 16:00:00,115.82,30/09/2024 16:00:00,122.27,30/09/2024 16:00:00,84.5
01/10/2024 16:00:00,229.52,01/10/2024 16:00:00,116.04,01/10/2024 16:00:00,428.45,01/10/2024 16:00:00,80.68,01/10/2024 16:00:00,220.63,01/10/2024 16:00:00,146.35,01/10/2024 16:00:00,187.49,01/10/2024 16:00:00,21.93,01/10/2024 16:00:00,168.86,01/10/2024 16:00:00,162.43,01/10/2024 16:00:00,173.24,01/10/2024 16:00:00,29.05,01/10/2024 16:00:00,56,01/10/2024 16:00:00,72.1,01/10/2024 16:00:00,121.5,01/10/2024 16:00:00,170.22,01/10/2024 16:00:00,208.9,01/10/2024 16:00:00,113.96,01/10/2024 16:00:00,23.46,01/10/2024 16:00:00,44.96,01/10/2024 16:00:00,171.29,01/10/2024 16:00:00,169.8,01/10/2024 16:00:00,184.9,01/10/2024 16:00:00,114.21,01/10/2024 16:00:00,41.75,01/10/2024 16:00:00,53.11,01/10/2024 16:00:00,41.63,01/10/2024 16:00:00,304.51,01/10/2024 16:00:00,95.19,01/10/2024 16:00:00,276.97,01/10/2024 16:00:00,62.22,01/10/2024 16:00:00,39.51,01/10/2024 16:00:00,404.02,01/10/2024 16:00:00,51.23,01/10/2024 16:00:00,136.3,,,01/10/2024 17:36:00,38.37,01/10/2024 16:00:00,51.06,01/10/2024 16:00:00,104.54,01/10/2024 16:00:00,136,01/10/2024 16:00:00,322.05,01/10/2024 16:00:00,271.28,01/10/2024 16:00:00,45.38,01/10/2024 16:00:00,72.96,01/10/2024 16:00:00,391.27,01/10/2024 16:00:00,246.17,01/10/2024 16:00:00,63,01/10/2024 16:00:00,65.15,01/10/2024 16:00:00,27.93,01/10/2024 16:00:00,26.61,01/10/2024 16:00:00,151.46,01/10/2024 16:00:00,585,01/10/2024 16:00:00,51.95,01/10/2024 16:00:00,497.26,01/10/2024 16:00:00,494.58,01/10/2024 16:00:00,103.77,,,01/10/2024 16:00:00,888.83,01/10/2024 16:00:00,169,01/10/2024 16:00:00,89.2,03/10/2024 16:00:00,1.71,01/10/2024 16:00:00,206.43,01/10/2024 16:00:00,88,01/10/2024 16:00:00,83.82,01/10/2024 16:00:00,155.25,01/10/2024 16:00:00,90.25,01/10/2024 16:00:00,885.25,01/10/2024 16:00:00,90.46,,,01/10/2024 16:00:00,354.99,01/10/2024 16:00:00,35.04,01/10/2024 16:00:00,109.19,01/10/2024 16:00:00,278.62,01/10/2024 16:00:00,82.15,01/10/2024 16:00:00,10.72,01/10/2024 16:00:00,54.57,20/02/2025 16:00:00,0.01,01/10/2024 16:00:00,97.49,01/10/2024 16:00:00,50.55,01/10/2024 16:00:00,194.61,01/10/2024 16:00:00,24.21,01/10/2024 16:00:00,206.06,01/10/2024 16:00:00,40.55,01/10/2024 16:00:00,15.9,01/10/2024 16:00:00,117.5,,,01/10/2024 16:00:00,142.35,01/10/2024 16:00:00,28.82,01/10/2024 16:00:00,149.65,01/10/2024 16:00:00,38.01,01/10/2024 16:00:00,10.69,01/10/2024 16:00:00,183.49,01/10/2024 16:00:00,415.18,01/10/2024 16:00:00,270.01,01/10/2024 16:00:00,945.32,16/01/2025 16:00:00,0.3,,,01/10/2024 16:00:00,57.69,01/10/2024 16:00:00,111.77,01/10/2024 16:00:00,139.79,01/10/2024 16:00:00,115.45,01/10/2024 16:00:00,120.81,01/10/2024 16:00:00,84.11
02/10/2024 16:00:00,225.89,02/10/2024 16:00:00,121.93,02/10/2024 16:00:00,422.58,02/10/2024 16:00:00,80.99,02/10/2024 16:00:00,218.31,02/10/2024 16:00:00,151.68,02/10/2024 16:00:00,185.57,02/10/2024 16:00:00,22.05,02/10/2024 16:00:00,167.76,02/10/2024 16:00:00,161.51,02/10/2024 16:00:00,172.01,02/10/2024 16:00:00,28.6,02/10/2024 16:00:00,55.33,02/10/2024 16:00:00,71.39,02/10/2024 16:00:00,120.3,02/10/2024 16:00:00,167.6,02/10/2024 16:00:00,207.08,02/10/2024 16:00:00,114.55,02/10/2024 16:00:00,22.67,02/10/2024 16:00:00,45.13,02/10/2024 16:00:00,171.5,02/10/2024 16:00:00,166.15,02/10/2024 16:00:00,184.44,02/10/2024 16:00:00,113.38,02/10/2024 16:00:00,43.46,02/10/2024 16:00:00,52.4,02/10/2024 16:00:00,41.39,02/10/2024 16:00:00,300.58,02/10/2024 16:00:00,93.59,02/10/2024 16:00:00,276.57,02/10/2024 16:00:00,61.7,02/10/2024 16:00:00,39.25,02/10/2024 16:00:00,407.7,02/10/2024 16:00:00,54.02,02/10/2024 16:00:00,133.49,,,02/10/2024 17:36:00,37.73,02/10/2024 16:00:00,50.9,02/10/2024 16:00:00,111.28,02/10/2024 16:00:00,137.22,02/10/2024 16:00:00,317.63,02/10/2024 16:00:00,268.6,02/10/2024 16:00:00,44.47,02/10/2024 16:00:00,72.67,02/10/2024 16:00:00,391.98,02/10/2024 16:00:00,245.05,02/10/2024 16:00:00,63.01,02/10/2024 16:00:00,65.46,02/10/2024 16:00:00,28.16,02/10/2024 16:00:00,26.07,02/10/2024 16:00:00,153.76,02/10/2024 16:00:00,604.26,02/10/2024 16:00:00,52.83,02/10/2024 16:00:00,492.94,02/10/2024 16:00:00,491.17,02/10/2024 16:00:00,102.06,,,02/10/2024 16:00:00,880,02/10/2024 16:00:00,168.51,02/10/2024 16:00:00,87.76,04/10/2024 16:00:00,1.74,02/10/2024 16:00:00,205.57,02/10/2024 16:00:00,82.89,02/10/2024 16:00:00,83.33,02/10/2024 16:00:00,151.66,02/10/2024 16:00:00,89.54,02/10/2024 16:00:00,874.65,02/10/2024 16:00:00,90.25,,,02/10/2024 16:00:00,352.71,02/10/2024 16:00:00,34.79,02/10/2024 16:00:00,109.26,02/10/2024 16:00:00,274.49,02/10/2024 16:00:00,81.94,02/10/2024 16:00:00,10.73,02/10/2024 16:00:00,54.68,21/02/2025 16:00:00,0.01,02/10/2024 16:00:00,96.83,02/10/2024 16:00:00,50.86,02/10/2024 16:00:00,190.08,02/10/2024 16:00:00,26.29,02/10/2024 16:00:00,202.91,02/10/2024 16:00:00,40.59,02/10/2024 16:00:00,16.41,02/10/2024 16:00:00,116,,,02/10/2024 16:00:00,142.07,02/10/2024 16:00:00,30.39,02/10/2024 16:00:00,146.85,02/10/2024 16:00:00,36.85,02/10/2024 16:00:00,10.72,02/10/2024 16:00:00,179.55,02/10/2024 16:00:00,416.12,02/10/2024 16:00:00,271.78,02/10/2024 16:00:00,939.87,28/01/2025 16:00:00,0.3,,,02/10/2024 16:00:00,58,02/10/2024 16:00:00,113.06,02/10/2024 16:00:00,138.72,02/10/2024 16:00:00,115.5,02/10/2024 16:00:00,129.21,02/10/2024 16:00:00,84.77
03/10/2024 16:00:00,225.14,03/10/2024 16:00:00,121.9,03/10/2024 16:00:00,417.63,03/10/2024 16:00:00,80.3,03/10/2024 16:00:00,219.5,03/10/2024 16:00:00,151.31,03/10/2024 16:00:00,186.5,03/10/2024 16:00:00,22.13,03/10/2024 16:00:00,165.82,03/10/2024 16:00:00,160.78,03/10/2024 16:00:00,171.37,03/10/2024 16:00:00,28.5,03/10/2024 16:00:00,55.08,03/10/2024 16:00:00,70.86,03/10/2024 16:00:00,119.27,03/10/2024 16:00:00,166.89,03/10/2024 16:00:00,206.17,03/10/2024 16:00:00,111.82,03/10/2024 16:00:00,22.14,03/10/2024 16:00:00,44.93,03/10/2024 16:00:00,168.14,03/10/2024 16:00:00,165.95,03/10/2024 16:00:00,183.05,03/10/2024 16:00:00,113.51,03/10/2024 16:00:00,43.94,03/10/2024 16:00:00,52.19,03/10/2024 16:00:00,41.03,03/10/2024 16:00:00,303.5,03/10/2024 16:00:00,93.61,03/10/2024 16:00:00,276.67,03/10/2024 16:00:00,61.5,03/10/2024 16:00:00,38.98,03/10/2024 16:00:00,409,03/10/2024 16:00:00,53.53,03/10/2024 16:00:00,132.59,,,03/10/2024 17:36:00,36.89,03/10/2024 16:00:00,50.5,03/10/2024 16:00:00,110.7,03/10/2024 16:00:00,135,03/10/2024 16:00:00,317.11,03/10/2024 16:00:00,269.64,03/10/2024 16:00:00,44.04,03/10/2024 16:00:00,72.32,03/10/2024 16:00:00,392.34,03/10/2024 16:00:00,242.43,03/10/2024 16:00:00,61.95,03/10/2024 16:00:00,65.07,03/10/2024 16:00:00,27.7,03/10/2024 16:00:00,26.07,03/10/2024 16:00:00,152.12,03/10/2024 16:00:00,590.61,03/10/2024 16:00:00,53.85,03/10/2024 16:00:00,495.55,03/10/2024 16:00:00,489.93,03/10/2024 16:00:00,101.65,,,03/10/2024 16:00:00,889.54,03/10/2024 16:00:00,168.2,03/10/2024 16:00:00,87.54,07/10/2024 16:00:00,1.71,03/10/2024 16:00:00,202.5,03/10/2024 16:00:00,82.4,03/10/2024 16:00:00,84.25,03/10/2024 16:00:00,149.89,03/10/2024 16:00:00,89.02,03/10/2024 16:00:00,874.44,03/10/2024 16:00:00,91.82,,,03/10/2024 16:00:00,359.55,03/10/2024 16:00:00,35.07,03/10/2024 16:00:00,110.01,03/10/2024 16:00:00,272.86,03/10/2024 16:00:00,81.56,03/10/2024 16:00:00,10.41,03/10/2024 16:00:00,54.46,24/02/2025 16:00:00,0.02,03/10/2024 16:00:00,95.64,03/10/2024 16:00:00,49.64,03/10/2024 16:00:00,187.21,03/10/2024 16:00:00,25.84,03/10/2024 16:00:00,201.08,03/10/2024 16:00:00,41,03/10/2024 16:00:00,16.07,03/10/2024 16:00:00,115.5,,,03/10/2024 16:00:00,141.41,03/10/2024 16:00:00,29.9,03/10/2024 16:00:00,145.31,03/10/2024 16:00:00,35.91,03/10/2024 16:00:00,10.74,03/10/2024 16:00:00,178.37,03/10/2024 16:00:00,412.69,03/10/2024 16:00:00,271.48,03/10/2024 16:00:00,953.57,31/01/2025 16:00:00,0.32,,,03/10/2024 16:00:00,58.48,03/10/2024 16:00:00,114.12,03/10/2024 16:00:00,138.64,03/10/2024 16:00:00,116.98,03/10/2024 16:00:00,128.66,03/10/2024 16:00:00,85.65
04/10/2024 16:00:00,227.9,04/10/2024 16:00:00,123.2,04/10/2024 16:00:00,418.24,04/10/2024 16:00:00,80.05,04/10/2024 16:00:00,223.75,04/10/2024 16:00:00,152.48,04/10/2024 16:00:00,186.58,04/10/2024 16:00:00,21.7,04/10/2024 16:00:00,169.34,04/10/2024 16:00:00,159.63,04/10/2024 16:00:00,168.85,04/10/2024 16:00:00,28.29,04/10/2024 16:00:00,55.99,04/10/2024 16:00:00,69.96,04/10/2024 16:00:00,117.74,04/10/2024 16:00:00,168.71,04/10/2024 16:00:00,209.3,04/10/2024 16:00:00,109.49,04/10/2024 16:00:00,22.7,04/10/2024 16:00:00,43.77,04/10/2024 16:00:00,167.15,04/10/2024 16:00:00,172.55,04/10/2024 16:00:00,185.75,04/10/2024 16:00:00,112.13,04/10/2024 16:00:00,45.53,04/10/2024 16:00:00,52.8,04/10/2024 16:00:00,40.89,04/10/2024 16:00:00,303.05,04/10/2024 16:00:00,94.3,04/10/2024 16:00:00,277.35,04/10/2024 16:00:00,62.47,04/10/2024 16:00:00,39.93,04/10/2024 16:00:00,410.07,04/10/2024 16:00:00,55.13,04/10/2024 16:00:00,131.85,,,04/10/2024 17:36:00,36.31,04/10/2024 16:00:00,49.7,04/10/2024 16:00:00,113.57,04/10/2024 16:00:00,135.84,04/10/2024 16:00:00,318.72,04/10/2024 16:00:00,272.25,04/10/2024 16:00:00,44.72,04/10/2024 16:00:00,73.12,04/10/2024 16:00:00,396.72,04/10/2024 16:00:00,241.72,04/10/2024 16:00:00,63.72,04/10/2024 16:00:00,66.19,04/10/2024 16:00:00,27.95,04/10/2024 16:00:00,26.23,04/10/2024 16:00:00,152.26,04/10/2024 16:00:00,592.13,04/10/2024 16:00:00,53.4,04/10/2024 16:00:00,495.56,04/10/2024 16:00:00,495.64,04/10/2024 16:00:00,99.25,,,04/10/2024 16:00:00,885.91,04/10/2024 16:00:00,168.35,04/10/2024 16:00:00,87.89,09/10/2024 16:00:00,1.68,04/10/2024 16:00:00,204.57,04/10/2024 16:00:00,82.63,04/10/2024 16:00:00,84.34,04/10/2024 16:00:00,151.92,04/10/2024 16:00:00,87.96,04/10/2024 16:00:00,877.99,04/10/2024 16:00:00,89.9,,,04/10/2024 16:00:00,364.2,04/10/2024 16:00:00,36,04/10/2024 16:00:00,111.88,04/10/2024 16:00:00,271.56,04/10/2024 16:00:00,82.89,04/10/2024 16:00:00,10.59,04/10/2024 16:00:00,55.1,27/02/2025 16:00:00,0.01,04/10/2024 16:00:00,96.17,04/10/2024 16:00:00,50.61,04/10/2024 16:00:00,186.68,04/10/2024 16:00:00,26.99,04/10/2024 16:00:00,206.1,04/10/2024 16:00:00,40.4,04/10/2024 16:00:00,16.6,04/10/2024 16:00:00,115.11,,,04/10/2024 16:00:00,139.12,04/10/2024 16:00:00,31.01,04/10/2024 16:00:00,148.78,04/10/2024 16:00:00,35.25,04/10/2024 16:00:00,10.94,04/10/2024 16:00:00,181.35,04/10/2024 16:00:00,412,04/10/2024 16:00:00,270,04/10/2024 16:00:00,960.74,03/02/2025 16:00:00,0.32,,,04/10/2024 16:00:00,57.44,04/10/2024 16:00:00,114.11,04/10/2024 16:00:00,137.2,04/10/2024 16:00:00,114.63,04/10/2024 16:00:00,132,04/10/2024 16:00:00,83.49
07/10/2024 16:00:00,224.5,07/10/2024 16:00:00,125.25,07/10/2024 16:00:00,416,07/10/2024 16:00:00,80.69,07/10/2024 16:00:00,225.38,07/10/2024 16:00:00,151.5,07/10/2024 16:00:00,185.94,07/10/2024 16:00:00,21.91,07/10/2024 16:00:00,169.14,07/10/2024 16:00:00,160.25,07/10/2024 16:00:00,169.16,07/10/2024 16:00:00,29.37,07/10/2024 16:00:00,57.23,07/10/2024 16:00:00,70.05,07/10/2024 16:00:00,118.91,07/10/2024 16:00:00,170.42,07/10/2024 16:00:00,211.03,07/10/2024 16:00:00,109.7,07/10/2024 16:00:00,22.4,07/10/2024 16:00:00,44.08,07/10/2024 16:00:00,167.72,07/10/2024 16:00:00,167.64,07/10/2024 16:00:00,182.95,07/10/2024 16:00:00,112.3,07/10/2024 16:00:00,45.6,07/10/2024 16:00:00,52.58,07/10/2024 16:00:00,40.94,07/10/2024 16:00:00,303.76,07/10/2024 16:00:00,95.09,07/10/2024 16:00:00,277.6,07/10/2024 16:00:00,62.49,07/10/2024 16:00:00,40.21,07/10/2024 16:00:00,404.89,07/10/2024 16:00:00,55.98,07/10/2024 16:00:00,131.04,,,07/10/2024 17:36:00,36.08,07/10/2024 16:00:00,50.1,07/10/2024 16:00:00,114.94,07/10/2024 16:00:00,134.72,07/10/2024 16:00:00,320.08,07/10/2024 16:00:00,274.35,07/10/2024 16:00:00,44.58,07/10/2024 16:00:00,75.36,07/10/2024 16:00:00,396.45,07/10/2024 16:00:00,237.7,07/10/2024 16:00:00,64.27,07/10/2024 16:00:00,66.21,07/10/2024 16:00:00,28.05,07/10/2024 16:00:00,26,07/10/2024 16:00:00,155,07/10/2024 16:00:00,588.79,07/10/2024 16:00:00,54,07/10/2024 16:00:00,497.33,07/10/2024 16:00:00,494.63,07/10/2024 16:00:00,99.58,,,07/10/2024 16:00:00,890.51,07/10/2024 16:00:00,168.49,07/10/2024 16:00:00,85.87,10/10/2024 16:00:00,1.77,07/10/2024 16:00:00,202.21,07/10/2024 16:00:00,82.14,07/10/2024 16:00:00,85.05,07/10/2024 16:00:00,152.63,07/10/2024 16:00:00,87.86,07/10/2024 16:00:00,881.6,07/10/2024 16:00:00,90.06,,,07/10/2024 16:00:00,360,07/10/2024 16:00:00,35.97,07/10/2024 16:00:00,110.66,07/10/2024 16:00:00,268.5,07/10/2024 16:00:00,83.95,07/10/2024 16:00:00,10.55,07/10/2024 16:00:00,55.02,28/02/2025 16:00:00,0.01,07/10/2024 16:00:00,96.19,07/10/2024 16:00:00,50.42,07/10/2024 16:00:00,184.76,07/10/2024 16:00:00,27.08,07/10/2024 16:00:00,200.59,07/10/2024 16:00:00,39.99,07/10/2024 16:00:00,16.59,07/10/2024 16:00:00,114.31,,,07/10/2024 16:00:00,141.79,07/10/2024 16:00:00,31.25,07/10/2024 16:00:00,152.3,07/10/2024 16:00:00,36.02,07/10/2024 16:00:00,11.11,07/10/2024 16:00:00,181.98,07/10/2024 16:00:00,407.87,07/10/2024 16:00:00,265.15,07/10/2024 16:00:00,952,05/02/2025 16:00:00,0.3,,,07/10/2024 16:00:00,58,07/10/2024 16:00:00,114.97,07/10/2024 16:00:00,136.14,07/10/2024 16:00:00,113.79,07/10/2024 16:00:00,133.25,07/10/2024 16:00:00,83.55
08/10/2024 16:00:00,224.3,08/10/2024 16:00:00,123.88,08/10/2024 16:00:00,410.9,08/10/2024 16:00:00,79.62,08/10/2024 16:00:00,228.11,08/10/2024 16:00:00,149.2,08/10/2024 16:00:00,187.62,08/10/2024 16:00:00,21.92,08/10/2024 16:00:00,165.43,08/10/2024 16:00:00,159.49,08/10/2024 16:00:00,166.85,08/10/2024 16:00:00,29.21,08/10/2024 16:00:00,58.28,08/10/2024 16:00:00,69.04,08/10/2024 16:00:00,119.24,08/10/2024 16:00:00,170.6,08/10/2024 16:00:00,210.58,08/10/2024 16:00:00,107.97,08/10/2024 16:00:00,22.25,08/10/2024 16:00:00,44,08/10/2024 16:00:00,167.72,08/10/2024 16:00:00,164.86,08/10/2024 16:00:00,181.92,08/10/2024 16:00:00,113.75,08/10/2024 16:00:00,44.95,08/10/2024 16:00:00,52.64,08/10/2024 16:00:00,40.57,08/10/2024 16:00:00,302.64,08/10/2024 16:00:00,92.52,08/10/2024 16:00:00,274.71,08/10/2024 16:00:00,62.9,08/10/2024 16:00:00,40.05,08/10/2024 16:00:00,409.8,08/10/2024 16:00:00,54.92,08/10/2024 16:00:00,131.51,,,08/10/2024 17:36:00,35.45,08/10/2024 16:00:00,49.98,08/10/2024 16:00:00,112.74,08/10/2024 16:00:00,134.48,08/10/2024 16:00:00,319.17,08/10/2024 16:00:00,271.25,08/10/2024 16:00:00,44.57,08/10/2024 16:00:00,73.92,08/10/2024 16:00:00,394.26,08/10/2024 16:00:00,237.68,08/10/2024 16:00:00,65.3,08/10/2024 16:00:00,66.75,08/10/2024 16:00:00,27.79,08/10/2024 16:00:00,26.05,08/10/2024 16:00:00,155.99,08/10/2024 16:00:00,588.06,08/10/2024 16:00:00,53.5,08/10/2024 16:00:00,492.5,08/10/2024 16:00:00,497,08/10/2024 16:00:00,98.46,,,08/10/2024 16:00:00,903,08/10/2024 16:00:00,168.32,08/10/2024 16:00:00,85.68,15/10/2024 16:00:00,1.77,08/10/2024 16:00:00,208.69,08/10/2024 16:00:00,80.75,08/10/2024 16:00:00,84.52,08/10/2024 16:00:00,148.99,08/10/2024 16:00:00,87.32,08/10/2024 16:00:00,876.7,08/10/2024 16:00:00,89.2,,,08/10/2024 16:00:00,359.53,08/10/2024 16:00:00,35.8,08/10/2024 16:00:00,111.45,08/10/2024 16:00:00,266.98,08/10/2024 16:00:00,83.49,08/10/2024 16:00:00,10.5,08/10/2024 16:00:00,53.75,03/03/2025 16:00:00,0.01,08/10/2024 16:00:00,96.05,08/10/2024 16:00:00,48.97,08/10/2024 16:00:00,182.73,08/10/2024 16:00:00,26.26,08/10/2024 16:00:00,200.98,08/10/2024 16:00:00,39.68,08/10/2024 16:00:00,16.3,08/10/2024 16:00:00,112.8,,,08/10/2024 16:00:00,141.19,08/10/2024 16:00:00,30.53,08/10/2024 16:00:00,152.27,08/10/2024 16:00:00,35.96,08/10/2024 16:00:00,11.02,08/10/2024 16:00:00,183.14,08/10/2024 16:00:00,403.54,08/10/2024 16:00:00,270.48,08/10/2024 16:00:00,951.55,07/02/2025 16:00:00,0.32,,,08/10/2024 16:00:00,57.42,08/10/2024 16:00:00,112.28,08/10/2024 16:00:00,135.99,08/10/2024 16:00:00,111,08/10/2024 16:00:00,132.5,08/10/2024 16:00:00,80.78
09/10/2024 16:00:00,225.23,09/10/2024 16:00:00,120.9,09/10/2024 16:00:00,415.86,09/10/2024 16:00:00,79.82,09/10/2024 16:00:00,229.2,09/10/2024 16:00:00,147.51,09/10/2024 16:00:00,186.63,09/10/2024 16:00:00,21.87,09/10/2024 16:00:00,164.86,09/10/2024 16:00:00,159.92,09/10/2024 16:00:00,168.38,09/10/2024 16:00:00,29.22,09/10/2024 16:00:00,57.32,09/10/2024 16:00:00,69.19,09/10/2024 16:00:00,118.81,09/10/2024 16:00:00,174.56,09/10/2024 16:00:00,209.7,09/10/2024 16:00:00,108.41,09/10/2024 16:00:00,23.25,09/10/2024 16:00:00,44.06,09/10/2024 16:00:00,169.38,09/10/2024 16:00:00,165.95,09/10/2024 16:00:00,182.82,09/10/2024 16:00:00,114.98,09/10/2024 16:00:00,43.78,09/10/2024 16:00:00,52.65,09/10/2024 16:00:00,40.96,09/10/2024 16:00:00,302.94,09/10/2024 16:00:00,91.86,09/10/2024 16:00:00,275,09/10/2024 16:00:00,63.17,09/10/2024 16:00:00,39.87,09/10/2024 16:00:00,420,09/10/2024 16:00:00,53.8,09/10/2024 16:00:00,131.93,,,09/10/2024 17:36:00,35.31,09/10/2024 16:00:00,49.66,09/10/2024 16:00:00,109.91,09/10/2024 16:00:00,134.59,09/10/2024 16:00:00,316.66,09/10/2024 16:00:00,268.81,09/10/2024 16:00:00,44.33,09/10/2024 16:00:00,74.42,09/10/2024 16:00:00,388.17,09/10/2024 16:00:00,237.11,09/10/2024 16:00:00,65.9,09/10/2024 16:00:00,67.05,09/10/2024 16:00:00,27.6,09/10/2024 16:00:00,25.94,09/10/2024 16:00:00,152.05,09/10/2024 16:00:00,582.16,09/10/2024 16:00:00,52.25,09/10/2024 16:00:00,498.38,09/10/2024 16:00:00,498.2,09/10/2024 16:00:00,100.58,,,09/10/2024 16:00:00,916.29,09/10/2024 16:00:00,166.81,09/10/2024 16:00:00,84.75,16/10/2024 16:00:00,1.74,09/10/2024 16:00:00,207.02,09/10/2024 16:00:00,81.14,09/10/2024 16:00:00,85.18,09/10/2024 16:00:00,151.56,09/10/2024 16:00:00,87.96,09/10/2024 16:00:00,892.24,09/10/2024 16:00:00,89.44,,,09/10/2024 16:00:00,360.98,09/10/2024 16:00:00,35.98,09/10/2024 16:00:00,109.91,09/10/2024 16:00:00,269.78,09/10/2024 16:00:00,83.3,09/10/2024 16:00:00,10.49,09/10/2024 16:00:00,53.08,04/03/2025 16:00:00,0.01,09/10/2024 16:00:00,96.48,09/10/2024 16:00:00,48.02,09/10/2024 16:00:00,182.46,09/10/2024 16:00:00,25.89,09/10/2024 16:00:00,201.55,09/10/2024 16:00:00,39.5,09/10/2024 16:00:00,15.87,09/10/2024 16:00:00,113.42,,,09/10/2024 16:00:00,141.85,09/10/2024 16:00:00,29.77,09/10/2024 16:00:00,149.91,09/10/2024 16:00:00,36.86,09/10/2024 16:00:00,10.97,09/10/2024 16:00:00,180.77,09/10/2024 16:00:00,401.5,09/10/2024 16:00:00,278.1,09/10/2024 16:00:00,950,12/02/2025 16:00:00,0.32,,,09/10/2024 16:00:00,56.78,09/10/2024 16:00:00,112.23,09/10/2024 16:00:00,135,09/10/2024 16:00:00,110.8,09/10/2024 16:00:00,130.38,09/10/2024 16:00:00,79.66
10/10/2024 16:00:00,227.78,10/10/2024 16:00:00,123.16,10/10/2024 16:00:00,415.23,10/10/2024 16:00:00,80.31,10/10/2024 16:00:00,235.1,10/10/2024 16:00:00,150.68,10/10/2024 16:00:00,188.15,10/10/2024 16:00:00,21.6,10/10/2024 16:00:00,162.11,10/10/2024 16:00:00,161.36,10/10/2024 16:00:00,168.8,10/10/2024 16:00:00,29.89,10/10/2024 16:00:00,57.72,10/10/2024 16:00:00,69.83,10/10/2024 16:00:00,120.62,10/10/2024 16:00:00,177.65,10/10/2024 16:00:00,214.81,10/10/2024 16:00:00,110.7,10/10/2024 16:00:00,23.19,10/10/2024 16:00:00,43.44,10/10/2024 16:00:00,172.07,10/10/2024 16:00:00,167.23,10/10/2024 16:00:00,187.13,10/10/2024 16:00:00,116.22,10/10/2024 16:00:00,44.58,10/10/2024 16:00:00,53.7,10/10/2024 16:00:00,41.52,10/10/2024 16:00:00,304.03,10/10/2024 16:00:00,93.72,10/10/2024 16:00:00,276.78,10/10/2024 16:00:00,64,10/10/2024 16:00:00,40.01,10/10/2024 16:00:00,409.72,10/10/2024 16:00:00,54.34,10/10/2024 16:00:00,132.71,,,10/10/2024 17:36:00,35.43,10/10/2024 16:00:00,50.49,10/10/2024 16:00:00,111.64,10/10/2024 16:00:00,134.43,10/10/2024 16:00:00,320.95,10/10/2024 16:00:00,270.93,10/10/2024 16:00:00,44.9,10/10/2024 16:00:00,77.39,10/10/2024 16:00:00,395.18,10/10/2024 16:00:00,237.45,10/10/2024 16:00:00,67.38,10/10/2024 16:00:00,66.96,10/10/2024 16:00:00,27.76,10/10/2024 16:00:00,26.24,10/10/2024 16:00:00,149.07,10/10/2024 16:00:00,595.18,10/10/2024 16:00:00,53.03,10/10/2024 16:00:00,500,10/10/2024 16:00:00,506.31,10/10/2024 16:00:00,101.22,,,10/10/2024 16:00:00,920,10/10/2024 16:00:00,168.21,10/10/2024 16:00:00,85.49,18/10/2024 16:00:00,1.74,10/10/2024 16:00:00,211.5,10/10/2024 16:00:00,83.4,10/10/2024 16:00:00,85.83,10/10/2024 16:00:00,154.33,10/10/2024 16:00:00,89.26,10/10/2024 16:00:00,910,10/10/2024 16:00:00,88.97,,,10/10/2024 16:00:00,363.56,10/10/2024 16:00:00,36.56,10/10/2024 16:00:00,110.79,10/10/2024 16:00:00,268.37,10/10/2024 16:00:00,84.7,10/10/2024 16:00:00,10.58,10/10/2024 16:00:00,53.42,05/03/2025 16:00:00,0.02,10/10/2024 16:00:00,95.42,10/10/2024 16:00:00,48.92,10/10/2024 16:00:00,184.56,10/10/2024 16:00:00,26.54,10/10/2024 16:00:00,201.96,10/10/2024 16:00:00,39.61,10/10/2024 16:00:00,16,10/10/2024 16:00:00,113.73,,,10/10/2024 16:00:00,142.23,10/10/2024 16:00:00,30.63,10/10/2024 16:00:00,151.07,10/10/2024 16:00:00,37.78,10/10/2024 16:00:00,11.06,10/10/2024 16:00:00,182.68,10/10/2024 16:00:00,404.77,10/10/2024 16:00:00,272.82,10/10/2024 16:00:00,955,24/02/2025 16:00:00,0.32,,,10/10/2024 16:00:00,56.58,10/10/2024 16:00:00,112.17,10/10/2024 16:00:00,134.31,10/10/2024 16:00:00,111.89,10/10/2024 16:00:00,131.87,10/10/2024 16:00:00,81
11/10/2024 16:00:00,229.3,11/10/2024 16:00:00,123.1,11/10/2024 16:00:00,416.14,11/10/2024 16:00:00,79.7,11/10/2024 16:00:00,233.25,11/10/2024 16:00:00,150.38,11/10/2024 16:00:00,189.41,11/10/2024 16:00:00,21.3,11/10/2024 16:00:00,163.33,11/10/2024 16:00:00,162.18,11/10/2024 16:00:00,169.46,11/10/2024 16:00:00,29.36,11/10/2024 16:00:00,59.96,11/10/2024 16:00:00,69.46,11/10/2024 16:00:00,119.65,11/10/2024 16:00:00,175.5,11/10/2024 16:00:00,215.67,11/10/2024 16:00:00,109.1,11/10/2024 16:00:00,23.05,11/10/2024 16:00:00,43.15,11/10/2024 16:00:00,174,11/10/2024 16:00:00,168,11/10/2024 16:00:00,186.63,11/10/2024 16:00:00,116.21,11/10/2024 16:00:00,44.32,11/10/2024 16:00:00,53.52,11/10/2024 16:00:00,41.17,11/10/2024 16:00:00,304.42,11/10/2024 16:00:00,92.85,11/10/2024 16:00:00,276.04,11/10/2024 16:00:00,64.12,11/10/2024 16:00:00,40.5,11/10/2024 16:00:00,410.56,11/10/2024 16:00:00,54.35,11/10/2024 16:00:00,133.27,,,11/10/2024 17:36:00,35.76,11/10/2024 16:00:00,49.9,11/10/2024 16:00:00,110.75,11/10/2024 16:00:00,133.4,11/10/2024 16:00:00,322.2,11/10/2024 16:00:00,271.38,11/10/2024 16:00:00,45.4,11/10/2024 16:00:00,76.56,11/10/2024 16:00:00,396.64,11/10/2024 16:00:00,240.08,11/10/2024 16:00:00,67.1,11/10/2024 16:00:00,66.43,11/10/2024 16:00:00,27.93,11/10/2024 16:00:00,25.66,11/10/2024 16:00:00,146.3,11/10/2024 16:00:00,596.49,11/10/2024 16:00:00,52.58,11/10/2024 16:00:00,496.51,11/10/2024 16:00:00,508,11/10/2024 16:00:00,99.63,,,11/10/2024 16:00:00,916.04,11/10/2024 16:00:00,168.94,11/10/2024 16:00:00,86.31,21/10/2024 16:00:00,1.74,11/10/2024 16:00:00,215.18,11/10/2024 16:00:00,82.04,11/10/2024 16:00:00,84.86,11/10/2024 16:00:00,156.69,11/10/2024 16:00:00,88.98,11/10/2024 16:00:00,894.5,11/10/2024 16:00:00,88.61,,,11/10/2024 16:00:00,362.52,11/10/2024 16:00:00,36.94,11/10/2024 16:00:00,110.96,11/10/2024 16:00:00,267.64,11/10/2024 16:00:00,84.5,11/10/2024 16:00:00,10.64,11/10/2024 16:00:00,53.75,06/03/2025 16:00:00,0.01,11/10/2024 16:00:00,94.14,11/10/2024 16:00:00,49.47,11/10/2024 16:00:00,189,11/10/2024 16:00:00,26.75,11/10/2024 16:00:00,201.37,11/10/2024 16:00:00,39.24,11/10/2024 16:00:00,16.13,11/10/2024 16:00:00,112.63,,,11/10/2024 16:00:00,141.77,11/10/2024 16:00:00,30.52,11/10/2024 16:00:00,152,11/10/2024 16:00:00,37.14,11/10/2024 16:00:00,11.12,11/10/2024 16:00:00,185,11/10/2024 16:00:00,405.05,11/10/2024 16:00:00,274.01,11/10/2024 16:00:00,963.21,25/02/2025 16:00:00,0.32,,,11/10/2024 16:00:00,55.49,11/10/2024 16:00:00,112.1,11/10/2024 16:00:00,133.47,11/10/2024 16:00:00,113.4,11/10/2024 16:00:00,131.68,11/10/2024 16:00:00,80.98
14/10/2024 16:00:00,228.7,14/10/2024 16:00:00,123.24,14/10/2024 16:00:00,417.77,14/10/2024 16:00:00,80.05,14/10/2024 16:00:00,233.57,14/10/2024 16:00:00,150.52,14/10/2024 16:00:00,191.98,14/10/2024 16:00:00,21.36,14/10/2024 16:00:00,164.91,14/10/2024 16:00:00,161.4,14/10/2024 16:00:00,171.02,14/10/2024 16:00:00,29.16,14/10/2024 16:00:00,61.27,14/10/2024 16:00:00,69.57,14/10/2024 16:00:00,120.01,14/10/2024 16:00:00,176.55,14/10/2024 16:00:00,223.2,14/10/2024 16:00:00,109.43,14/10/2024 16:00:00,23.58,14/10/2024 16:00:00,43,14/10/2024 16:00:00,174.96,14/10/2024 16:00:00,171.34,14/10/2024 16:00:00,189.78,14/10/2024 16:00:00,116.26,14/10/2024 16:00:00,44.39,14/10/2024 16:00:00,54.31,14/10/2024 16:00:00,41.36,14/10/2024 16:00:00,305.15,14/10/2024 16:00:00,94.18,14/10/2024 16:00:00,279.08,14/10/2024 16:00:00,65.81,14/10/2024 16:00:00,41.96,14/10/2024 16:00:00,411.48,14/10/2024 16:00:00,54.27,14/10/2024 16:00:00,134,,,14/10/2024 17:36:00,35.48,14/10/2024 16:00:00,49.75,14/10/2024 16:00:00,109.7,14/10/2024 16:00:00,134.4,14/10/2024 16:00:00,325.59,14/10/2024 16:00:00,276.16,14/10/2024 16:00:00,46.19,14/10/2024 16:00:00,77.47,14/10/2024 16:00:00,393.39,14/10/2024 16:00:00,242.65,14/10/2024 16:00:00,66.77,14/10/2024 16:00:00,66.24,14/10/2024 16:00:00,28.06,14/10/2024 16:00:00,25.99,14/10/2024 16:00:00,148,14/10/2024 16:00:00,599.11,14/10/2024 16:00:00,52.14,14/10/2024 16:00:00,504.36,14/10/2024 16:00:00,517.65,14/10/2024 16:00:00,100.01,,,14/10/2024 16:00:00,936,14/10/2024 16:00:00,170.31,14/10/2024 16:00:00,86.07,22/10/2024 16:00:00,1.77,14/10/2024 16:00:00,216.24,14/10/2024 16:00:00,82,14/10/2024 16:00:00,84.92,14/10/2024 16:00:00,158.2,14/10/2024 16:00:00,89.53,14/10/2024 16:00:00,892.45,14/10/2024 16:00:00,88.75,,,14/10/2024 16:00:00,361.58,14/10/2024 16:00:00,37,14/10/2024 16:00:00,112.06,14/10/2024 16:00:00,270.4,14/10/2024 16:00:00,85.57,14/10/2024 16:00:00,10.71,14/10/2024 16:00:00,53.6,07/03/2025 16:00:00,0.01,14/10/2024 16:00:00,95.41,14/10/2024 16:00:00,47.92,14/10/2024 16:00:00,188.59,14/10/2024 16:00:00,26.8,14/10/2024 16:00:00,206.14,14/10/2024 16:00:00,39.74,14/10/2024 16:00:00,16.14,14/10/2024 16:00:00,114.02,,,14/10/2024 16:00:00,142.23,14/10/2024 16:00:00,30.47,14/10/2024 16:00:00,155.68,14/10/2024 16:00:00,36.59,14/10/2024 16:00:00,11.18,14/10/2024 16:00:00,187.26,14/10/2024 16:00:00,408.03,14/10/2024 16:00:00,275.69,14/10/2024 16:00:00,999.17,27/02/2025 16:00:00,0.33,,,14/10/2024 16:00:00,56.19,14/10/2024 16:00:00,113.6,14/10/2024 16:00:00,133.73,14/10/2024 16:00:00,114.17,14/10/2024 16:00:00,131.37,14/10/2024 16:00:00,81.9
15/10/2024 16:00:00,233.61,15/10/2024 16:00:00,120.82,15/10/2024 16:00:00,422.18,15/10/2024 16:00:00,80.67,15/10/2024 16:00:00,236.4,15/10/2024 16:00:00,148.8,15/10/2024 16:00:00,193.85,15/10/2024 16:00:00,21.39,15/10/2024 16:00:00,167.14,15/10/2024 16:00:00,161.4,15/10/2024 16:00:00,172.89,15/10/2024 16:00:00,29.09,15/10/2024 16:00:00,62.91,15/10/2024 16:00:00,70.46,15/10/2024 16:00:00,120.28,15/10/2024 16:00:00,176.94,15/10/2024 16:00:00,223.66,15/10/2024 16:00:00,109.96,15/10/2024 16:00:00,23.41,15/10/2024 16:00:00,43.47,15/10/2024 16:00:00,176.36,15/10/2024 16:00:00,177.22,15/10/2024 16:00:00,187.63,15/10/2024 16:00:00,116.75,15/10/2024 16:00:00,43.57,15/10/2024 16:00:00,54.42,15/10/2024 16:00:00,41.88,15/10/2024 16:00:00,305.15,15/10/2024 16:00:00,95.25,15/10/2024 16:00:00,281,15/10/2024 16:00:00,66.75,15/10/2024 16:00:00,43.23,15/10/2024 16:00:00,417.95,15/10/2024 16:00:00,54.27,15/10/2024 16:00:00,134.94,,,15/10/2024 17:36:00,35.34,15/10/2024 16:00:00,50,15/10/2024 16:00:00,106,15/10/2024 16:00:00,136,15/10/2024 16:00:00,326.03,15/10/2024 16:00:00,280.57,15/10/2024 16:00:00,47.45,15/10/2024 16:00:00,77.28,15/10/2024 16:00:00,390.63,15/10/2024 16:00:00,246.71,15/10/2024 16:00:00,66.77,15/10/2024 16:00:00,66.93,15/10/2024 16:00:00,28.02,15/10/2024 16:00:00,26.18,15/10/2024 16:00:00,150.5,15/10/2024 16:00:00,552.02,15/10/2024 16:00:00,51.31,15/10/2024 16:00:00,505.62,15/10/2024 16:00:00,538.8,15/10/2024 16:00:00,100.95,,,15/10/2024 16:00:00,924.44,15/10/2024 16:00:00,172,15/10/2024 16:00:00,86.93,23/10/2024 16:00:00,1.86,15/10/2024 16:00:00,218,15/10/2024 16:00:00,81.05,15/10/2024 16:00:00,85.18,15/10/2024 16:00:00,158.65,15/10/2024 16:00:00,90.05,15/10/2024 16:00:00,892.09,15/10/2024 16:00:00,90.5,,,15/10/2024 16:00:00,365.43,15/10/2024 16:00:00,37.55,15/10/2024 16:00:00,112.06,15/10/2024 16:00:00,272.38,15/10/2024 16:00:00,86.1,15/10/2024 16:00:00,10.91,15/10/2024 16:00:00,53.3,10/03/2025 16:00:00,0.01,15/10/2024 16:00:00,95.41,15/10/2024 16:00:00,47.99,15/10/2024 16:00:00,191.87,15/10/2024 16:00:00,26.8,15/10/2024 16:00:00,208.02,15/10/2024 16:00:00,40.17,15/10/2024 16:00:00,15.7,15/10/2024 16:00:00,115.83,,,15/10/2024 16:00:00,144,15/10/2024 16:00:00,29.63,15/10/2024 16:00:00,157.7,15/10/2024 16:00:00,36.59,15/10/2024 16:00:00,11.21,15/10/2024 16:00:00,190.5,15/10/2024 16:00:00,405.02,15/10/2024 16:00:00,281.92,15/10/2024 16:00:00,999.17,04/03/2025 16:00:00,0.32,,,15/10/2024 16:00:00,57.22,15/10/2024 16:00:00,113.6,15/10/2024 16:00:00,134.21,15/10/2024 16:00:00,114.17,15/10/2024 16:00:00,127.93,15/10/2024 16:00:00,83
16/10/2024 16:00:00,231.6,16/10/2024 16:00:00,120.89,16/10/2024 16:00:00,415.17,16/10/2024 16:00:00,81.53,16/10/2024 16:00:00,232.11,16/10/2024 16:00:00,148.35,16/10/2024 16:00:00,190.5,16/10/2024 16:00:00,21.52,16/10/2024 16:00:00,166.03,16/10/2024 16:00:00,164,16/10/2024 16:00:00,171.88,16/10/2024 16:00:00,29.5,16/10/2024 16:00:00,63.24,16/10/2024 16:00:00,70.09,16/10/2024 16:00:00,120.13,16/10/2024 16:00:00,173.5,16/10/2024 16:00:00,222.33,16/10/2024 16:00:00,111,16/10/2024 16:00:00,22.38,16/10/2024 16:00:00,43.74,16/10/2024 16:00:00,175.01,16/10/2024 16:00:00,174.62,16/10/2024 16:00:00,187.05,16/10/2024 16:00:00,118.01,16/10/2024 16:00:00,43.39,16/10/2024 16:00:00,55,16/10/2024 16:00:00,42.24,16/10/2024 16:00:00,313.32,16/10/2024 16:00:00,93.73,16/10/2024 16:00:00,278.62,16/10/2024 16:00:00,63.44,16/10/2024 16:00:00,42.21,16/10/2024 16:00:00,413.87,16/10/2024 16:00:00,51.82,16/10/2024 16:00:00,134.51,,,16/10/2024 17:36:00,35.15,16/10/2024 16:00:00,49.97,16/10/2024 16:00:00,105.64,16/10/2024 16:00:00,135.6,16/10/2024 16:00:00,326.2,16/10/2024 16:00:00,278.88,16/10/2024 16:00:00,48.74,16/10/2024 16:00:00,77.2,16/10/2024 16:00:00,387.4,16/10/2024 16:00:00,245.93,16/10/2024 16:00:00,65.24,16/10/2024 16:00:00,66.83,16/10/2024 16:00:00,27.62,16/10/2024 16:00:00,26.55,16/10/2024 16:00:00,151.91,16/10/2024 16:00:00,557.01,16/10/2024 16:00:00,52.63,16/10/2024 16:00:00,506.35,16/10/2024 16:00:00,530,16/10/2024 16:00:00,100.88,,,16/10/2024 16:00:00,910.03,16/10/2024 16:00:00,174.71,16/10/2024 16:00:00,84.94,25/10/2024 16:00:00,1.77,16/10/2024 16:00:00,217.07,16/10/2024 16:00:00,82.14,16/10/2024 16:00:00,85.83,16/10/2024 16:00:00,160.7,16/10/2024 16:00:00,89.82,16/10/2024 16:00:00,889.92,16/10/2024 16:00:00,90.98,,,16/10/2024 16:00:00,365.69,16/10/2024 16:00:00,37.04,16/10/2024 16:00:00,109.64,16/10/2024 16:00:00,271,16/10/2024 16:00:00,85.85,16/10/2024 16:00:00,10.89,16/10/2024 16:00:00,52.6,12/03/2025 16:00:00,0.01,16/10/2024 16:00:00,95.45,16/10/2024 16:00:00,47.81,16/10/2024 16:00:00,191.68,16/10/2024 16:00:00,24.95,16/10/2024 16:00:00,201.98,16/10/2024 16:00:00,40.61,16/10/2024 16:00:00,15.79,16/10/2024 16:00:00,116.3,,,16/10/2024 16:00:00,144.44,16/10/2024 16:00:00,29.32,16/10/2024 16:00:00,159.1,16/10/2024 16:00:00,36.77,16/10/2024 16:00:00,11.25,16/10/2024 16:00:00,192.76,16/10/2024 16:00:00,403.23,16/10/2024 16:00:00,281.09,16/10/2024 16:00:00,1004.15,05/03/2025 16:00:00,0.32,,,16/10/2024 16:00:00,58.75,16/10/2024 16:00:00,113.84,16/10/2024 16:00:00,132.28,16/10/2024 16:00:00,117.6,16/10/2024 16:00:00,127.37,16/10/2024 16:00:00,83.08
17/10/2024 16:00:00,233.43,17/10/2024 16:00:00,120.76,17/10/2024 16:00:00,422.36,17/10/2024 16:00:00,81.27,17/10/2024 16:00:00,232,17/10/2024 16:00:00,149.26,17/10/2024 16:00:00,194.09,17/10/2024 16:00:00,21.56,17/10/2024 16:00:00,167.38,17/10/2024 16:00:00,164.26,17/10/2024 16:00:00,172.18,17/10/2024 16:00:00,29.48,17/10/2024 16:00:00,64.49,17/10/2024 16:00:00,70.63,17/10/2024 16:00:00,120.9,17/10/2024 16:00:00,177.5,17/10/2024 16:00:00,224.27,17/10/2024 16:00:00,110.14,17/10/2024 16:00:00,22.72,17/10/2024 16:00:00,43.88,17/10/2024 16:00:00,174.38,17/10/2024 16:00:00,175.62,17/10/2024 16:00:00,188.22,17/10/2024 16:00:00,118.71,17/10/2024 16:00:00,43.5,17/10/2024 16:00:00,56.38,17/10/2024 16:00:00,42.58,17/10/2024 16:00:00,313.98,17/10/2024 16:00:00,96.93,17/10/2024 16:00:00,288.57,17/10/2024 16:00:00,64.73,17/10/2024 16:00:00,42.83,17/10/2024 16:00:00,418.61,17/10/2024 16:00:00,51.25,17/10/2024 16:00:00,135.85,,,17/10/2024 17:36:00,35.04,17/10/2024 16:00:00,50.08,17/10/2024 16:00:00,105.32,17/10/2024 16:00:00,136.61,17/10/2024 16:00:00,325.92,17/10/2024 16:00:00,284,17/10/2024 16:00:00,49.87,17/10/2024 16:00:00,78.5,17/10/2024 16:00:00,395.15,17/10/2024 16:00:00,246.88,17/10/2024 16:00:00,63.41,17/10/2024 16:00:00,66.92,17/10/2024 16:00:00,27.71,17/10/2024 16:00:00,26.42,17/10/2024 16:00:00,155,17/10/2024 16:00:00,560.58,17/10/2024 16:00:00,53.19,17/10/2024 16:00:00,516.29,17/10/2024 16:00:00,531.24,17/10/2024 16:00:00,101.83,,,17/10/2024 16:00:00,921,17/10/2024 16:00:00,174.43,17/10/2024 16:00:00,85.92,28/10/2024 16:00:00,1.74,17/10/2024 16:00:00,219,17/10/2024 16:00:00,84.11,17/10/2024 16:00:00,86.92,17/10/2024 16:00:00,158.88,17/10/2024 16:00:00,90.15,17/10/2024 16:00:00,891.56,17/10/2024 16:00:00,92.31,,,17/10/2024 16:00:00,373,17/10/2024 16:00:00,37.29,17/10/2024 16:00:00,111.27,17/10/2024 16:00:00,277.5,17/10/2024 16:00:00,85.85,17/10/2024 16:00:00,11.04,17/10/2024 16:00:00,53,13/03/2025 16:00:00,0.01,17/10/2024 16:00:00,95.33,17/10/2024 16:00:00,48.26,17/10/2024 16:00:00,188.55,17/10/2024 16:00:00,24.71,17/10/2024 16:00:00,204.9,17/10/2024 16:00:00,41.03,17/10/2024 16:00:00,15.6,17/10/2024 16:00:00,118.07,,,17/10/2024 16:00:00,145.85,17/10/2024 16:00:00,28.9,17/10/2024 16:00:00,158.6,17/10/2024 16:00:00,36.52,17/10/2024 16:00:00,11.46,17/10/2024 16:00:00,190.96,17/10/2024 16:00:00,408.12,17/10/2024 16:00:00,284,17/10/2024 16:00:00,1023.6,06/03/2025 16:00:00,0.32,,,17/10/2024 16:00:00,60.58,17/10/2024 16:00:00,115.29,17/10/2024 16:00:00,133.83,17/10/2024 16:00:00,119.78,17/10/2024 16:00:00,126.84,17/10/2024 16:00:00,84.3
18/10/2024 16:00:00,236.18,18/10/2024 16:00:00,120.44,18/10/2024 16:00:00,417.14,18/10/2024 16:00:00,80.87,18/10/2024 16:00:00,231.92,18/10/2024 16:00:00,150.82,18/10/2024 16:00:00,193.1,18/10/2024 16:00:00,21.73,18/10/2024 16:00:00,164.87,18/10/2024 16:00:00,164.89,18/10/2024 16:00:00,170.3,18/10/2024 16:00:00,29.3,18/10/2024 16:00:00,64.41,18/10/2024 16:00:00,69.87,18/10/2024 16:00:00,120.06,18/10/2024 16:00:00,176.8,18/10/2024 16:00:00,225,18/10/2024 16:00:00,109.9,18/10/2024 16:00:00,22.61,18/10/2024 16:00:00,43.83,18/10/2024 16:00:00,172.3,18/10/2024 16:00:00,172.11,18/10/2024 16:00:00,187.15,18/10/2024 16:00:00,117.9,18/10/2024 16:00:00,43.99,18/10/2024 16:00:00,56.41,18/10/2024 16:00:00,41.95,18/10/2024 16:00:00,315.57,18/10/2024 16:00:00,97.01,18/10/2024 16:00:00,289.92,18/10/2024 16:00:00,64.12,18/10/2024 16:00:00,42.43,18/10/2024 16:00:00,416.65,18/10/2024 16:00:00,51.71,18/10/2024 16:00:00,136.14,,,18/10/2024 17:36:00,35.1,18/10/2024 16:00:00,49.68,18/10/2024 16:00:00,105.93,18/10/2024 16:00:00,135.69,18/10/2024 16:00:00,320.61,18/10/2024 16:00:00,276.8,18/10/2024 16:00:00,50.11,18/10/2024 16:00:00,79.49,18/10/2024 16:00:00,396.25,18/10/2024 16:00:00,242.53,18/10/2024 16:00:00,59.54,18/10/2024 16:00:00,65.4,18/10/2024 16:00:00,28,18/10/2024 16:00:00,26.49,18/10/2024 16:00:00,155.84,18/10/2024 16:00:00,566.85,18/10/2024 16:00:00,53.26,18/10/2024 16:00:00,514.54,18/10/2024 16:00:00,529.39,18/10/2024 16:00:00,99.73,,,18/10/2024 16:00:00,917.18,18/10/2024 16:00:00,174.85,18/10/2024 16:00:00,85.45,29/10/2024 16:00:00,1.8,18/10/2024 16:00:00,217.72,18/10/2024 16:00:00,83.78,18/10/2024 16:00:00,86.79,18/10/2024 16:00:00,156.49,18/10/2024 16:00:00,89.97,18/10/2024 16:00:00,885.76,18/10/2024 16:00:00,92.7,,,18/10/2024 16:00:00,375.51,18/10/2024 16:00:00,37.7,18/10/2024 16:00:00,110.99,18/10/2024 16:00:00,272.53,18/10/2024 16:00:00,85.88,18/10/2024 16:00:00,11.16,18/10/2024 16:00:00,53.48,14/03/2025 16:00:00,0.01,18/10/2024 16:00:00,95.68,18/10/2024 16:00:00,48.82,18/10/2024 16:00:00,188.22,18/10/2024 16:00:00,24.98,18/10/2024 16:00:00,199.48,18/10/2024 16:00:00,40.74,18/10/2024 16:00:00,15.4,18/10/2024 16:00:00,117.86,,,18/10/2024 16:00:00,144.85,18/10/2024 16:00:00,28.63,18/10/2024 16:00:00,159.7,18/10/2024 16:00:00,36.9,18/10/2024 16:00:00,11.27,18/10/2024 16:00:00,190.57,18/10/2024 16:00:00,406.99,18/10/2024 16:00:00,281.8,18/10/2024 16:00:00,1009.48,11/03/2025 16:00:00,0.33,,,18/10/2024 16:00:00,59.77,18/10/2024 16:00:00,115.44,18/10/2024 16:00:00,134.41,18/10/2024 16:00:00,120.74,18/10/2024 16:00:00,126.67,18/10/2024 16:00:00,83.92
21/10/2024 16:00:00,234.45,21/10/2024 16:00:00,120.98,21/10/2024 16:00:00,416.12,21/10/2024 16:00:00,81.23,21/10/2024 16:00:00,231.21,21/10/2024 16:00:00,152,21/10/2024 16:00:00,192.91,21/10/2024 16:00:00,21.88,21/10/2024 16:00:00,164.58,21/10/2024 16:00:00,165.1,21/10/2024 16:00:00,170.98,21/10/2024 16:00:00,29.22,21/10/2024 16:00:00,64.48,21/10/2024 16:00:00,70,21/10/2024 16:00:00,120.19,21/10/2024 16:00:00,174.45,21/10/2024 16:00:00,225.22,21/10/2024 16:00:00,109.08,21/10/2024 16:00:00,22.61,21/10/2024 16:00:00,44.05,21/10/2024 16:00:00,174.46,21/10/2024 16:00:00,169.64,21/10/2024 16:00:00,188.05,21/10/2024 16:00:00,118.89,21/10/2024 16:00:00,42.08,21/10/2024 16:00:00,56.69,21/10/2024 16:00:00,41.96,21/10/2024 16:00:00,317.13,21/10/2024 16:00:00,97.2,21/10/2024 16:00:00,289.6,21/10/2024 16:00:00,62.79,21/10/2024 16:00:00,42.25,21/10/2024 16:00:00,416.07,21/10/2024 16:00:00,52.05,21/10/2024 16:00:00,133.52,,,21/10/2024 17:36:00,35.42,21/10/2024 16:00:00,49.62,21/10/2024 16:00:00,106.65,21/10/2024 16:00:00,135.28,21/10/2024 16:00:00,320.16,21/10/2024 16:00:00,275,21/10/2024 16:00:00,49.03,21/10/2024 16:00:00,78.55,21/10/2024 16:00:00,392.29,21/10/2024 16:00:00,243.73,21/10/2024 16:00:00,59.75,21/10/2024 16:00:00,64.82,21/10/2024 16:00:00,27.8,21/10/2024 16:00:00,26.27,21/10/2024 16:00:00,160.25,21/10/2024 16:00:00,569.64,21/10/2024 16:00:00,53.28,21/10/2024 16:00:00,516.99,21/10/2024 16:00:00,528,21/10/2024 16:00:00,100,,,21/10/2024 16:00:00,917.98,21/10/2024 16:00:00,176.28,21/10/2024 16:00:00,85.04,30/10/2024 16:00:00,1.8,21/10/2024 16:00:00,221.97,21/10/2024 16:00:00,82.85,21/10/2024 16:00:00,86.64,21/10/2024 16:00:00,156,21/10/2024 16:00:00,92,21/10/2024 16:00:00,889,21/10/2024 16:00:00,93.42,,,21/10/2024 16:00:00,375,21/10/2024 16:00:00,37.34,21/10/2024 16:00:00,110.51,21/10/2024 16:00:00,273.1,21/10/2024 16:00:00,85.33,21/10/2024 16:00:00,11.08,21/10/2024 16:00:00,53.15,17/03/2025 16:00:00,0.01,21/10/2024 16:00:00,96.95,21/10/2024 16:00:00,48.43,21/10/2024 16:00:00,190.16,21/10/2024 16:00:00,25.45,21/10/2024 16:00:00,196.74,21/10/2024 16:00:00,40.9,21/10/2024 16:00:00,15.64,21/10/2024 16:00:00,117.56,,,21/10/2024 16:00:00,145.41,21/10/2024 16:00:00,28.6,21/10/2024 16:00:00,158.58,21/10/2024 16:00:00,36.79,21/10/2024 16:00:00,11.31,21/10/2024 16:00:00,188.49,21/10/2024 16:00:00,408,21/10/2024 16:00:00,280.58,21/10/2024 16:00:00,1005,13/03/2025 16:00:00,0.33,,,21/10/2024 16:00:00,60.16,21/10/2024 16:00:00,114.44,21/10/2024 16:00:00,133.59,21/10/2024 16:00:00,121.05,21/10/2024 16:00:00,127.85,21/10/2024 16:00:00,84.76
22/10/2024 16:00:00,233.89,22/10/2024 16:00:00,120.26,22/10/2024 16:00:00,418.49,22/10/2024 16:00:00,81.11,22/10/2024 16:00:00,231.99,22/10/2024 16:00:00,151.25,22/10/2024 16:00:00,184.5,22/10/2024 16:00:00,21.25,22/10/2024 16:00:00,164.7,22/10/2024 16:00:00,162.32,22/10/2024 16:00:00,168.57,22/10/2024 16:00:00,28.9,22/10/2024 16:00:00,64.02,22/10/2024 16:00:00,69,22/10/2024 16:00:00,123.32,22/10/2024 16:00:00,175.45,22/10/2024 16:00:00,223.02,22/10/2024 16:00:00,105.91,22/10/2024 16:00:00,22.73,22/10/2024 16:00:00,41.9,22/10/2024 16:00:00,174.51,22/10/2024 16:00:00,169.01,22/10/2024 16:00:00,188.35,22/10/2024 16:00:00,116.87,22/10/2024 16:00:00,42.73,22/10/2024 16:00:00,56,22/10/2024 16:00:00,40.67,22/10/2024 16:00:00,314.09,22/10/2024 16:00:00,96.2,22/10/2024 16:00:00,285.05,22/10/2024 16:00:00,61.59,22/10/2024 16:00:00,41.65,22/10/2024 16:00:00,398.5,22/10/2024 16:00:00,52.14,22/10/2024 16:00:00,130.82,,,22/10/2024 17:36:00,34.56,22/10/2024 16:00:00,49.44,22/10/2024 16:00:00,105.78,22/10/2024 16:00:00,140.19,22/10/2024 16:00:00,315.24,22/10/2024 16:00:00,270.62,22/10/2024 16:00:00,47.74,22/10/2024 16:00:00,76.81,22/10/2024 16:00:00,389.73,22/10/2024 16:00:00,241.08,22/10/2024 16:00:00,57.85,22/10/2024 16:00:00,63.9,22/10/2024 16:00:00,27.66,22/10/2024 16:00:00,26.28,22/10/2024 16:00:00,160.5,22/10/2024 16:00:00,567.85,22/10/2024 16:00:00,52.03,22/10/2024 16:00:00,511.15,22/10/2024 16:00:00,515.61,22/10/2024 16:00:00,98.73,,,22/10/2024 16:00:00,901.68,22/10/2024 16:00:00,174.38,22/10/2024 16:00:00,84.64,31/10/2024 16:00:00,1.77,22/10/2024 16:00:00,220.55,22/10/2024 16:00:00,81.35,22/10/2024 16:00:00,85.68,22/10/2024 16:00:00,150.04,22/10/2024 16:00:00,90.7,22/10/2024 16:00:00,890.98,22/10/2024 16:00:00,92.35,,,22/10/2024 16:00:00,374.62,22/10/2024 16:00:00,36.32,22/10/2024 16:00:00,108.9,22/10/2024 16:00:00,264.03,22/10/2024 16:00:00,84.72,22/10/2024 16:00:00,10.92,22/10/2024 16:00:00,52.24,18/03/2025 16:00:00,0.01,22/10/2024 16:00:00,96.35,22/10/2024 16:00:00,50,22/10/2024 16:00:00,183.81,22/10/2024 16:00:00,25.05,22/10/2024 16:00:00,193.61,22/10/2024 16:00:00,40.38,22/10/2024 16:00:00,15.51,22/10/2024 16:00:00,115.84,,,22/10/2024 16:00:00,137.05,22/10/2024 16:00:00,28.4,22/10/2024 16:00:00,157.1,22/10/2024 16:00:00,36.62,22/10/2024 16:00:00,11.2,22/10/2024 16:00:00,185.8,22/10/2024 16:00:00,407.05,22/10/2024 16:00:00,272.02,22/10/2024 16:00:00,997.11,14/03/2025 16:00:00,0.33,,,22/10/2024 16:00:00,59.45,22/10/2024 16:00:00,112.48,22/10/2024 16:00:00,133.59,22/10/2024 16:00:00,118.72,22/10/2024 16:00:00,126.24,22/10/2024 16:00:00,83.2
23/10/2024 16:00:00,234.08,23/10/2024 16:00:00,119.97,23/10/2024 16:00:00,430.86,23/10/2024 16:00:00,81.89,23/10/2024 16:00:00,230.41,23/10/2024 16:00:00,150.36,23/10/2024 16:00:00,179.7,23/10/2024 16:00:00,21.24,23/10/2024 16:00:00,166.43,23/10/2024 16:00:00,162.82,23/10/2024 16:00:00,169.55,23/10/2024 16:00:00,28.87,23/10/2024 16:00:00,64.77,23/10/2024 16:00:00,66.99,23/10/2024 16:00:00,129.98,23/10/2024 16:00:00,174.5,23/10/2024 16:00:00,223.66,23/10/2024 16:00:00,106.74,23/10/2024 16:00:00,22.3,23/10/2024 16:00:00,41.86,23/10/2024 16:00:00,173.7,23/10/2024 16:00:00,169.34,23/10/2024 16:00:00,188.85,23/10/2024 16:00:00,116.16,23/10/2024 16:00:00,41.88,23/10/2024 16:00:00,56.16,23/10/2024 16:00:00,41.53,23/10/2024 16:00:00,292.77,23/10/2024 16:00:00,96.93,23/10/2024 16:00:00,286.04,23/10/2024 16:00:00,63.18,23/10/2024 16:00:00,42.2,23/10/2024 16:00:00,400.56,23/10/2024 16:00:00,52,23/10/2024 16:00:00,131.24,,,23/10/2024 17:36:00,33.9,23/10/2024 16:00:00,50,23/10/2024 16:00:00,104.59,23/10/2024 16:00:00,131.22,23/10/2024 16:00:00,316.01,23/10/2024 16:00:00,272,23/10/2024 16:00:00,47.81,23/10/2024 16:00:00,77,23/10/2024 16:00:00,386.95,23/10/2024 16:00:00,241.3,23/10/2024 16:00:00,56.7,23/10/2024 16:00:00,63.95,23/10/2024 16:00:00,27.5,23/10/2024 16:00:00,26.11,23/10/2024 16:00:00,160,23/10/2024 16:00:00,572.13,23/10/2024 16:00:00,52.8,23/10/2024 16:00:00,512.66,23/10/2024 16:00:00,515.8,23/10/2024 16:00:00,99.32,,,23/10/2024 16:00:00,905.62,23/10/2024 16:00:00,173.54,23/10/2024 16:00:00,84.45,01/11/2024 16:00:00,1.8,23/10/2024 16:00:00,221.54,23/10/2024 16:00:00,81,23/10/2024 16:00:00,88.15,23/10/2024 16:00:00,148.33,23/10/2024 16:00:00,90.74,23/10/2024 16:00:00,896.02,23/10/2024 16:00:00,92.91,,,23/10/2024 16:00:00,370.84,23/10/2024 16:00:00,36.01,23/10/2024 16:00:00,108.72,23/10/2024 16:00:00,258.44,23/10/2024 16:00:00,84.41,23/10/2024 16:00:00,11.11,23/10/2024 16:00:00,51.73,19/03/2025 16:00:00,0.01,23/10/2024 16:00:00,93.87,23/10/2024 16:00:00,47.51,23/10/2024 16:00:00,184.88,23/10/2024 16:00:00,25.03,23/10/2024 16:00:00,201.04,23/10/2024 16:00:00,40.39,23/10/2024 16:00:00,15.28,23/10/2024 16:00:00,114.62,,,23/10/2024 16:00:00,136.94,23/10/2024 16:00:00,28.11,23/10/2024 16:00:00,155.86,23/10/2024 16:00:00,36.44,23/10/2024 16:00:00,11.19,23/10/2024 16:00:00,185.85,23/10/2024 16:00:00,407.25,23/10/2024 16:00:00,270.66,23/10/2024 16:00:00,997.05,18/03/2025 16:00:00,0.32,,,23/10/2024 16:00:00,59.95,23/10/2024 16:00:00,111.98,23/10/2024 16:00:00,133.7,23/10/2024 16:00:00,119.79,23/10/2024 16:00:00,124.9,23/10/2024 16:00:00,84.59
24/10/2024 16:00:00,229.98,24/10/2024 16:00:00,120,24/10/2024 16:00:00,425.33,24/10/2024 16:00:00,82.96,24/10/2024 16:00:00,220.8,24/10/2024 16:00:00,151.13,24/10/2024 16:00:00,181.9,24/10/2024 16:00:00,22.4,24/10/2024 16:00:00,164.59,24/10/2024 16:00:00,165,24/10/2024 16:00:00,169.42,24/10/2024 16:00:00,28.86,24/10/2024 16:00:00,64.61,24/10/2024 16:00:00,67.65,24/10/2024 16:00:00,131.89,24/10/2024 16:00:00,173.32,24/10/2024 16:00:00,221.83,24/10/2024 16:00:00,106.05,24/10/2024 16:00:00,22.09,24/10/2024 16:00:00,42.38,24/10/2024 16:00:00,172.92,24/10/2024 16:00:00,166.61,24/10/2024 16:00:00,185.25,24/10/2024 16:00:00,117.21,24/10/2024 16:00:00,41.9,24/10/2024 16:00:00,56.38,24/10/2024 16:00:00,41.79,24/10/2024 16:00:00,299.12,24/10/2024 16:00:00,96.6,24/10/2024 16:00:00,282.39,24/10/2024 16:00:00,63.01,24/10/2024 16:00:00,42.32,24/10/2024 16:00:00,402.29,24/10/2024 16:00:00,51.33,24/10/2024 16:00:00,145,,,24/10/2024 17:36:00,32.94,24/10/2024 16:00:00,49.89,24/10/2024 16:00:00,105,24/10/2024 16:00:00,128.04,24/10/2024 16:00:00,314.43,24/10/2024 16:00:00,270.23,24/10/2024 16:00:00,48.47,24/10/2024 16:00:00,77.83,24/10/2024 16:00:00,386.95,24/10/2024 16:00:00,229.42,24/10/2024 16:00:00,56.69,24/10/2024 16:00:00,63.77,24/10/2024 16:00:00,26.1,24/10/2024 16:00:00,25.9,24/10/2024 16:00:00,152.61,24/10/2024 16:00:00,564.99,24/10/2024 16:00:00,52.9,24/10/2024 16:00:00,511.9,24/10/2024 16:00:00,519,24/10/2024 16:00:00,99,,,24/10/2024 16:00:00,898.33,24/10/2024 16:00:00,173.85,24/10/2024 16:00:00,84.76,04/11/2024 16:00:00,1.77,24/10/2024 16:00:00,214.37,24/10/2024 16:00:00,80.5,24/10/2024 16:00:00,87.72,24/10/2024 16:00:00,149.21,24/10/2024 16:00:00,92.49,24/10/2024 16:00:00,901.5,24/10/2024 16:00:00,93.88,,,24/10/2024 16:00:00,367.5,24/10/2024 16:00:00,35.95,24/10/2024 16:00:00,108.65,24/10/2024 16:00:00,255.25,24/10/2024 16:00:00,84.26,24/10/2024 16:00:00,11.24,24/10/2024 16:00:00,52.02,20/03/2025 16:00:00,0.01,24/10/2024 16:00:00,97.69,24/10/2024 16:00:00,47.99,24/10/2024 16:00:00,184.79,24/10/2024 16:00:00,24.81,24/10/2024 16:00:00,202.82,24/10/2024 16:00:00,40.8,24/10/2024 16:00:00,15.35,24/10/2024 16:00:00,114.84,,,24/10/2024 16:00:00,137.04,24/10/2024 16:00:00,27.87,24/10/2024 16:00:00,155.2,24/10/2024 16:00:00,36.71,24/10/2024 16:00:00,11.02,24/10/2024 16:00:00,188.93,24/10/2024 16:00:00,408.99,24/10/2024 16:00:00,270.7,24/10/2024 16:00:00,991.04,21/03/2025 16:00:00,0.35,,,24/10/2024 16:00:00,60.94,24/10/2024 16:00:00,112.46,24/10/2024 16:00:00,134,24/10/2024 16:00:00,120.8,24/10/2024 16:00:00,125.18,24/10/2024 16:00:00,84
25/10/2024 16:00:00,229.74,25/10/2024 16:00:00,120.2,25/10/2024 16:00:00,426.76,25/10/2024 16:00:00,83.2,25/10/2024 16:00:00,216.8,25/10/2024 16:00:00,151.39,25/10/2024 16:00:00,180,25/10/2024 16:00:00,22.3,25/10/2024 16:00:00,165.37,25/10/2024 16:00:00,163.68,25/10/2024 16:00:00,168.92,25/10/2024 16:00:00,28.68,25/10/2024 16:00:00,65.85,25/10/2024 16:00:00,67.07,25/10/2024 16:00:00,133.01,25/10/2024 16:00:00,174.78,25/10/2024 16:00:00,225,25/10/2024 16:00:00,106.49,25/10/2024 16:00:00,22.42,25/10/2024 16:00:00,41.9,25/10/2024 16:00:00,172.47,25/10/2024 16:00:00,170.28,25/10/2024 16:00:00,187.85,25/10/2024 16:00:00,116.15,25/10/2024 16:00:00,41.55,25/10/2024 16:00:00,56.25,25/10/2024 16:00:00,42.06,25/10/2024 16:00:00,301,25/10/2024 16:00:00,95.81,25/10/2024 16:00:00,284,25/10/2024 16:00:00,63.65,25/10/2024 16:00:00,42.92,25/10/2024 16:00:00,403.52,25/10/2024 16:00:00,51.64,25/10/2024 16:00:00,138.34,,,25/10/2024 17:36:00,33.33,25/10/2024 16:00:00,49.99,25/10/2024 16:00:00,105.06,25/10/2024 16:00:00,126.6,25/10/2024 16:00:00,318.49,25/10/2024 16:00:00,271.65,25/10/2024 16:00:00,48.85,25/10/2024 16:00:00,78.01,25/10/2024 16:00:00,389.61,25/10/2024 16:00:00,230.19,25/10/2024 16:00:00,56.38,25/10/2024 16:00:00,63.85,25/10/2024 16:00:00,27.6,25/10/2024 16:00:00,25.99,25/10/2024 16:00:00,156.2,25/10/2024 16:00:00,566.16,25/10/2024 16:00:00,52.68,25/10/2024 16:00:00,512.5,25/10/2024 16:00:00,528.05,25/10/2024 16:00:00,96.54,,,25/10/2024 16:00:00,899.73,25/10/2024 16:00:00,173.75,25/10/2024 16:00:00,84.38,06/11/2024 16:00:00,1.83,25/10/2024 16:00:00,209.1,25/10/2024 16:00:00,79.22,25/10/2024 16:00:00,89.45,25/10/2024 16:00:00,151.51,25/10/2024 16:00:00,91.14,25/10/2024 16:00:00,895.65,25/10/2024 16:00:00,94.14,,,25/10/2024 16:00:00,364,25/10/2024 16:00:00,36.48,25/10/2024 16:00:00,108.67,25/10/2024 16:00:00,250.3,25/10/2024 16:00:00,84.54,25/10/2024 16:00:00,11.28,25/10/2024 16:00:00,50.62,21/03/2025 16:00:00,0.01,25/10/2024 16:00:00,97.22,25/10/2024 16:00:00,47,25/10/2024 16:00:00,185.7,25/10/2024 16:00:00,24.91,25/10/2024 16:00:00,207.61,25/10/2024 16:00:00,40.97,25/10/2024 16:00:00,15.95,25/10/2024 16:00:00,114.57,,,25/10/2024 16:00:00,136.65,25/10/2024 16:00:00,28.11,25/10/2024 16:00:00,164.28,25/10/2024 16:00:00,36.6,25/10/2024 16:00:00,11.13,25/10/2024 16:00:00,190.27,25/10/2024 16:00:00,413,25/10/2024 16:00:00,270.47,25/10/2024 16:00:00,987.35,28/03/2025 16:00:00,0.35,,,25/10/2024 16:00:00,61,25/10/2024 16:00:00,112.01,25/10/2024 16:00:00,134.06,25/10/2024 16:00:00,119.49,25/10/2024 16:00:00,125.28,25/10/2024 16:00:00,82.9
28/10/2024 16:00:00,233.32,28/10/2024 16:00:00,116.79,28/10/2024 16:00:00,431.66,28/10/2024 16:00:00,82.75,28/10/2024 16:00:00,215.5,28/10/2024 16:00:00,148.25,28/10/2024 16:00:00,179.98,28/10/2024 16:00:00,21.92,28/10/2024 16:00:00,170.59,28/10/2024 16:00:00,161.13,28/10/2024 16:00:00,169.28,28/10/2024 16:00:00,28.6,28/10/2024 16:00:00,65,28/10/2024 16:00:00,66.96,28/10/2024 16:00:00,129.63,28/10/2024 16:00:00,174.05,28/10/2024 16:00:00,223.35,28/10/2024 16:00:00,104.6,28/10/2024 16:00:00,22.67,28/10/2024 16:00:00,41.45,28/10/2024 16:00:00,172.98,28/10/2024 16:00:00,169.42,28/10/2024 16:00:00,189.57,28/10/2024 16:00:00,114.77,28/10/2024 16:00:00,40.62,28/10/2024 16:00:00,55.9,28/10/2024 16:00:00,41.62,28/10/2024 16:00:00,299.2,28/10/2024 16:00:00,95.22,28/10/2024 16:00:00,282.04,28/10/2024 16:00:00,62.35,28/10/2024 16:00:00,42.07,28/10/2024 16:00:00,403.45,28/10/2024 16:00:00,50.5,28/10/2024 16:00:00,137.33,,,28/10/2024 17:36:00,33.46,28/10/2024 16:00:00,49.75,28/10/2024 16:00:00,101.8,28/10/2024 16:00:00,126.65,28/10/2024 16:00:00,318.06,28/10/2024 16:00:00,269.24,28/10/2024 16:00:00,48.12,28/10/2024 16:00:00,77.44,28/10/2024 16:00:00,388.39,28/10/2024 16:00:00,230.06,28/10/2024 16:00:00,56.55,28/10/2024 16:00:00,63.6,28/10/2024 16:00:00,28.88,28/10/2024 16:00:00,26.22,28/10/2024 16:00:00,153.5,28/10/2024 16:00:00,566.25,28/10/2024 16:00:00,51.95,28/10/2024 16:00:00,507.4,28/10/2024 16:00:00,515.4,28/10/2024 16:00:00,95.22,,,28/10/2024 16:00:00,894.87,28/10/2024 16:00:00,171.57,28/10/2024 16:00:00,83.99,07/11/2024 16:00:00,1.83,28/10/2024 16:00:00,208.06,28/10/2024 16:00:00,79.32,28/10/2024 16:00:00,89.24,28/10/2024 16:00:00,152.65,28/10/2024 16:00:00,90.68,28/10/2024 16:00:00,895.99,28/10/2024 16:00:00,92.22,,,28/10/2024 16:00:00,364,28/10/2024 16:00:00,37,28/10/2024 16:00:00,108.36,28/10/2024 16:00:00,246.12,28/10/2024 16:00:00,83.21,28/10/2024 16:00:00,11.17,28/10/2024 16:00:00,49.84,24/03/2025 16:00:00,0.01,28/10/2024 16:00:00,97.65,28/10/2024 16:00:00,46.86,28/10/2024 16:00:00,182.48,28/10/2024 16:00:00,23.8,28/10/2024 16:00:00,206.37,28/10/2024 16:00:00,40.17,28/10/2024 16:00:00,15.25,28/10/2024 16:00:00,114.66,,,28/10/2024 16:00:00,136.3,28/10/2024 16:00:00,27.42,28/10/2024 16:00:00,161.58,28/10/2024 16:00:00,36.23,28/10/2024 16:00:00,11.21,28/10/2024 16:00:00,187.5,28/10/2024 16:00:00,409,28/10/2024 16:00:00,270.2,28/10/2024 16:00:00,982,01/04/2025 16:00:00,0.35,,,28/10/2024 16:00:00,59.92,28/10/2024 16:00:00,110,28/10/2024 16:00:00,134.27,28/10/2024 16:00:00,117.21,28/10/2024 16:00:00,119.75,28/10/2024 16:00:00,82.04
29/10/2024 16:00:00,233.1,29/10/2024 16:00:00,118.58,29/10/2024 16:00:00,428,29/10/2024 16:00:00,82.67,29/10/2024 16:00:00,211.99,29/10/2024 16:00:00,150.04,29/10/2024 16:00:00,174.56,29/10/2024 16:00:00,21.99,29/10/2024 16:00:00,169.39,30/10/2024 16:00:00,159.45,29/10/2024 16:00:00,168.86,29/10/2024 16:00:00,29.01,29/10/2024 16:00:00,65.49,29/10/2024 16:00:00,66.29,29/10/2024 16:00:00,130.3,29/10/2024 16:00:00,172.29,29/10/2024 16:00:00,225.21,29/10/2024 16:00:00,104.32,29/10/2024 16:00:00,22.87,29/10/2024 16:00:00,41.32,29/10/2024 16:00:00,169.2,29/10/2024 16:00:00,172.2,29/10/2024 16:00:00,188.58,29/10/2024 16:00:00,114.14,29/10/2024 16:00:00,41.31,29/10/2024 16:00:00,55.37,29/10/2024 16:00:00,41.77,30/10/2024 16:00:00,294.5,29/10/2024 16:00:00,96.26,29/10/2024 16:00:00,284.27,29/10/2024 16:00:00,64.07,29/10/2024 16:00:00,42.59,29/10/2024 16:00:00,393.94,30/10/2024 16:00:00,50.33,29/10/2024 16:00:00,134.75,,,29/10/2024 17:36:00,33.94,29/10/2024 16:00:00,50.02,29/10/2024 16:00:00,102.96,29/10/2024 16:00:00,129.01,29/10/2024 16:00:00,317.01,29/10/2024 16:00:00,270.3,29/10/2024 16:00:00,48.42,29/10/2024 16:00:00,77.41,29/10/2024 16:00:00,389.5,29/10/2024 16:00:00,232.11,30/10/2024 16:00:00,56.26,29/10/2024 16:00:00,62.59,29/10/2024 16:00:00,27.45,29/10/2024 16:00:00,26.51,29/10/2024 16:00:00,147.86,29/10/2024 16:00:00,562.82,29/10/2024 16:00:00,52.34,29/10/2024 16:00:00,507.54,29/10/2024 16:00:00,521.18,29/10/2024 16:00:00,95.02,,,29/10/2024 16:00:00,898.21,29/10/2024 16:00:00,172.02,29/10/2024 16:00:00,83.22,08/11/2024 16:00:00,1.77,29/10/2024 16:00:00,205.03,29/10/2024 16:00:00,78.88,29/10/2024 16:00:00,88.38,29/10/2024 16:00:00,148.9,29/10/2024 16:00:00,90.37,29/10/2024 16:00:00,890,29/10/2024 16:00:00,91,,,29/10/2024 16:00:00,360.91,29/10/2024 16:00:00,37.43,30/10/2024 16:00:00,108.41,29/10/2024 16:00:00,243.18,29/10/2024 16:00:00,82.73,29/10/2024 16:00:00,10.53,29/10/2024 16:00:00,49.84,25/03/2025 16:00:00,0.01,30/10/2024 16:00:00,97.37,29/10/2024 16:00:00,47.49,29/10/2024 16:00:00,184.82,30/10/2024 16:00:00,23.53,29/10/2024 16:00:00,206.14,29/10/2024 16:00:00,39.89,29/10/2024 16:00:00,15.41,29/10/2024 16:00:00,113.16,,,29/10/2024 16:00:00,134.76,29/10/2024 16:00:00,27.99,29/10/2024 16:00:00,164.67,30/10/2024 16:00:00,35.8,29/10/2024 16:00:00,11.14,29/10/2024 16:00:00,189.5,29/10/2024 16:00:00,410.2,29/10/2024 16:00:00,263.2,30/10/2024 16:00:00,985.52,02/04/2025 16:00:00,0.32,,,29/10/2024 16:00:00,59.82,30/10/2024 16:00:00,109.95,29/10/2024 16:00:00,134.55,30/10/2024 16:00:00,115.03,29/10/2024 16:00:00,122.07,29/10/2024 16:00:00,79.95
30/10/2024 16:00:00,232.61,30/10/2024 16:00:00,117.66,30/10/2024 16:00:00,437.44,30/10/2024 16:00:00,81.6,30/10/2024 16:00:00,209.48,30/10/2024 16:00:00,149.08,30/10/2024 16:00:00,172.98,30/10/2024 16:00:00,22.13,30/10/2024 16:00:00,182.41,31/10/2024 16:00:00,159.99,30/10/2024 16:00:00,167.09,30/10/2024 16:00:00,28.31,30/10/2024 16:00:00,65.13,30/10/2024 16:00:00,65.51,30/10/2024 16:00:00,131.57,30/10/2024 16:00:00,173.98,30/10/2024 16:00:00,222.54,30/10/2024 16:00:00,103.46,30/10/2024 16:00:00,22.42,30/10/2024 16:00:00,41.33,30/10/2024 16:00:00,167,30/10/2024 16:00:00,169.92,30/10/2024 16:00:00,194.7,30/10/2024 16:00:00,112.64,30/10/2024 16:00:00,40.55,30/10/2024 16:00:00,55.57,30/10/2024 16:00:00,41.82,31/10/2024 16:00:00,292.25,30/10/2024 16:00:00,95.7,30/10/2024 16:00:00,292.34,30/10/2024 16:00:00,64.2,30/10/2024 16:00:00,41.71,30/10/2024 16:00:00,395,31/10/2024 16:00:00,50.34,30/10/2024 16:00:00,134,,,30/10/2024 17:36:00,34.22,30/10/2024 16:00:00,49.9,30/10/2024 16:00:00,102.86,30/10/2024 16:00:00,129,30/10/2024 16:00:00,311.95,30/10/2024 16:00:00,271,30/10/2024 16:00:00,48.22,30/10/2024 16:00:00,76.99,30/10/2024 16:00:00,374,30/10/2024 16:00:00,231.5,31/10/2024 16:00:00,56.75,30/10/2024 16:00:00,62.74,30/10/2024 16:00:00,27.25,30/10/2024 16:00:00,27.3,30/10/2024 16:00:00,152.51,30/10/2024 16:00:00,561.25,30/10/2024 16:00:00,52.5,30/10/2024 16:00:00,512.52,30/10/2024 16:00:00,523.4,30/10/2024 16:00:00,94.56,,,30/10/2024 16:00:00,798.5,30/10/2024 16:00:00,172.23,30/10/2024 16:00:00,83.4,11/11/2024 16:00:00,1.8,30/10/2024 16:00:00,204.45,30/10/2024 16:00:00,78,30/10/2024 16:00:00,87.9,30/10/2024 16:00:00,148,30/10/2024 16:00:00,89.98,30/10/2024 16:00:00,886.38,30/10/2024 16:00:00,90.33,,,30/10/2024 16:00:00,358,30/10/2024 16:00:00,37.04,31/10/2024 16:00:00,108.54,30/10/2024 16:00:00,242.14,30/10/2024 16:00:00,83.05,30/10/2024 16:00:00,10.4,30/10/2024 16:00:00,49.4,26/03/2025 16:00:00,0.01,31/10/2024 16:00:00,97.32,30/10/2024 16:00:00,46.28,30/10/2024 16:00:00,184.63,31/10/2024 16:00:00,23.66,30/10/2024 16:00:00,208,30/10/2024 16:00:00,39.53,30/10/2024 16:00:00,15.44,30/10/2024 16:00:00,114.1,,,30/10/2024 16:00:00,134.25,30/10/2024 16:00:00,27.56,30/10/2024 16:00:00,163.92,31/10/2024 16:00:00,35.7,30/10/2024 16:00:00,11.34,30/10/2024 16:00:00,187.26,30/10/2024 16:00:00,402.66,30/10/2024 16:00:00,262.53,31/10/2024 16:00:00,970.16,04/04/2025 16:00:00,0.32,,,30/10/2024 16:00:00,58.81,31/10/2024 16:00:00,107.19,30/10/2024 16:00:00,133.26,31/10/2024 16:00:00,113.99,30/10/2024 16:00:00,121.47,30/10/2024 16:00:00,79.75
31/10/2024 16:00:00,229.34,31/10/2024 16:00:00,117.15,31/10/2024 16:00:00,415.36,31/10/2024 16:00:00,81.29,31/10/2024 16:00:00,204.13,31/10/2024 16:00:00,148.76,31/10/2024 16:00:00,172,31/10/2024 16:00:00,22.06,31/10/2024 16:00:00,174.72,01/11/2024 16:00:00,160.58,31/10/2024 16:00:00,165.76,31/10/2024 16:00:00,28.45,31/10/2024 16:00:00,65.1,31/10/2024 16:00:00,65.81,31/10/2024 16:00:00,132.25,31/10/2024 16:00:00,170.52,31/10/2024 16:00:00,224.7,31/10/2024 16:00:00,100.93,31/10/2024 16:00:00,22.15,31/10/2024 16:00:00,41.26,31/10/2024 16:00:00,166.1,31/10/2024 16:00:00,167.62,31/10/2024 16:00:00,190.51,31/10/2024 16:00:00,113.57,31/10/2024 16:00:00,40.4,31/10/2024 16:00:00,55.43,31/10/2024 16:00:00,45.21,01/11/2024 16:00:00,294.51,31/10/2024 16:00:00,95.27,31/10/2024 16:00:00,292.09,31/10/2024 16:00:00,64.56,31/10/2024 16:00:00,42.29,31/10/2024 16:00:00,390.5,01/11/2024 16:00:00,50.5,31/10/2024 16:00:00,133.65,,,31/10/2024 17:36:00,34.24,31/10/2024 16:00:00,51.38,31/10/2024 16:00:00,106.97,31/10/2024 16:00:00,127,31/10/2024 16:00:00,317.69,31/10/2024 16:00:00,273.7,31/10/2024 16:00:00,48.67,31/10/2024 16:00:00,76.67,31/10/2024 16:00:00,377.35,31/10/2024 16:00:00,230.74,01/11/2024 16:00:00,56.74,31/10/2024 16:00:00,58.89,31/10/2024 16:00:00,27.08,31/10/2024 16:00:00,27.25,31/10/2024 16:00:00,154.31,31/10/2024 16:00:00,560.88,31/10/2024 16:00:00,53.8,31/10/2024 16:00:00,521.25,31/10/2024 16:00:00,522.44,31/10/2024 16:00:00,94.55,,,31/10/2024 16:00:00,836.51,31/10/2024 16:00:00,170.44,31/10/2024 16:00:00,83.01,12/11/2024 16:00:00,1.8,31/10/2024 16:00:00,204.65,31/10/2024 16:00:00,76.2,31/10/2024 16:00:00,87.94,31/10/2024 16:00:00,149.04,31/10/2024 16:00:00,89.83,31/10/2024 16:00:00,877.2,31/10/2024 16:00:00,90.69,,,31/10/2024 16:00:00,344.63,31/10/2024 16:00:00,36.36,01/11/2024 16:00:00,108.3,31/10/2024 16:00:00,243.89,31/10/2024 16:00:00,76.57,31/10/2024 16:00:00,10.43,31/10/2024 16:00:00,49.26,27/03/2025 16:00:00,0.01,01/11/2024 16:00:00,97.6,31/10/2024 16:00:00,45.41,31/10/2024 16:00:00,178.11,01/11/2024 16:00:00,23.75,31/10/2024 16:00:00,207.96,31/10/2024 16:00:00,39.67,31/10/2024 16:00:00,15.57,31/10/2024 16:00:00,112.35,,,31/10/2024 16:00:00,134.36,31/10/2024 16:00:00,27.92,31/10/2024 16:00:00,167,01/11/2024 16:00:00,36,31/10/2024 16:00:00,11.27,31/10/2024 16:00:00,189.93,31/10/2024 16:00:00,404.26,31/10/2024 16:00:00,261.4,01/11/2024 16:00:00,984,22/04/2025 16:00:00,0.32,,,31/10/2024 16:00:00,58.76,01/11/2024 16:00:00,105.29,31/10/2024 16:00:00,133.47,01/11/2024 16:00:00,114.68,31/10/2024 16:00:00,121.53,31/10/2024 16:00:00,78.39
01/11/2024 16:00:00,220.97,01/11/2024 16:00:00,119.93,01/11/2024 16:00:00,409.01,01/11/2024 16:00:00,82.53,01/11/2024 16:00:00,207.77,01/11/2024 16:00:00,152.48,01/11/2024 16:00:00,172.76,01/11/2024 16:00:00,22.53,01/11/2024 16:00:00,171.54,04/11/2024 16:00:00,159.7,01/11/2024 16:00:00,165.31,01/11/2024 16:00:00,28.48,01/11/2024 16:00:00,65.22,01/11/2024 16:00:00,65.47,01/11/2024 16:00:00,132.66,01/11/2024 16:00:00,170.15,01/11/2024 16:00:00,223.56,01/11/2024 16:00:00,101.78,01/11/2024 16:00:00,23,01/11/2024 16:00:00,42.12,01/11/2024 16:00:00,166.09,01/11/2024 16:00:00,163.08,01/11/2024 16:00:00,199,01/11/2024 16:00:00,119.75,01/11/2024 16:00:00,40.16,01/11/2024 16:00:00,54.74,01/11/2024 16:00:00,44.35,04/11/2024 16:00:00,294.74,01/11/2024 16:00:00,95.7,01/11/2024 16:00:00,288.49,01/11/2024 16:00:00,64.33,01/11/2024 16:00:00,42.15,01/11/2024 16:00:00,394.8,04/11/2024 16:00:00,49.89,01/11/2024 16:00:00,134.58,,,04/11/2024 17:36:00,34.12,01/11/2024 16:00:00,54.46,01/11/2024 16:00:00,109.51,01/11/2024 16:00:00,128.47,01/11/2024 16:00:00,318.69,01/11/2024 16:00:00,272.3,01/11/2024 16:00:00,48.71,01/11/2024 16:00:00,75.86,01/11/2024 16:00:00,378.07,01/11/2024 16:00:00,233.55,04/11/2024 16:00:00,55.97,01/11/2024 16:00:00,57.7,01/11/2024 16:00:00,27.27,01/11/2024 16:00:00,27.21,01/11/2024 16:00:00,152.78,01/11/2024 16:00:00,565.12,01/11/2024 16:00:00,55.88,01/11/2024 16:00:00,500.44,01/11/2024 16:00:00,520,01/11/2024 16:00:00,93.92,,,01/11/2024 16:00:00,828,01/11/2024 16:00:00,167.11,01/11/2024 16:00:00,82.78,13/11/2024 16:00:00,1.83,01/11/2024 16:00:00,206.29,01/11/2024 16:00:00,77.05,01/11/2024 16:00:00,88.31,01/11/2024 16:00:00,151.38,01/11/2024 16:00:00,89.83,01/11/2024 16:00:00,874.27,01/11/2024 16:00:00,91,,,01/11/2024 16:00:00,346.94,01/11/2024 16:00:00,35.49,04/11/2024 16:00:00,107.75,01/11/2024 16:00:00,248.96,01/11/2024 16:00:00,78.45,01/11/2024 16:00:00,10.33,01/11/2024 16:00:00,49.5,28/03/2025 16:00:00,0.01,04/11/2024 16:00:00,98.59,01/11/2024 16:00:00,45.6,01/11/2024 16:00:00,173.65,04/11/2024 16:00:00,23.38,01/11/2024 16:00:00,203.08,01/11/2024 16:00:00,39.24,01/11/2024 16:00:00,15.61,01/11/2024 16:00:00,113.31,,,01/11/2024 16:00:00,134.62,01/11/2024 16:00:00,27.96,01/11/2024 16:00:00,162.35,04/11/2024 16:00:00,36.01,01/11/2024 16:00:00,11.12,01/11/2024 16:00:00,189.5,01/11/2024 16:00:00,405.8,01/11/2024 16:00:00,265.55,04/11/2024 16:00:00,979.14,24/04/2025 16:00:00,0.32,,,01/11/2024 16:00:00,59.93,04/11/2024 16:00:00,105.06,01/11/2024 16:00:00,132.2,04/11/2024 16:00:00,112.68,01/11/2024 16:00:00,122.84,01/11/2024 16:00:00,79.39
04/11/2024 16:00:00,220.99,04/11/2024 16:00:00,116.07,04/11/2024 16:00:00,409.8,04/11/2024 16:00:00,82.2,04/11/2024 16:00:00,207.65,04/11/2024 16:00:00,154.42,04/11/2024 16:00:00,172.3,04/11/2024 16:00:00,22.14,04/11/2024 16:00:00,171.24,05/11/2024 16:00:00,157.67,04/11/2024 16:00:00,165.72,04/11/2024 16:00:00,28.1,04/11/2024 16:00:00,64.56,04/11/2024 16:00:00,65.08,04/11/2024 16:00:00,131.23,04/11/2024 16:00:00,170.31,04/11/2024 16:00:00,222.65,04/11/2024 16:00:00,102,04/11/2024 16:00:00,22.96,04/11/2024 16:00:00,41.65,04/11/2024 16:00:00,165.59,04/11/2024 16:00:00,165.06,04/11/2024 16:00:00,196.45,04/11/2024 16:00:00,119.6,04/11/2024 16:00:00,39.91,04/11/2024 16:00:00,55.45,04/11/2024 16:00:00,43.69,05/11/2024 16:00:00,293.75,04/11/2024 16:00:00,95.83,04/11/2024 16:00:00,291.55,04/11/2024 16:00:00,62.99,04/11/2024 16:00:00,41.61,04/11/2024 16:00:00,391.95,05/11/2024 16:00:00,50.7,04/11/2024 16:00:00,134.36,,,05/11/2024 17:36:00,34.99,04/11/2024 16:00:00,53.93,04/11/2024 16:00:00,109,04/11/2024 16:00:00,127.24,04/11/2024 16:00:00,320.58,04/11/2024 16:00:00,272.33,04/11/2024 16:00:00,47.86,04/11/2024 16:00:00,75.84,04/11/2024 16:00:00,378.1,04/11/2024 16:00:00,231.95,05/11/2024 16:00:00,54.5,04/11/2024 16:00:00,58.05,04/11/2024 16:00:00,27.38,04/11/2024 16:00:00,27.55,04/11/2024 16:00:00,154.62,04/11/2024 16:00:00,566.74,04/11/2024 16:00:00,54.33,04/11/2024 16:00:00,509.14,04/11/2024 16:00:00,518,04/11/2024 16:00:00,93.28,,,04/11/2024 16:00:00,805,04/11/2024 16:00:00,168.58,04/11/2024 16:00:00,82.69,14/11/2024 16:00:00,1.86,04/11/2024 16:00:00,208.83,04/11/2024 16:00:00,77.99,04/11/2024 16:00:00,89.49,04/11/2024 16:00:00,150.46,04/11/2024 16:00:00,90.03,04/11/2024 16:00:00,881.34,04/11/2024 16:00:00,88.54,,,04/11/2024 16:00:00,345.26,04/11/2024 16:00:00,36.27,05/11/2024 16:00:00,115.75,04/11/2024 16:00:00,248.78,04/11/2024 16:00:00,78.68,04/11/2024 16:00:00,10.23,04/11/2024 16:00:00,48.3,31/03/2025 16:00:00,0.01,05/11/2024 16:00:00,96.86,04/11/2024 16:00:00,45.97,04/11/2024 16:00:00,173.22,05/11/2024 16:00:00,23.73,04/11/2024 16:00:00,203.49,04/11/2024 16:00:00,38.07,04/11/2024 16:00:00,15.29,04/11/2024 16:00:00,112.74,,,04/11/2024 16:00:00,135.05,04/11/2024 16:00:00,27.91,04/11/2024 16:00:00,163.65,05/11/2024 16:00:00,35.7,04/11/2024 16:00:00,10.85,04/11/2024 16:00:00,187.26,04/11/2024 16:00:00,400.42,04/11/2024 16:00:00,262.41,05/11/2024 16:00:00,992,28/04/2025 16:00:00,0.32,,,04/11/2024 16:00:00,58.4,05/11/2024 16:00:00,104.39,04/11/2024 16:00:00,132.5,05/11/2024 16:00:00,112.59,04/11/2024 16:00:00,122.03,04/11/2024 16:00:00,77.35
05/11/2024 16:00:00,221.8,05/11/2024 16:00:00,119.08,05/11/2024 16:00:00,408.37,05/11/2024 16:00:00,82.68,05/11/2024 16:00:00,206.17,05/11/2024 16:00:00,154.53,05/11/2024 16:00:00,172.36,05/11/2024 16:00:00,21.9,05/11/2024 16:00:00,170.83,06/11/2024 16:00:00,159.9,05/11/2024 16:00:00,164.33,05/11/2024 16:00:00,27.74,05/11/2024 16:00:00,64,05/11/2024 16:00:00,64.64,05/11/2024 16:00:00,130.73,05/11/2024 16:00:00,170.47,05/11/2024 16:00:00,220.03,05/11/2024 16:00:00,101.36,05/11/2024 16:00:00,22.58,05/11/2024 16:00:00,41.01,05/11/2024 16:00:00,165.95,05/11/2024 16:00:00,165,05/11/2024 16:00:00,196.04,05/11/2024 16:00:00,117.59,05/11/2024 16:00:00,40.4,05/11/2024 16:00:00,55.9,05/11/2024 16:00:00,42.74,06/11/2024 16:00:00,300.28,05/11/2024 16:00:00,95.6,05/11/2024 16:00:00,291.71,05/11/2024 16:00:00,63,05/11/2024 16:00:00,41.51,05/11/2024 16:00:00,394.97,06/11/2024 16:00:00,51.17,05/11/2024 16:00:00,132.7,,,06/11/2024 17:36:00,34.2,05/11/2024 16:00:00,53.8,05/11/2024 16:00:00,109.19,05/11/2024 16:00:00,125.5,05/11/2024 16:00:00,316.16,05/11/2024 16:00:00,271.72,05/11/2024 16:00:00,47.29,05/11/2024 16:00:00,75.74,05/11/2024 16:00:00,377.13,05/11/2024 16:00:00,230.6,06/11/2024 16:00:00,61.7,05/11/2024 16:00:00,60.73,05/11/2024 16:00:00,27.45,05/11/2024 16:00:00,27.31,05/11/2024 16:00:00,157.47,05/11/2024 16:00:00,558.28,05/11/2024 16:00:00,55.14,05/11/2024 16:00:00,505.58,05/11/2024 16:00:00,513,05/11/2024 16:00:00,93.4,,,05/11/2024 16:00:00,803.83,05/11/2024 16:00:00,171,05/11/2024 16:00:00,84.95,15/11/2024 16:00:00,1.8,05/11/2024 16:00:00,208.2,05/11/2024 16:00:00,77.25,05/11/2024 16:00:00,89.64,05/11/2024 16:00:00,150.01,05/11/2024 16:00:00,89.05,05/11/2024 16:00:00,888,05/11/2024 16:00:00,88.18,,,05/11/2024 16:00:00,342.79,05/11/2024 16:00:00,36,06/11/2024 16:00:00,126.47,05/11/2024 16:00:00,245.66,05/11/2024 16:00:00,78.16,05/11/2024 16:00:00,10.33,05/11/2024 16:00:00,47.8,01/04/2025 16:00:00,0.01,06/11/2024 16:00:00,96.97,05/11/2024 16:00:00,46.87,05/11/2024 16:00:00,172.71,06/11/2024 16:00:00,23.88,05/11/2024 16:00:00,202.07,05/11/2024 16:00:00,37.97,05/11/2024 16:00:00,15.3,05/11/2024 16:00:00,112.56,,,05/11/2024 16:00:00,133.89,05/11/2024 16:00:00,28.21,05/11/2024 16:00:00,162.37,06/11/2024 16:00:00,36.78,05/11/2024 16:00:00,10.81,05/11/2024 16:00:00,186.21,05/11/2024 16:00:00,398.31,05/11/2024 16:00:00,264.06,06/11/2024 16:00:00,1046.26,02/05/2025 16:00:00,0.32,,,05/11/2024 16:00:00,57.44,06/11/2024 16:00:00,109.69,05/11/2024 16:00:00,133.2,06/11/2024 16:00:00,114.01,05/11/2024 16:00:00,123.23,05/11/2024 16:00:00,77.77
06/11/2024 16:00:00,222.61,06/11/2024 16:00:00,121.15,06/11/2024 16:00:00,412.42,06/11/2024 16:00:00,85.14,06/11/2024 16:00:00,213.48,06/11/2024 16:00:00,157.1,06/11/2024 16:00:00,181.5,06/11/2024 16:00:00,22.11,06/11/2024 16:00:00,175.35,07/11/2024 16:00:00,158.47,06/11/2024 16:00:00,165.61,06/11/2024 16:00:00,27.93,06/11/2024 16:00:00,73.3,06/11/2024 16:00:00,64.42,06/11/2024 16:00:00,132.98,06/11/2024 16:00:00,178.52,06/11/2024 16:00:00,235,06/11/2024 16:00:00,103.18,06/11/2024 16:00:00,24.3,06/11/2024 16:00:00,41.44,06/11/2024 16:00:00,167.37,06/11/2024 16:00:00,169.25,06/11/2024 16:00:00,200.01,06/11/2024 16:00:00,121,06/11/2024 16:00:00,42.52,06/11/2024 16:00:00,57.19,06/11/2024 16:00:00,43.83,07/11/2024 16:00:00,294.84,06/11/2024 16:00:00,98.21,06/11/2024 16:00:00,306.32,06/11/2024 16:00:00,68.4,06/11/2024 16:00:00,44.8,06/11/2024 16:00:00,394.04,07/11/2024 16:00:00,51.48,06/11/2024 16:00:00,135.35,,,07/11/2024 17:36:00,35.65,06/11/2024 16:00:00,54.58,06/11/2024 16:00:00,112,06/11/2024 16:00:00,130.7,06/11/2024 16:00:00,325,06/11/2024 16:00:00,288,06/11/2024 16:00:00,50.28,06/11/2024 16:00:00,78.78,06/11/2024 16:00:00,405.17,06/11/2024 16:00:00,248.08,07/11/2024 16:00:00,61.29,06/11/2024 16:00:00,61.99,06/11/2024 16:00:00,27.17,06/11/2024 16:00:00,28.75,06/11/2024 16:00:00,152.3,06/11/2024 16:00:00,603.9,06/11/2024 16:00:00,56.34,06/11/2024 16:00:00,520.86,06/11/2024 16:00:00,567.3,06/11/2024 16:00:00,94.66,,,06/11/2024 16:00:00,817.33,06/11/2024 16:00:00,176.3,06/11/2024 16:00:00,87.74,18/11/2024 16:00:00,1.86,06/11/2024 16:00:00,212.06,06/11/2024 16:00:00,76.87,06/11/2024 16:00:00,91,06/11/2024 16:00:00,151.7,06/11/2024 16:00:00,91.87,06/11/2024 16:00:00,898.28,06/11/2024 16:00:00,88.2,,,06/11/2024 16:00:00,355.9,06/11/2024 16:00:00,37.44,07/11/2024 16:00:00,126.2,06/11/2024 16:00:00,252.07,06/11/2024 16:00:00,82,06/11/2024 16:00:00,10.95,06/11/2024 16:00:00,49.7,02/04/2025 16:00:00,0.01,07/11/2024 16:00:00,96.06,06/11/2024 16:00:00,45.28,06/11/2024 16:00:00,176.87,07/11/2024 16:00:00,24.85,06/11/2024 16:00:00,208.93,06/11/2024 16:00:00,38.25,06/11/2024 16:00:00,16.15,06/11/2024 16:00:00,116.14,,,06/11/2024 16:00:00,136.15,06/11/2024 16:00:00,30,06/11/2024 16:00:00,190.29,07/11/2024 16:00:00,35.7,06/11/2024 16:00:00,11.5,06/11/2024 16:00:00,200.09,06/11/2024 16:00:00,412.62,06/11/2024 16:00:00,266.15,07/11/2024 16:00:00,1039.99,06/05/2025 16:00:00,0.32,,,06/11/2024 16:00:00,58.28,07/11/2024 16:00:00,108.28,06/11/2024 16:00:00,136.8,07/11/2024 16:00:00,112.64,06/11/2024 16:00:00,125.56,06/11/2024 16:00:00,74.3
07/11/2024 16:00:00,224.63,07/11/2024 16:00:00,121.3,07/11/2024 16:00:00,421.28,07/11/2024 16:00:00,83.72,07/11/2024 16:00:00,213.64,07/11/2024 16:00:00,157.94,07/11/2024 16:00:00,181.02,07/11/2024 16:00:00,22.39,07/11/2024 16:00:00,179.11,08/11/2024 16:00:00,157,07/11/2024 16:00:00,161.96,07/11/2024 16:00:00,27.53,07/11/2024 16:00:00,71.64,07/11/2024 16:00:00,64.29,07/11/2024 16:00:00,126.53,07/11/2024 16:00:00,181.08,07/11/2024 16:00:00,244.5,07/11/2024 16:00:00,101.44,07/11/2024 16:00:00,25.43,07/11/2024 16:00:00,41.08,07/11/2024 16:00:00,164.5,07/11/2024 16:00:00,180.27,07/11/2024 16:00:00,207.44,07/11/2024 16:00:00,117.49,07/11/2024 16:00:00,43.75,07/11/2024 16:00:00,57.8,07/11/2024 16:00:00,44.97,08/11/2024 16:00:00,295.6,07/11/2024 16:00:00,98.78,07/11/2024 16:00:00,307.5,07/11/2024 16:00:00,68.2,07/11/2024 16:00:00,45.04,07/11/2024 16:00:00,391,08/11/2024 16:00:00,51.02,07/11/2024 16:00:00,135.15,,,08/11/2024 17:36:00,36.93,07/11/2024 16:00:00,54.33,07/11/2024 16:00:00,113.91,07/11/2024 16:00:00,133.36,07/11/2024 16:00:00,322,07/11/2024 16:00:00,292.32,07/11/2024 16:00:00,50.84,07/11/2024 16:00:00,76.53,07/11/2024 16:00:00,414.92,07/11/2024 16:00:00,249.3,08/11/2024 16:00:00,57.19,07/11/2024 16:00:00,60.9,07/11/2024 16:00:00,27.76,07/11/2024 16:00:00,29,07/11/2024 16:00:00,148.8,07/11/2024 16:00:00,598.69,07/11/2024 16:00:00,55.19,07/11/2024 16:00:00,523.99,07/11/2024 16:00:00,590,07/11/2024 16:00:00,90.82,,,07/11/2024 16:00:00,784.65,07/11/2024 16:00:00,174.1,07/11/2024 16:00:00,85.22,19/11/2024 16:00:00,1.92,07/11/2024 16:00:00,216.95,07/11/2024 16:00:00,75.7,07/11/2024 16:00:00,94,07/11/2024 16:00:00,147.8,07/11/2024 16:00:00,89.49,07/11/2024 16:00:00,898.62,07/11/2024 16:00:00,87.51,,,07/11/2024 16:00:00,358,07/11/2024 16:00:00,36.81,08/11/2024 16:00:00,126.32,07/11/2024 16:00:00,249.7,07/11/2024 16:00:00,82.38,07/11/2024 16:00:00,11.01,07/11/2024 16:00:00,48.54,03/04/2025 16:00:00,0.01,08/11/2024 16:00:00,96.11,07/11/2024 16:00:00,48.24,07/11/2024 16:00:00,175.69,08/11/2024 16:00:00,21.97,07/11/2024 16:00:00,215.8,07/11/2024 16:00:00,38.33,07/11/2024 16:00:00,16.71,07/11/2024 16:00:00,115.79,,,07/11/2024 16:00:00,132.27,07/11/2024 16:00:00,29.84,07/11/2024 16:00:00,188.08,08/11/2024 16:00:00,35.46,07/11/2024 16:00:00,11.43,07/11/2024 16:00:00,202.88,07/11/2024 16:00:00,407.61,07/11/2024 16:00:00,262.79,08/11/2024 16:00:00,1040.98,07/05/2025 16:00:00,0.32,,,07/11/2024 16:00:00,57.42,08/11/2024 16:00:00,108.33,07/11/2024 16:00:00,135,08/11/2024 16:00:00,111.77,07/11/2024 16:00:00,127.2,07/11/2024 16:00:00,73.61
08/11/2024 16:00:00,227.17,08/11/2024 16:00:00,120.98,08/11/2024 16:00:00,425.32,08/11/2024 16:00:00,84.28,08/11/2024 16:00:00,214.16,08/11/2024 16:00:00,156.6,08/11/2024 16:00:00,179.65,08/11/2024 16:00:00,22.05,08/11/2024 16:00:00,182,11/11/2024 16:00:00,155.62,08/11/2024 16:00:00,164.02,08/11/2024 16:00:00,27.11,08/11/2024 16:00:00,70.01,08/11/2024 16:00:00,63.91,08/11/2024 16:00:00,124.45,08/11/2024 16:00:00,186.26,08/11/2024 16:00:00,239.34,08/11/2024 16:00:00,101.48,08/11/2024 16:00:00,26,08/11/2024 16:00:00,40.74,08/11/2024 16:00:00,163.84,08/11/2024 16:00:00,172.09,08/11/2024 16:00:00,209.72,08/11/2024 16:00:00,115.33,08/11/2024 16:00:00,42.99,08/11/2024 16:00:00,58.09,08/11/2024 16:00:00,44.16,11/11/2024 16:00:00,300.4,08/11/2024 16:00:00,98.73,08/11/2024 16:00:00,306.89,08/11/2024 16:00:00,68.72,08/11/2024 16:00:00,45.14,08/11/2024 16:00:00,404,11/11/2024 16:00:00,50.31,08/11/2024 16:00:00,134.11,,,12/11/2024 17:36:00,36.25,08/11/2024 16:00:00,53.54,08/11/2024 16:00:00,111.1,08/11/2024 16:00:00,133.45,08/11/2024 16:00:00,322.48,08/11/2024 16:00:00,286.68,08/11/2024 16:00:00,49.77,08/11/2024 16:00:00,77.19,08/11/2024 16:00:00,400.96,08/11/2024 16:00:00,241.96,11/11/2024 16:00:00,55.58,08/11/2024 16:00:00,62.41,08/11/2024 16:00:00,27.43,08/11/2024 16:00:00,28.86,08/11/2024 16:00:00,151.12,08/11/2024 16:00:00,609,08/11/2024 16:00:00,54.7,08/11/2024 16:00:00,520.34,08/11/2024 16:00:00,586.42,08/11/2024 16:00:00,91.14,,,08/11/2024 16:00:00,803.5,08/11/2024 16:00:00,176.27,08/11/2024 16:00:00,85.65,20/11/2024 16:00:00,2.16,08/11/2024 16:00:00,217.45,08/11/2024 16:00:00,75.5,08/11/2024 16:00:00,96.05,08/11/2024 16:00:00,151.51,08/11/2024 16:00:00,88.36,08/11/2024 16:00:00,914,08/11/2024 16:00:00,87.44,,,08/11/2024 16:00:00,360.77,08/11/2024 16:00:00,37.2,11/11/2024 16:00:00,127.19,08/11/2024 16:00:00,247.05,08/11/2024 16:00:00,81.47,08/11/2024 16:00:00,10.93,08/11/2024 16:00:00,48.59,04/04/2025 16:00:00,0.01,11/11/2024 16:00:00,98,08/11/2024 16:00:00,46.52,08/11/2024 16:00:00,173.58,11/11/2024 16:00:00,21.67,08/11/2024 16:00:00,217.05,08/11/2024 16:00:00,37.92,08/11/2024 16:00:00,16.25,08/11/2024 16:00:00,116.51,,,08/11/2024 16:00:00,132.54,08/11/2024 16:00:00,29.59,08/11/2024 16:00:00,184.8,11/11/2024 16:00:00,34.68,08/11/2024 16:00:00,11.49,08/11/2024 16:00:00,203.8,08/11/2024 16:00:00,402.1,08/11/2024 16:00:00,268.98,11/11/2024 16:00:00,1050,09/05/2025 16:00:00,0.32,,,08/11/2024 16:00:00,56.65,11/11/2024 16:00:00,108.86,08/11/2024 16:00:00,136.37,11/11/2024 16:00:00,112.39,08/11/2024 16:00:00,131.64,08/11/2024 16:00:00,74.98
11/11/2024 16:00:00,225,11/11/2024 16:00:00,121,11/11/2024 16:00:00,422.52,11/11/2024 16:00:00,84.95,11/11/2024 16:00:00,214.4,11/11/2024 16:00:00,157.18,11/11/2024 16:00:00,186.29,11/11/2024 16:00:00,22.28,11/11/2024 16:00:00,180.07,12/11/2024 16:00:00,154.53,11/11/2024 16:00:00,167,11/11/2024 16:00:00,26.69,11/11/2024 16:00:00,71.41,11/11/2024 16:00:00,63.86,11/11/2024 16:00:00,125.91,11/11/2024 16:00:00,191.2,11/11/2024 16:00:00,240.32,11/11/2024 16:00:00,103.07,11/11/2024 16:00:00,25.96,11/11/2024 16:00:00,40.47,11/11/2024 16:00:00,164.41,11/11/2024 16:00:00,170,11/11/2024 16:00:00,208.5,11/11/2024 16:00:00,116.85,11/11/2024 16:00:00,43.29,11/11/2024 16:00:00,59,11/11/2024 16:00:00,43.96,12/11/2024 16:00:00,300.14,11/11/2024 16:00:00,99,11/11/2024 16:00:00,310.05,11/11/2024 16:00:00,69.51,11/11/2024 16:00:00,45.6,11/11/2024 16:00:00,406.5,12/11/2024 16:00:00,51.1,11/11/2024 16:00:00,132.66,,,13/11/2024 17:36:00,35.94,11/11/2024 16:00:00,54.1,11/11/2024 16:00:00,111.52,11/11/2024 16:00:00,134.8,11/11/2024 16:00:00,325.91,11/11/2024 16:00:00,290.43,11/11/2024 16:00:00,50.88,11/11/2024 16:00:00,75.86,11/11/2024 16:00:00,397.91,11/11/2024 16:00:00,244,12/11/2024 16:00:00,55.62,11/11/2024 16:00:00,62,11/11/2024 16:00:00,27.13,11/11/2024 16:00:00,29.52,11/11/2024 16:00:00,152,11/11/2024 16:00:00,616.9,11/11/2024 16:00:00,60.72,11/11/2024 16:00:00,528.52,11/11/2024 16:00:00,598.3,11/11/2024 16:00:00,92.13,,,11/11/2024 16:00:00,831.3,11/11/2024 16:00:00,178.75,11/11/2024 16:00:00,84.13,21/11/2024 16:00:00,1.8,11/11/2024 16:00:00,219.2,11/11/2024 16:00:00,76.15,11/11/2024 16:00:00,96.4,11/11/2024 16:00:00,150,11/11/2024 16:00:00,87.95,11/11/2024 16:00:00,943.8,11/11/2024 16:00:00,88.14,,,11/11/2024 16:00:00,354.94,11/11/2024 16:00:00,36.87,12/11/2024 16:00:00,129.18,11/11/2024 16:00:00,245,11/11/2024 16:00:00,81.57,11/11/2024 16:00:00,11.07,11/11/2024 16:00:00,46.52,07/04/2025 16:00:00,0.01,12/11/2024 16:00:00,100.13,11/11/2024 16:00:00,45.54,11/11/2024 16:00:00,173.92,12/11/2024 16:00:00,22.18,11/11/2024 16:00:00,218.01,11/11/2024 16:00:00,38.09,11/11/2024 16:00:00,16.13,11/11/2024 16:00:00,118.25,,,11/11/2024 16:00:00,133.32,11/11/2024 16:00:00,29.07,11/11/2024 16:00:00,188,12/11/2024 16:00:00,34.22,11/11/2024 16:00:00,11.73,11/11/2024 16:00:00,206.52,11/11/2024 16:00:00,395.18,11/11/2024 16:00:00,273.54,12/11/2024 16:00:00,1054.2,12/05/2025 16:00:00,0.32,,,11/11/2024 16:00:00,57.81,12/11/2024 16:00:00,110.19,11/11/2024 16:00:00,136.71,12/11/2024 16:00:00,112.66,11/11/2024 16:00:00,133.77,11/11/2024 16:00:00,76.98
12/11/2024 16:00:00,224.55,12/11/2024 16:00:00,121.13,12/11/2024 16:00:00,418.25,12/11/2024 16:00:00,84.5,12/11/2024 16:00:00,211.9,12/11/2024 16:00:00,157.3,12/11/2024 16:00:00,185.07,12/11/2024 16:00:00,22.21,12/11/2024 16:00:00,181.38,13/11/2024 16:00:00,152.5,12/11/2024 16:00:00,166.14,12/11/2024 16:00:00,26.23,12/11/2024 16:00:00,72.78,12/11/2024 16:00:00,63.68,12/11/2024 16:00:00,125.82,12/11/2024 16:00:00,188.54,12/11/2024 16:00:00,240.55,12/11/2024 16:00:00,100.76,12/11/2024 16:00:00,24.66,12/11/2024 16:00:00,40.5,12/11/2024 16:00:00,164.09,12/11/2024 16:00:00,167.05,12/11/2024 16:00:00,208.37,12/11/2024 16:00:00,116.68,12/11/2024 16:00:00,44.4,12/11/2024 16:00:00,58.76,12/11/2024 16:00:00,43.9,13/11/2024 16:00:00,298.9,12/11/2024 16:00:00,100.55,12/11/2024 16:00:00,309.04,12/11/2024 16:00:00,69.53,12/11/2024 16:00:00,46.14,12/11/2024 16:00:00,414.25,13/11/2024 16:00:00,50.76,12/11/2024 16:00:00,131.93,,,14/11/2024 17:36:00,37.13,12/11/2024 16:00:00,54.07,12/11/2024 16:00:00,112.46,12/11/2024 16:00:00,132.8,12/11/2024 16:00:00,319.59,12/11/2024 16:00:00,292,12/11/2024 16:00:00,50.94,12/11/2024 16:00:00,75.24,12/11/2024 16:00:00,397.79,12/11/2024 16:00:00,242.35,13/11/2024 16:00:00,53.89,12/11/2024 16:00:00,62.11,12/11/2024 16:00:00,26.81,12/11/2024 16:00:00,29.25,12/11/2024 16:00:00,148.4,12/11/2024 16:00:00,619.58,12/11/2024 16:00:00,59.82,12/11/2024 16:00:00,529.1,12/11/2024 16:00:00,598.05,12/11/2024 16:00:00,93.3,,,12/11/2024 16:00:00,830.2,12/11/2024 16:00:00,181.19,12/11/2024 16:00:00,83.21,22/11/2024 16:00:00,1.86,12/11/2024 16:00:00,239.36,12/11/2024 16:00:00,76.46,12/11/2024 16:00:00,96.35,12/11/2024 16:00:00,154.8,12/11/2024 16:00:00,88.23,12/11/2024 16:00:00,935.95,12/11/2024 16:00:00,88.4,,,12/11/2024 16:00:00,357.64,12/11/2024 16:00:00,37.45,13/11/2024 16:00:00,129,12/11/2024 16:00:00,244.51,12/11/2024 16:00:00,81.8,12/11/2024 16:00:00,11.14,12/11/2024 16:00:00,46.36,08/04/2025 16:00:00,0.01,13/11/2024 16:00:00,97.35,12/11/2024 16:00:00,43.98,12/11/2024 16:00:00,171.36,13/11/2024 16:00:00,21.9,12/11/2024 16:00:00,215.39,12/11/2024 16:00:00,38.27,12/11/2024 16:00:00,16.46,12/11/2024 16:00:00,118.67,,,12/11/2024 16:00:00,134,12/11/2024 16:00:00,30.32,12/11/2024 16:00:00,189.8,13/11/2024 16:00:00,33.71,12/11/2024 16:00:00,11.85,12/11/2024 16:00:00,209.12,12/11/2024 16:00:00,402.19,12/11/2024 16:00:00,275.75,13/11/2024 16:00:00,1038.37,15/05/2025 16:00:00,0.32,,,12/11/2024 16:00:00,57.96,13/11/2024 16:00:00,110.42,12/11/2024 16:00:00,136.11,13/11/2024 16:00:00,112.52,12/11/2024 16:00:00,133.1,12/11/2024 16:00:00,75.61
13/11/2024 16:00:00,224.01,13/11/2024 16:00:00,120.57,13/11/2024 16:00:00,421.64,13/11/2024 16:00:00,84.99,13/11/2024 16:00:00,209.5,13/11/2024 16:00:00,156.07,13/11/2024 16:00:00,182.95,13/11/2024 16:00:00,22.17,13/11/2024 16:00:00,182.15,14/11/2024 16:00:00,153.18,13/11/2024 16:00:00,166.06,13/11/2024 16:00:00,26.23,13/11/2024 16:00:00,72.75,13/11/2024 16:00:00,63.05,13/11/2024 16:00:00,124.85,13/11/2024 16:00:00,189,13/11/2024 16:00:00,240.58,13/11/2024 16:00:00,98.51,13/11/2024 16:00:00,24.06,13/11/2024 16:00:00,40.4,13/11/2024 16:00:00,163.49,13/11/2024 16:00:00,162.79,13/11/2024 16:00:00,209.4,13/11/2024 16:00:00,116.08,13/11/2024 16:00:00,44.47,13/11/2024 16:00:00,58.15,13/11/2024 16:00:00,43.66,14/11/2024 16:00:00,298,13/11/2024 16:00:00,100.79,13/11/2024 16:00:00,309.49,13/11/2024 16:00:00,69.07,13/11/2024 16:00:00,46.2,13/11/2024 16:00:00,409.13,14/11/2024 16:00:00,51.68,13/11/2024 16:00:00,130.65,,,15/11/2024 17:36:00,38.22,13/11/2024 16:00:00,54.72,13/11/2024 16:00:00,110.42,13/11/2024 16:00:00,132.01,13/11/2024 16:00:00,306,13/11/2024 16:00:00,287.92,13/11/2024 16:00:00,50.91,13/11/2024 16:00:00,74.82,13/11/2024 16:00:00,388.95,13/11/2024 16:00:00,239.41,14/11/2024 16:00:00,54.02,13/11/2024 16:00:00,61.68,13/11/2024 16:00:00,26.7,13/11/2024 16:00:00,29.5,13/11/2024 16:00:00,145.58,13/11/2024 16:00:00,613,13/11/2024 16:00:00,59.21,13/11/2024 16:00:00,530.01,13/11/2024 16:00:00,594.63,13/11/2024 16:00:00,91.91,,,13/11/2024 16:00:00,820.32,13/11/2024 16:00:00,179.38,13/11/2024 16:00:00,82.58,25/11/2024 16:00:00,1.86,13/11/2024 16:00:00,235,13/11/2024 16:00:00,76.91,13/11/2024 16:00:00,94.13,13/11/2024 16:00:00,155.5,13/11/2024 16:00:00,87.99,13/11/2024 16:00:00,930,13/11/2024 16:00:00,88.23,,,13/11/2024 16:00:00,359.54,13/11/2024 16:00:00,37.14,14/11/2024 16:00:00,129.77,13/11/2024 16:00:00,239.6,13/11/2024 16:00:00,82.11,13/11/2024 16:00:00,11.12,13/11/2024 16:00:00,44.9,09/04/2025 16:00:00,0.01,14/11/2024 16:00:00,99.43,13/11/2024 16:00:00,43.75,13/11/2024 16:00:00,167.74,14/11/2024 16:00:00,22.32,13/11/2024 16:00:00,211.01,13/11/2024 16:00:00,38.24,13/11/2024 16:00:00,16.61,13/11/2024 16:00:00,119.91,,,13/11/2024 16:00:00,133.51,13/11/2024 16:00:00,30.16,13/11/2024 16:00:00,187.18,14/11/2024 16:00:00,32.68,13/11/2024 16:00:00,12.25,13/11/2024 16:00:00,212.11,13/11/2024 16:00:00,391.05,13/11/2024 16:00:00,272.72,14/11/2024 16:00:00,1040.71,26/05/2025 16:00:00,0.34,,,13/11/2024 16:00:00,57.51,14/11/2024 16:00:00,110,13/11/2024 16:00:00,134.45,14/11/2024 16:00:00,111.57,13/11/2024 16:00:00,134.04,13/11/2024 16:00:00,74.63
14/11/2024 16:00:00,225.02,14/11/2024 16:00:00,121.66,14/11/2024 16:00:00,425,14/11/2024 16:00:00,85.03,14/11/2024 16:00:00,210,14/11/2024 16:00:00,159.84,14/11/2024 16:00:00,183,14/11/2024 16:00:00,22.3,14/11/2024 16:00:00,179.75,15/11/2024 16:00:00,150.9,14/11/2024 16:00:00,166.71,14/11/2024 16:00:00,26.74,14/11/2024 16:00:00,72.85,14/11/2024 16:00:00,63.11,14/11/2024 16:00:00,124,14/11/2024 16:00:00,188.66,14/11/2024 16:00:00,242.42,14/11/2024 16:00:00,99.18,14/11/2024 16:00:00,25.12,14/11/2024 16:00:00,41.14,14/11/2024 16:00:00,164.74,14/11/2024 16:00:00,162.95,14/11/2024 16:00:00,214.16,14/11/2024 16:00:00,115.98,14/11/2024 16:00:00,43.82,14/11/2024 16:00:00,58.99,14/11/2024 16:00:00,43.91,15/11/2024 16:00:00,297.72,14/11/2024 16:00:00,110.33,14/11/2024 16:00:00,309.3,14/11/2024 16:00:00,69.3,14/11/2024 16:00:00,45.95,14/11/2024 16:00:00,408,15/11/2024 16:00:00,50.47,14/11/2024 16:00:00,133.65,,,18/11/2024 17:36:00,37.72,14/11/2024 16:00:00,54.8,14/11/2024 16:00:00,112.59,14/11/2024 16:00:00,131.87,14/11/2024 16:00:00,297.91,14/11/2024 16:00:00,288.34,14/11/2024 16:00:00,51.29,14/11/2024 16:00:00,76.25,14/11/2024 16:00:00,388.5,14/11/2024 16:00:00,240.26,15/11/2024 16:00:00,54.99,14/11/2024 16:00:00,61.6,14/11/2024 16:00:00,26.49,14/11/2024 16:00:00,28.66,14/11/2024 16:00:00,140.8,14/11/2024 16:00:00,603.48,14/11/2024 16:00:00,58.91,14/11/2024 16:00:00,520.62,14/11/2024 16:00:00,600,14/11/2024 16:00:00,91.01,,,14/11/2024 16:00:00,809.19,14/11/2024 16:00:00,179.21,14/11/2024 16:00:00,83.47,26/11/2024 16:00:00,1.95,14/11/2024 16:00:00,232.99,14/11/2024 16:00:00,76.68,14/11/2024 16:00:00,92.31,14/11/2024 16:00:00,154.76,14/11/2024 16:00:00,87.7,14/11/2024 16:00:00,927,14/11/2024 16:00:00,87.49,,,14/11/2024 16:00:00,371.38,14/11/2024 16:00:00,36.85,15/11/2024 16:00:00,128.46,14/11/2024 16:00:00,240.59,14/11/2024 16:00:00,82.55,14/11/2024 16:00:00,11.13,14/11/2024 16:00:00,45,10/04/2025 16:00:00,0.01,15/11/2024 16:00:00,99.1,14/11/2024 16:00:00,43.47,14/11/2024 16:00:00,165,15/11/2024 16:00:00,22.7,14/11/2024 16:00:00,205.27,14/11/2024 16:00:00,38.23,14/11/2024 16:00:00,16.31,14/11/2024 16:00:00,120.18,,,14/11/2024 16:00:00,131.71,14/11/2024 16:00:00,30.34,14/11/2024 16:00:00,184.52,15/11/2024 16:00:00,31.75,14/11/2024 16:00:00,11.86,14/11/2024 16:00:00,209.3,14/11/2024 16:00:00,390.42,14/11/2024 16:00:00,272.66,15/11/2024 16:00:00,1038.49,06/06/2025 16:00:00,0.35,,,14/11/2024 16:00:00,56.74,15/11/2024 16:00:00,109.88,14/11/2024 16:00:00,135.29,15/11/2024 16:00:00,109.47,14/11/2024 16:00:00,135,14/11/2024 16:00:00,73.88
15/11/2024 16:00:00,226.4,15/11/2024 16:00:00,120.4,15/11/2024 16:00:00,419.82,15/11/2024 16:00:00,84.53,15/11/2024 16:00:00,207.46,15/11/2024 16:00:00,161.52,15/11/2024 16:00:00,176.75,15/11/2024 16:00:00,22.24,15/11/2024 16:00:00,175.64,18/11/2024 16:00:00,152.59,15/11/2024 16:00:00,167.94,15/11/2024 16:00:00,25.7,15/11/2024 16:00:00,73,15/11/2024 16:00:00,62.49,15/11/2024 16:00:00,128.39,15/11/2024 16:00:00,184.52,15/11/2024 16:00:00,241.46,15/11/2024 16:00:00,97.92,15/11/2024 16:00:00,24.81,15/11/2024 16:00:00,40.8,15/11/2024 16:00:00,164.38,15/11/2024 16:00:00,163,15/11/2024 16:00:00,206.76,15/11/2024 16:00:00,114.87,15/11/2024 16:00:00,43.36,15/11/2024 16:00:00,57.45,15/11/2024 16:00:00,43.48,18/11/2024 16:00:00,293.01,15/11/2024 16:00:00,110.25,15/11/2024 16:00:00,307.56,15/11/2024 16:00:00,68,15/11/2024 16:00:00,45.62,15/11/2024 16:00:00,402.9,18/11/2024 16:00:00,50.33,15/11/2024 16:00:00,132.28,,,19/11/2024 17:36:00,39.23,15/11/2024 16:00:00,55.55,15/11/2024 16:00:00,112.68,15/11/2024 16:00:00,130.11,15/11/2024 16:00:00,291.5,15/11/2024 16:00:00,288,15/11/2024 16:00:00,50.27,15/11/2024 16:00:00,75.89,15/11/2024 16:00:00,385.99,15/11/2024 16:00:00,234.88,18/11/2024 16:00:00,53.73,15/11/2024 16:00:00,62.3,15/11/2024 16:00:00,26.35,15/11/2024 16:00:00,29.04,15/11/2024 16:00:00,138.14,15/11/2024 16:00:00,591.92,15/11/2024 16:00:00,58.16,15/11/2024 16:00:00,518.53,15/11/2024 16:00:00,593.36,15/11/2024 16:00:00,91.36,,,15/11/2024 16:00:00,775.19,15/11/2024 16:00:00,177.98,15/11/2024 16:00:00,83.07,27/11/2024 16:00:00,1.92,15/11/2024 16:00:00,229,15/11/2024 16:00:00,76,15/11/2024 16:00:00,91.71,15/11/2024 16:00:00,153.83,15/11/2024 16:00:00,85.47,15/11/2024 16:00:00,917.74,15/11/2024 16:00:00,86.67,,,15/11/2024 16:00:00,360.28,15/11/2024 16:00:00,36.38,18/11/2024 16:00:00,126.93,15/11/2024 16:00:00,236.15,15/11/2024 16:00:00,82.43,15/11/2024 16:00:00,11.05,15/11/2024 16:00:00,44.57,11/04/2025 16:00:00,0.01,18/11/2024 16:00:00,98.44,15/11/2024 16:00:00,43.5,15/11/2024 16:00:00,165.46,18/11/2024 16:00:00,22.64,15/11/2024 16:00:00,203.85,15/11/2024 16:00:00,38.11,15/11/2024 16:00:00,16.26,15/11/2024 16:00:00,119.73,,,15/11/2024 16:00:00,131.57,15/11/2024 16:00:00,30.2,15/11/2024 16:00:00,183.34,18/11/2024 16:00:00,31.77,15/11/2024 16:00:00,11.97,15/11/2024 16:00:00,208.12,15/11/2024 16:00:00,392.67,15/11/2024 16:00:00,269.9,18/11/2024 16:00:00,1038.58,26/06/2025 16:00:00,0.37,,,15/11/2024 16:00:00,56.2,18/11/2024 16:00:00,111.32,15/11/2024 16:00:00,135.94,18/11/2024 16:00:00,111.99,15/11/2024 16:00:00,135.01,15/11/2024 16:00:00,75.45
18/11/2024 16:00:00,225.25,18/11/2024 16:00:00,119.79,18/11/2024 16:00:00,414.87,18/11/2024 16:00:00,84.82,18/11/2024 16:00:00,207,18/11/2024 16:00:00,160.56,18/11/2024 16:00:00,177,18/11/2024 16:00:00,22.79,18/11/2024 16:00:00,174.96,19/11/2024 16:00:00,153.95,18/11/2024 16:00:00,169.11,18/11/2024 16:00:00,24.97,18/11/2024 16:00:00,74.5,18/11/2024 16:00:00,61.85,18/11/2024 16:00:00,129.66,18/11/2024 16:00:00,184.3,18/11/2024 16:00:00,247.76,18/11/2024 16:00:00,96.56,18/11/2024 16:00:00,24.33,18/11/2024 16:00:00,41.67,18/11/2024 16:00:00,159.41,18/11/2024 16:00:00,162.6,18/11/2024 16:00:00,204.15,18/11/2024 16:00:00,115.58,18/11/2024 16:00:00,43.84,18/11/2024 16:00:00,57.55,18/11/2024 16:00:00,42.85,19/11/2024 16:00:00,290,18/11/2024 16:00:00,113.33,18/11/2024 16:00:00,309.48,18/11/2024 16:00:00,68.68,18/11/2024 16:00:00,46.75,18/11/2024 16:00:00,405.5,19/11/2024 16:00:00,50.68,18/11/2024 16:00:00,132.3,,,20/11/2024 17:36:00,38.58,18/11/2024 16:00:00,56.03,18/11/2024 16:00:00,113.39,18/11/2024 16:00:00,129.78,18/11/2024 16:00:00,279.38,18/11/2024 16:00:00,286.94,18/11/2024 16:00:00,49.96,18/11/2024 16:00:00,75.58,18/11/2024 16:00:00,386,18/11/2024 16:00:00,235.08,19/11/2024 16:00:00,55.57,18/11/2024 16:00:00,61.39,18/11/2024 16:00:00,26.36,18/11/2024 16:00:00,28.65,18/11/2024 16:00:00,140.26,18/11/2024 16:00:00,589.44,18/11/2024 16:00:00,56.18,18/11/2024 16:00:00,518.59,18/11/2024 16:00:00,594.71,18/11/2024 16:00:00,92.95,,,18/11/2024 16:00:00,733.19,18/11/2024 16:00:00,179.25,18/11/2024 16:00:00,82.06,28/11/2024 16:00:00,1.89,18/11/2024 16:00:00,229.48,18/11/2024 16:00:00,76.16,18/11/2024 16:00:00,88.39,18/11/2024 16:00:00,153,18/11/2024 16:00:00,87.5,18/11/2024 16:00:00,910.64,18/11/2024 16:00:00,87,,,18/11/2024 16:00:00,353.57,18/11/2024 16:00:00,36.92,19/11/2024 16:00:00,127.2,18/11/2024 16:00:00,230,18/11/2024 16:00:00,83.34,18/11/2024 16:00:00,11.05,18/11/2024 16:00:00,44.16,14/04/2025 16:00:00,0.01,19/11/2024 16:00:00,99.79,18/11/2024 16:00:00,43.04,18/11/2024 16:00:00,158.19,19/11/2024 16:00:00,22.26,18/11/2024 16:00:00,202.2,18/11/2024 16:00:00,39.05,18/11/2024 16:00:00,16.13,18/11/2024 16:00:00,120.01,,,18/11/2024 16:00:00,133.74,18/11/2024 16:00:00,30.14,18/11/2024 16:00:00,184.45,19/11/2024 16:00:00,32.71,18/11/2024 16:00:00,12,18/11/2024 16:00:00,207.63,18/11/2024 16:00:00,396.21,18/11/2024 16:00:00,268.43,19/11/2024 16:00:00,1042,07/07/2025 16:00:00,0.4,,,18/11/2024 16:00:00,57.29,19/11/2024 16:00:00,110.9,18/11/2024 16:00:00,133.45,19/11/2024 16:00:00,113.3,18/11/2024 16:00:00,136.32,18/11/2024 16:00:00,76.3
19/11/2024 16:00:00,226.98,19/11/2024 16:00:00,119.75,19/11/2024 16:00:00,413.11,19/11/2024 16:00:00,86.23,19/11/2024 16:00:00,206.5,19/11/2024 16:00:00,159.98,19/11/2024 16:00:00,176.5,19/11/2024 16:00:00,22.88,19/11/2024 16:00:00,175.24,20/11/2024 16:00:00,153.03,19/11/2024 16:00:00,170.69,19/11/2024 16:00:00,24.7,19/11/2024 16:00:00,73.62,19/11/2024 16:00:00,61.9,19/11/2024 16:00:00,131.22,19/11/2024 16:00:00,184.89,19/11/2024 16:00:00,242.25,19/11/2024 16:00:00,96.73,19/11/2024 16:00:00,24.5,19/11/2024 16:00:00,42.21,19/11/2024 16:00:00,157.75,19/11/2024 16:00:00,164.03,19/11/2024 16:00:00,199.33,19/11/2024 16:00:00,116.54,19/11/2024 16:00:00,42.72,19/11/2024 16:00:00,56.68,19/11/2024 16:00:00,42.6,20/11/2024 16:00:00,290.62,19/11/2024 16:00:00,112.05,19/11/2024 16:00:00,310,19/11/2024 16:00:00,68,19/11/2024 16:00:00,45.99,19/11/2024 16:00:00,408.38,20/11/2024 16:00:00,50.5,19/11/2024 16:00:00,134.74,,,21/11/2024 17:36:00,38.55,19/11/2024 16:00:00,56.29,19/11/2024 16:00:00,112.62,19/11/2024 16:00:00,129.01,19/11/2024 16:00:00,277.67,19/11/2024 16:00:00,281.89,19/11/2024 16:00:00,49.89,19/11/2024 16:00:00,75.39,19/11/2024 16:00:00,378.03,19/11/2024 16:00:00,233.14,20/11/2024 16:00:00,56.25,19/11/2024 16:00:00,61.01,19/11/2024 16:00:00,26.41,19/11/2024 16:00:00,28.22,19/11/2024 16:00:00,143,19/11/2024 16:00:00,582.72,19/11/2024 16:00:00,56.5,19/11/2024 16:00:00,518.78,19/11/2024 16:00:00,579.66,19/11/2024 16:00:00,94.4,,,19/11/2024 16:00:00,716.31,19/11/2024 16:00:00,179.78,19/11/2024 16:00:00,81.32,29/11/2024 16:00:00,1.92,19/11/2024 16:00:00,227.33,19/11/2024 16:00:00,74.5,19/11/2024 16:00:00,87.63,19/11/2024 16:00:00,156.2,19/11/2024 16:00:00,86,19/11/2024 16:00:00,928,19/11/2024 16:00:00,87.81,,,19/11/2024 16:00:00,351.25,19/11/2024 16:00:00,37.07,20/11/2024 16:00:00,130.1,19/11/2024 16:00:00,229.66,19/11/2024 16:00:00,82.31,19/11/2024 16:00:00,11.06,19/11/2024 16:00:00,43.73,15/04/2025 16:00:00,0.01,20/11/2024 16:00:00,98,19/11/2024 16:00:00,43.55,19/11/2024 16:00:00,157.02,20/11/2024 16:00:00,21.95,19/11/2024 16:00:00,205.89,19/11/2024 16:00:00,39.07,19/11/2024 16:00:00,15.71,19/11/2024 16:00:00,119.37,,,19/11/2024 16:00:00,135.72,19/11/2024 16:00:00,30.04,19/11/2024 16:00:00,179.67,20/11/2024 16:00:00,32.52,19/11/2024 16:00:00,11.88,19/11/2024 16:00:00,204.5,19/11/2024 16:00:00,399.51,19/11/2024 16:00:00,263.09,20/11/2024 16:00:00,1032.35,09/07/2025 16:00:00,0.37,,,19/11/2024 16:00:00,57.48,20/11/2024 16:00:00,110.97,19/11/2024 16:00:00,133.03,20/11/2024 16:00:00,113.44,19/11/2024 16:00:00,135.33,19/11/2024 16:00:00,76.31
20/11/2024 16:00:00,228.06,20/11/2024 16:00:00,119.17,20/11/2024 16:00:00,416.87,20/11/2024 16:00:00,86.6,20/11/2024 16:00:00,211,20/11/2024 16:00:00,159.91,20/11/2024 16:00:00,178.1,20/11/2024 16:00:00,22.8,20/11/2024 16:00:00,178.83,21/11/2024 16:00:00,153.62,20/11/2024 16:00:00,170.01,20/11/2024 16:00:00,25.07,20/11/2024 16:00:00,73.67,20/11/2024 16:00:00,62.7,20/11/2024 16:00:00,129.62,20/11/2024 16:00:00,190.9,20/11/2024 16:00:00,244.4,20/11/2024 16:00:00,96.98,20/11/2024 16:00:00,24.07,20/11/2024 16:00:00,42,20/11/2024 16:00:00,156.45,20/11/2024 16:00:00,164,20/11/2024 16:00:00,202.98,20/11/2024 16:00:00,116.69,20/11/2024 16:00:00,43.25,20/11/2024 16:00:00,56.84,20/11/2024 16:00:00,42.75,21/11/2024 16:00:00,285,20/11/2024 16:00:00,112.26,20/11/2024 16:00:00,311.86,20/11/2024 16:00:00,69.14,20/11/2024 16:00:00,46.57,20/11/2024 16:00:00,406,21/11/2024 16:00:00,51,20/11/2024 16:00:00,133.38,,,22/11/2024 17:36:00,38.4,20/11/2024 16:00:00,55.98,20/11/2024 16:00:00,112.9,20/11/2024 16:00:00,128,20/11/2024 16:00:00,281.1,20/11/2024 16:00:00,286.15,20/11/2024 16:00:00,50.6,20/11/2024 16:00:00,75.54,20/11/2024 16:00:00,384.01,20/11/2024 16:00:00,233.47,21/11/2024 16:00:00,56.8,20/11/2024 16:00:00,60.63,20/11/2024 16:00:00,26.42,20/11/2024 16:00:00,28.82,20/11/2024 16:00:00,146.04,20/11/2024 16:00:00,582.71,20/11/2024 16:00:00,58.61,20/11/2024 16:00:00,521.53,20/11/2024 16:00:00,583.83,20/11/2024 16:00:00,93.41,,,20/11/2024 16:00:00,735.79,20/11/2024 16:00:00,180.45,20/11/2024 16:00:00,81.52,02/12/2024 16:00:00,1.89,20/11/2024 16:00:00,227.24,20/11/2024 16:00:00,73.66,20/11/2024 16:00:00,88.11,20/11/2024 16:00:00,128,20/11/2024 16:00:00,84.73,20/11/2024 16:00:00,925.08,20/11/2024 16:00:00,88.1,,,20/11/2024 16:00:00,353.71,20/11/2024 16:00:00,36.87,21/11/2024 16:00:00,129.03,20/11/2024 16:00:00,229.5,20/11/2024 16:00:00,83.12,20/11/2024 16:00:00,11.01,20/11/2024 16:00:00,43.55,16/04/2025 16:00:00,0.01,21/11/2024 16:00:00,99.5,20/11/2024 16:00:00,44,20/11/2024 16:00:00,155.03,21/11/2024 16:00:00,22.27,20/11/2024 16:00:00,198.08,20/11/2024 16:00:00,39.2,20/11/2024 16:00:00,16,20/11/2024 16:00:00,119.44,,,20/11/2024 16:00:00,135.31,20/11/2024 16:00:00,30.52,20/11/2024 16:00:00,181.32,21/11/2024 16:00:00,32.49,20/11/2024 16:00:00,12.3,20/11/2024 16:00:00,205.21,20/11/2024 16:00:00,404.16,20/11/2024 16:00:00,259.3,21/11/2024 16:00:00,1034.73,10/07/2025 16:00:00,0.37,,,20/11/2024 16:00:00,57.62,21/11/2024 16:00:00,111,20/11/2024 16:00:00,132.27,21/11/2024 16:00:00,114.13,20/11/2024 16:00:00,134.68,20/11/2024 16:00:00,77.19
21/11/2024 16:00:00,228.88,21/11/2024 16:00:00,121.08,21/11/2024 16:00:00,419.5,21/11/2024 16:00:00,87.45,21/11/2024 16:00:00,215.81,21/11/2024 16:00:00,162.02,21/11/2024 16:00:00,178.41,21/11/2024 16:00:00,22.8,21/11/2024 16:00:00,175.46,22/11/2024 16:00:00,155.9,21/11/2024 16:00:00,171.66,21/11/2024 16:00:00,24.87,21/11/2024 16:00:00,73.94,21/11/2024 16:00:00,63.15,21/11/2024 16:00:00,130.5,21/11/2024 16:00:00,191.94,21/11/2024 16:00:00,243.23,21/11/2024 16:00:00,97.72,21/11/2024 16:00:00,24.08,21/11/2024 16:00:00,42.22,21/11/2024 16:00:00,158.39,21/11/2024 16:00:00,155.16,21/11/2024 16:00:00,203.49,21/11/2024 16:00:00,115.68,21/11/2024 16:00:00,43.85,21/11/2024 16:00:00,57.29,21/11/2024 16:00:00,43.1,22/11/2024 16:00:00,288.47,21/11/2024 16:00:00,114.15,21/11/2024 16:00:00,307.3,21/11/2024 16:00:00,68.8,21/11/2024 16:00:00,46.39,21/11/2024 16:00:00,401.33,22/11/2024 16:00:00,51.7,21/11/2024 16:00:00,131.77,,,25/11/2024 17:36:00,39.62,21/11/2024 16:00:00,55.99,21/11/2024 16:00:00,114.27,21/11/2024 16:00:00,127.73,21/11/2024 16:00:00,288.18,21/11/2024 16:00:00,289.82,21/11/2024 16:00:00,50.85,21/11/2024 16:00:00,74.66,21/11/2024 16:00:00,383.92,21/11/2024 16:00:00,234.07,22/11/2024 16:00:00,57.2,21/11/2024 16:00:00,60.98,21/11/2024 16:00:00,26.39,21/11/2024 16:00:00,29.25,21/11/2024 16:00:00,146.39,21/11/2024 16:00:00,600,21/11/2024 16:00:00,58.16,21/11/2024 16:00:00,513.23,21/11/2024 16:00:00,586.51,21/11/2024 16:00:00,94.15,,,21/11/2024 16:00:00,746.12,21/11/2024 16:00:00,180.97,21/11/2024 16:00:00,81.87,03/12/2024 16:00:00,1.86,21/11/2024 16:00:00,228,21/11/2024 16:00:00,73.36,21/11/2024 16:00:00,89.07,21/11/2024 16:00:00,122.09,21/11/2024 16:00:00,84.2,21/11/2024 16:00:00,935,21/11/2024 16:00:00,87.85,,,21/11/2024 16:00:00,359.52,21/11/2024 16:00:00,36.77,22/11/2024 16:00:00,128.69,21/11/2024 16:00:00,233.92,21/11/2024 16:00:00,83.16,21/11/2024 16:00:00,10.78,21/11/2024 16:00:00,43.81,17/04/2025 16:00:00,0.01,22/11/2024 16:00:00,100,21/11/2024 16:00:00,43.77,21/11/2024 16:00:00,157.17,22/11/2024 16:00:00,22.29,21/11/2024 16:00:00,198.25,21/11/2024 16:00:00,38.72,21/11/2024 16:00:00,16.38,21/11/2024 16:00:00,119.87,,,21/11/2024 16:00:00,136.5,21/11/2024 16:00:00,31.45,21/11/2024 16:00:00,181.72,22/11/2024 16:00:00,33.04,21/11/2024 16:00:00,13.25,21/11/2024 16:00:00,203.95,21/11/2024 16:00:00,412.75,21/11/2024 16:00:00,264.06,22/11/2024 16:00:00,1033,14/07/2025 16:00:00,0.37,,,21/11/2024 16:00:00,58,22/11/2024 16:00:00,112.17,21/11/2024 16:00:00,133.16,22/11/2024 16:00:00,115.52,21/11/2024 16:00:00,136.92,21/11/2024 16:00:00,76.79
22/11/2024 16:00:00,228.06,22/11/2024 16:00:00,121.82,22/11/2024 16:00:00,411.37,22/11/2024 16:00:00,89.41,22/11/2024 16:00:00,223.35,22/11/2024 16:00:00,161.51,22/11/2024 16:00:00,179.3,22/11/2024 16:00:00,23.05,22/11/2024 16:00:00,167.16,25/11/2024 16:00:00,155.17,22/11/2024 16:00:00,174.15,22/11/2024 16:00:00,25.18,22/11/2024 16:00:00,74.57,22/11/2024 16:00:00,64.24,22/11/2024 16:00:00,131.74,22/11/2024 16:00:00,193,22/11/2024 16:00:00,243.61,22/11/2024 16:00:00,100.33,22/11/2024 16:00:00,24.35,22/11/2024 16:00:00,42.6,22/11/2024 16:00:00,160.9,22/11/2024 16:00:00,154.79,22/11/2024 16:00:00,198.25,22/11/2024 16:00:00,117.22,22/11/2024 16:00:00,44.16,22/11/2024 16:00:00,57.59,22/11/2024 16:00:00,43.26,25/11/2024 16:00:00,291.77,22/11/2024 16:00:00,113.85,22/11/2024 16:00:00,307.97,22/11/2024 16:00:00,68.91,22/11/2024 16:00:00,46.37,22/11/2024 16:00:00,412.09,25/11/2024 16:00:00,51.93,22/11/2024 16:00:00,131.68,,,26/11/2024 17:36:00,40.75,22/11/2024 16:00:00,56.25,22/11/2024 16:00:00,112.17,22/11/2024 16:00:00,127.69,22/11/2024 16:00:00,290.84,22/11/2024 16:00:00,293.4,22/11/2024 16:00:00,51.37,22/11/2024 16:00:00,75.8,22/11/2024 16:00:00,390.36,22/11/2024 16:00:00,240,25/11/2024 16:00:00,59,22/11/2024 16:00:00,61.77,22/11/2024 16:00:00,26.51,22/11/2024 16:00:00,29.53,22/11/2024 16:00:00,143.61,22/11/2024 16:00:00,598.56,22/11/2024 16:00:00,58.35,22/11/2024 16:00:00,516.93,22/11/2024 16:00:00,596.22,22/11/2024 16:00:00,94.99,,,22/11/2024 16:00:00,757.05,22/11/2024 16:00:00,183.08,22/11/2024 16:00:00,82.7,04/12/2024 16:00:00,1.89,22/11/2024 16:00:00,227.75,22/11/2024 16:00:00,76.13,22/11/2024 16:00:00,89.81,22/11/2024 16:00:00,121.7,22/11/2024 16:00:00,84.79,22/11/2024 16:00:00,962.74,22/11/2024 16:00:00,88.55,,,22/11/2024 16:00:00,358.24,22/11/2024 16:00:00,37.96,25/11/2024 16:00:00,130.8,22/11/2024 16:00:00,234.49,22/11/2024 16:00:00,85.09,22/11/2024 16:00:00,10.81,22/11/2024 16:00:00,44.76,22/04/2025 16:00:00,0.01,25/11/2024 16:00:00,102.93,22/11/2024 16:00:00,43.68,22/11/2024 16:00:00,158.1,25/11/2024 16:00:00,22.79,22/11/2024 16:00:00,197.77,22/11/2024 16:00:00,39.36,22/11/2024 16:00:00,16.42,22/11/2024 16:00:00,120.25,,,22/11/2024 16:00:00,137.76,22/11/2024 16:00:00,31.83,22/11/2024 16:00:00,183.08,25/11/2024 16:00:00,33.54,22/11/2024 16:00:00,13.73,22/11/2024 16:00:00,205.98,22/11/2024 16:00:00,435.93,22/11/2024 16:00:00,266.11,25/11/2024 16:00:00,1048.84,15/07/2025 16:00:00,0.37,,,22/11/2024 16:00:00,58.65,25/11/2024 16:00:00,112.76,22/11/2024 16:00:00,134.53,25/11/2024 16:00:00,115.05,22/11/2024 16:00:00,135,22/11/2024 16:00:00,77.23
25/11/2024 16:00:00,231.46,25/11/2024 16:00:00,121.43,25/11/2024 16:00:00,418.38,25/11/2024 16:00:00,90.5,25/11/2024 16:00:00,223.35,25/11/2024 16:00:00,162.15,25/11/2024 16:00:00,182.24,25/11/2024 16:00:00,23.15,25/11/2024 16:00:00,167.99,26/11/2024 16:00:00,155.16,25/11/2024 16:00:00,177.48,25/11/2024 16:00:00,25.75,25/11/2024 16:00:00,76.2,25/11/2024 16:00:00,64.32,25/11/2024 16:00:00,130.67,25/11/2024 16:00:00,194.5,25/11/2024 16:00:00,249.59,25/11/2024 16:00:00,100.09,25/11/2024 16:00:00,25.04,25/11/2024 16:00:00,43.34,25/11/2024 16:00:00,162.7,25/11/2024 16:00:00,158.94,25/11/2024 16:00:00,199.28,25/11/2024 16:00:00,118.28,25/11/2024 16:00:00,44.63,25/11/2024 16:00:00,58.65,25/11/2024 16:00:00,43.92,26/11/2024 16:00:00,297,25/11/2024 16:00:00,115.68,25/11/2024 16:00:00,311.86,25/11/2024 16:00:00,70.44,25/11/2024 16:00:00,47.26,25/11/2024 16:00:00,425,26/11/2024 16:00:00,50.19,25/11/2024 16:00:00,135.98,,,27/11/2024 17:36:00,40,25/11/2024 16:00:00,56.92,25/11/2024 16:00:00,111.9,25/11/2024 16:00:00,129.21,25/11/2024 16:00:00,293.55,25/11/2024 16:00:00,303.05,25/11/2024 16:00:00,53.26,25/11/2024 16:00:00,76.74,25/11/2024 16:00:00,400,25/11/2024 16:00:00,243.46,26/11/2024 16:00:00,59.62,25/11/2024 16:00:00,63.75,25/11/2024 16:00:00,26.65,25/11/2024 16:00:00,29.55,25/11/2024 16:00:00,150.7,25/11/2024 16:00:00,597.58,25/11/2024 16:00:00,59.98,25/11/2024 16:00:00,521.64,25/11/2024 16:00:00,608.79,25/11/2024 16:00:00,95.54,,,25/11/2024 16:00:00,750,25/11/2024 16:00:00,182.14,25/11/2024 16:00:00,83.98,05/12/2024 16:00:00,1.89,25/11/2024 16:00:00,231.12,25/11/2024 16:00:00,78.5,25/11/2024 16:00:00,90.75,25/11/2024 16:00:00,128.07,25/11/2024 16:00:00,86.5,25/11/2024 16:00:00,975,25/11/2024 16:00:00,87.95,,,25/11/2024 16:00:00,360,25/11/2024 16:00:00,38.49,26/11/2024 16:00:00,132.95,25/11/2024 16:00:00,236.17,25/11/2024 16:00:00,86.9,25/11/2024 16:00:00,11.3,25/11/2024 16:00:00,45.82,23/04/2025 16:00:00,0.01,26/11/2024 16:00:00,101.99,25/11/2024 16:00:00,43.85,25/11/2024 16:00:00,159.99,26/11/2024 16:00:00,22.76,25/11/2024 16:00:00,201.43,25/11/2024 16:00:00,38.95,25/11/2024 16:00:00,16.75,25/11/2024 16:00:00,121.94,,,25/11/2024 16:00:00,139.08,25/11/2024 16:00:00,32.38,25/11/2024 16:00:00,188.59,26/11/2024 16:00:00,33.41,25/11/2024 16:00:00,13.92,25/11/2024 16:00:00,211.97,25/11/2024 16:00:00,448,25/11/2024 16:00:00,268.94,26/11/2024 16:00:00,1032.05,22/07/2025 16:00:00,0.4,,,25/11/2024 16:00:00,58.5,26/11/2024 16:00:00,112.73,25/11/2024 16:00:00,136.23,26/11/2024 16:00:00,115.39,25/11/2024 16:00:00,136.39,25/11/2024 16:00:00,76.73
26/11/2024 16:00:00,233.33,26/11/2024 16:00:00,119.53,26/11/2024 16:00:00,419.59,26/11/2024 16:00:00,89.89,26/11/2024 16:00:00,226.73,26/11/2024 16:00:00,162.31,26/11/2024 16:00:00,180.87,26/11/2024 16:00:00,22.94,26/11/2024 16:00:00,169.49,27/11/2024 16:00:00,154.63,26/11/2024 16:00:00,177.2,26/11/2024 16:00:00,26.16,26/11/2024 16:00:00,77.5,26/11/2024 16:00:00,64.31,26/11/2024 16:00:00,130.73,26/11/2024 16:00:00,188.32,26/11/2024 16:00:00,250.49,26/11/2024 16:00:00,101.48,26/11/2024 16:00:00,24.95,26/11/2024 16:00:00,43.98,26/11/2024 16:00:00,163.27,26/11/2024 16:00:00,159.75,26/11/2024 16:00:00,201.9,26/11/2024 16:00:00,118.64,26/11/2024 16:00:00,43.87,26/11/2024 16:00:00,59,26/11/2024 16:00:00,43,27/11/2024 16:00:00,297,26/11/2024 16:00:00,116,26/11/2024 16:00:00,314.2,26/11/2024 16:00:00,70.36,26/11/2024 16:00:00,47.51,26/11/2024 16:00:00,428.6,27/11/2024 16:00:00,49.99,26/11/2024 16:00:00,137.22,,,28/11/2024 17:36:00,39.57,26/11/2024 16:00:00,56.87,26/11/2024 16:00:00,106.62,26/11/2024 16:00:00,129.99,26/11/2024 16:00:00,264.22,26/11/2024 16:00:00,305.61,26/11/2024 16:00:00,53.76,26/11/2024 16:00:00,75.92,26/11/2024 16:00:00,403.65,26/11/2024 16:00:00,246.76,27/11/2024 16:00:00,58.98,26/11/2024 16:00:00,64.92,26/11/2024 16:00:00,26.56,26/11/2024 16:00:00,29.37,26/11/2024 16:00:00,152.5,26/11/2024 16:00:00,608.24,26/11/2024 16:00:00,58.84,26/11/2024 16:00:00,527.9,26/11/2024 16:00:00,600.13,26/11/2024 16:00:00,95.57,,,26/11/2024 16:00:00,785.2,26/11/2024 16:00:00,180.59,26/11/2024 16:00:00,84.1,06/12/2024 16:00:00,1.86,26/11/2024 16:00:00,231.8,26/11/2024 16:00:00,78.9,26/11/2024 16:00:00,90.34,26/11/2024 16:00:00,129.3,26/11/2024 16:00:00,86.34,26/11/2024 16:00:00,964,26/11/2024 16:00:00,88.53,,,26/11/2024 16:00:00,361.99,26/11/2024 16:00:00,39.25,27/11/2024 16:00:00,132.87,26/11/2024 16:00:00,237.5,26/11/2024 16:00:00,87.03,26/11/2024 16:00:00,11.16,26/11/2024 16:00:00,45.48,24/04/2025 16:00:00,0.01,27/11/2024 16:00:00,100.75,26/11/2024 16:00:00,43.96,26/11/2024 16:00:00,159.2,27/11/2024 16:00:00,22.54,26/11/2024 16:00:00,206,26/11/2024 16:00:00,39.18,26/11/2024 16:00:00,16.28,26/11/2024 16:00:00,125.04,,,26/11/2024 16:00:00,139.05,26/11/2024 16:00:00,32.03,26/11/2024 16:00:00,191.15,27/11/2024 16:00:00,33.15,26/11/2024 16:00:00,13.9,26/11/2024 16:00:00,211.84,26/11/2024 16:00:00,456.64,26/11/2024 16:00:00,274.63,27/11/2024 16:00:00,1029.55,25/07/2025 16:00:00,0.41,,,26/11/2024 16:00:00,58.55,27/11/2024 16:00:00,114.5,26/11/2024 16:00:00,139,27/11/2024 16:00:00,117.68,26/11/2024 16:00:00,132.29,26/11/2024 16:00:00,77
27/11/2024 16:00:00,234.47,27/11/2024 16:00:00,118.09,27/11/2024 16:00:00,425.11,27/11/2024 16:00:00,92,27/11/2024 16:00:00,228.83,27/11/2024 16:00:00,162.76,27/11/2024 16:00:00,184.64,27/11/2024 16:00:00,23.2,27/11/2024 16:00:00,170.68,29/11/2024 13:00:00,154.17,27/11/2024 16:00:00,180,27/11/2024 16:00:00,25.76,27/11/2024 16:00:00,77.37,27/11/2024 16:00:00,64.96,27/11/2024 16:00:00,132.55,27/11/2024 16:00:00,188.96,27/11/2024 16:00:00,249.35,27/11/2024 16:00:00,101.65,27/11/2024 16:00:00,23.83,27/11/2024 16:00:00,44.48,27/11/2024 16:00:00,161.94,27/11/2024 16:00:00,156.93,27/11/2024 16:00:00,206.98,27/11/2024 16:00:00,118.35,27/11/2024 16:00:00,43.6,27/11/2024 16:00:00,59.61,27/11/2024 16:00:00,42.61,29/11/2024 13:00:00,294.15,27/11/2024 16:00:00,115.45,27/11/2024 16:00:00,310.77,27/11/2024 16:00:00,69.77,27/11/2024 16:00:00,47.82,27/11/2024 16:00:00,428.6,29/11/2024 13:00:00,50.4,27/11/2024 16:00:00,135.16,,,29/11/2024 17:36:00,40.06,27/11/2024 16:00:00,57.59,27/11/2024 16:00:00,107.36,27/11/2024 16:00:00,133.91,27/11/2024 16:00:00,279,27/11/2024 16:00:00,307,27/11/2024 16:00:00,53.75,27/11/2024 16:00:00,76.47,27/11/2024 16:00:00,408.4,27/11/2024 16:00:00,246.04,29/11/2024 13:00:00,59.76,27/11/2024 16:00:00,65.2,27/11/2024 16:00:00,26.51,27/11/2024 16:00:00,29.3,27/11/2024 16:00:00,151.11,27/11/2024 16:00:00,611.03,27/11/2024 16:00:00,58.82,27/11/2024 16:00:00,529.05,27/11/2024 16:00:00,607.68,27/11/2024 16:00:00,96.95,,,27/11/2024 16:00:00,788.12,27/11/2024 16:00:00,183.26,27/11/2024 16:00:00,83.8,09/12/2024 16:00:00,1.92,27/11/2024 16:00:00,232.18,27/11/2024 16:00:00,77.61,27/11/2024 16:00:00,91.44,27/11/2024 16:00:00,127.99,27/11/2024 16:00:00,86.13,27/11/2024 16:00:00,971.46,27/11/2024 16:00:00,89.68,,,27/11/2024 16:00:00,364.08,27/11/2024 16:00:00,36.56,29/11/2024 13:00:00,132.81,27/11/2024 16:00:00,237.25,27/11/2024 16:00:00,87.87,27/11/2024 16:00:00,11.13,27/11/2024 16:00:00,44.64,28/04/2025 16:00:00,0.01,29/11/2024 13:05:00,101.37,27/11/2024 16:00:00,43.61,27/11/2024 16:00:00,158.65,29/11/2024 13:05:00,22.58,27/11/2024 16:00:00,200.64,27/11/2024 16:00:00,39.41,27/11/2024 16:00:00,15.99,27/11/2024 16:00:00,126.3,,,27/11/2024 16:00:00,139.86,27/11/2024 16:00:00,31.84,27/11/2024 16:00:00,192.3,29/11/2024 13:00:00,33.11,27/11/2024 16:00:00,13.89,27/11/2024 16:00:00,214.2,27/11/2024 16:00:00,461.91,27/11/2024 16:00:00,275.15,29/11/2024 13:00:00,1023.51,28/07/2025 16:00:00,0.41,,,27/11/2024 16:00:00,59.58,29/11/2024 13:00:00,114.1,27/11/2024 16:00:00,138.82,29/11/2024 13:00:00,117.18,27/11/2024 16:00:00,132.75,27/11/2024 16:00:00,78.13
29/11/2024 13:05:00,234.81,29/11/2024 13:00:00,117.44,29/11/2024 13:05:00,420.09,29/11/2024 13:00:00,92.26,29/11/2024 13:00:00,227.75,29/11/2024 13:00:00,162.25,29/11/2024 13:00:00,181.31,29/11/2024 13:00:00,23.27,29/11/2024 13:05:00,170.06,02/12/2024 16:00:00,154.75,29/11/2024 13:00:00,178.7,29/11/2024 13:00:00,25.83,29/11/2024 13:00:00,77.63,29/11/2024 13:00:00,64.02,29/11/2024 13:00:00,131.74,29/11/2024 13:00:00,184.02,29/11/2024 13:00:00,249.92,29/11/2024 13:00:00,102.88,29/11/2024 13:05:00,23.72,29/11/2024 13:00:00,44.38,29/11/2024 13:05:00,161.43,29/11/2024 13:05:00,158.11,29/11/2024 13:05:00,205.83,29/11/2024 13:00:00,118.71,29/11/2024 13:00:00,43.8,29/11/2024 13:05:00,59.07,29/11/2024 13:05:00,42.46,02/12/2024 16:00:00,293.5,29/11/2024 13:00:00,117.26,29/11/2024 13:00:00,314.29,29/11/2024 13:00:00,70.27,29/11/2024 13:00:00,47.85,29/11/2024 13:00:00,428.52,02/12/2024 16:00:00,50.65,29/11/2024 13:00:00,134.8,,,02/12/2024 17:36:00,39.9,29/11/2024 13:00:00,57.55,29/11/2024 13:00:00,107.99,29/11/2024 13:00:00,132.74,29/11/2024 13:05:00,279.46,29/11/2024 13:00:00,306.27,29/11/2024 13:00:00,53.55,29/11/2024 13:00:00,77.18,29/11/2024 13:00:00,405,29/11/2024 13:00:00,245.09,02/12/2024 16:00:00,59.7,29/11/2024 13:05:00,64.01,29/11/2024 13:15:00,26.05,29/11/2024 13:05:00,28.99,29/11/2024 13:00:00,152.85,29/11/2024 13:00:00,607.01,29/11/2024 13:00:00,59.4,29/11/2024 13:00:00,533.5,29/11/2024 13:00:00,608.98,29/11/2024 13:00:00,96.61,,,29/11/2024 13:00:00,791.33,29/11/2024 13:00:00,183.84,29/11/2024 13:00:00,83.21,10/12/2024 16:00:00,1.86,29/11/2024 13:05:00,229.41,29/11/2024 13:00:00,78.2,29/11/2024 13:05:00,92.84,29/11/2024 13:00:00,130.56,29/11/2024 13:00:00,85.72,29/11/2024 13:05:00,968.09,29/11/2024 13:00:00,89.99,,,29/11/2024 13:00:00,361,29/11/2024 13:00:00,34.25,02/12/2024 16:00:00,133.5,29/11/2024 13:00:00,239.73,29/11/2024 13:00:00,88.22,29/11/2024 13:00:00,11.16,29/11/2024 13:00:00,43.96,29/04/2025 16:00:00,0.01,02/12/2024 16:00:00,102,29/11/2024 13:00:00,43.76,29/11/2024 13:05:00,160.72,02/12/2024 16:00:00,22.56,29/11/2024 13:05:00,200.08,29/11/2024 13:05:00,39.5,29/11/2024 13:00:00,16.07,29/11/2024 13:00:00,126.11,,,29/11/2024 13:05:00,138.05,29/11/2024 13:00:00,32.07,29/11/2024 13:00:00,192.15,02/12/2024 16:00:00,33.69,29/11/2024 13:00:00,14.18,29/11/2024 13:00:00,216.23,29/11/2024 13:00:00,466,29/11/2024 13:00:00,272.71,02/12/2024 16:00:00,1026.55,31/07/2025 16:00:00,0.39,,,29/11/2024 13:00:00,59.21,02/12/2024 16:00:00,114.17,29/11/2024 13:00:00,139.04,02/12/2024 16:00:00,117.05,29/11/2024 13:00:00,133.43,29/11/2024 13:00:00,78.95
02/12/2024 16:00:00,237.27,02/12/2024 16:00:00,118.05,02/12/2024 16:00:00,421.57,02/12/2024 16:00:00,92.82,02/12/2024 16:00:00,227.5,02/12/2024 16:00:00,162.29,02/12/2024 16:00:00,180.8,02/12/2024 16:00:00,23.15,02/12/2024 16:00:00,170.32,03/12/2024 16:00:00,154.8,02/12/2024 16:00:00,179.12,02/12/2024 16:00:00,26.07,02/12/2024 16:00:00,76.95,02/12/2024 16:00:00,64.05,02/12/2024 16:00:00,132.49,02/12/2024 16:00:00,185.29,02/12/2024 16:00:00,249.55,02/12/2024 16:00:00,101.73,02/12/2024 16:00:00,24.84,02/12/2024 16:00:00,44.27,02/12/2024 16:00:00,163.32,02/12/2024 16:00:00,158.38,02/12/2024 16:00:00,209.96,02/12/2024 16:00:00,118.75,02/12/2024 16:00:00,43.83,02/12/2024 16:00:00,59.25,02/12/2024 16:00:00,43.01,03/12/2024 16:00:00,292.32,02/12/2024 16:00:00,117.78,02/12/2024 16:00:00,316.9,02/12/2024 16:00:00,71.26,02/12/2024 16:00:00,47.74,02/12/2024 16:00:00,429,03/12/2024 16:00:00,50.87,02/12/2024 16:00:00,136.14,,,03/12/2024 17:36:00,40.63,02/12/2024 16:00:00,57.62,02/12/2024 16:00:00,108.34,02/12/2024 16:00:00,133.53,02/12/2024 16:00:00,282.08,02/12/2024 16:00:00,306.21,02/12/2024 16:00:00,53.5,02/12/2024 16:00:00,76.94,02/12/2024 16:00:00,407.46,02/12/2024 16:00:00,244.03,03/12/2024 16:00:00,59.92,02/12/2024 16:00:00,63.21,02/12/2024 16:00:00,26.29,02/12/2024 16:00:00,29.24,02/12/2024 16:00:00,155.91,02/12/2024 16:00:00,614,02/12/2024 16:00:00,59.4,02/12/2024 16:00:00,532.93,02/12/2024 16:00:00,608,02/12/2024 16:00:00,96.77,,,02/12/2024 16:00:00,798.11,02/12/2024 16:00:00,183.16,02/12/2024 16:00:00,83.94,11/12/2024 16:00:00,1.86,02/12/2024 16:00:00,233.19,02/12/2024 16:00:00,77.92,02/12/2024 16:00:00,92.53,02/12/2024 16:00:00,130.73,02/12/2024 16:00:00,86.17,02/12/2024 16:00:00,971.36,02/12/2024 16:00:00,89.39,,,02/12/2024 16:00:00,362.77,02/12/2024 16:00:00,35.75,03/12/2024 16:00:00,133.68,02/12/2024 16:00:00,239.41,02/12/2024 16:00:00,88.56,02/12/2024 16:00:00,11.22,02/12/2024 16:00:00,44.28,30/04/2025 16:00:00,0.01,03/12/2024 16:00:00,101.09,02/12/2024 16:00:00,44.19,02/12/2024 16:00:00,160.16,03/12/2024 16:00:00,22.59,02/12/2024 16:00:00,199.78,02/12/2024 16:00:00,39.48,02/12/2024 16:00:00,16.02,02/12/2024 16:00:00,126.39,,,02/12/2024 16:00:00,139.76,02/12/2024 16:00:00,31.93,02/12/2024 16:00:00,192.67,03/12/2024 16:00:00,33.51,02/12/2024 16:00:00,14.22,02/12/2024 16:00:00,215.69,02/12/2024 16:00:00,463.7,02/12/2024 16:00:00,273.44,03/12/2024 16:00:00,1031.09,,,,,02/12/2024 16:00:00,58.76,03/12/2024 16:00:00,112.24,02/12/2024 16:00:00,137.93,03/12/2024 16:00:00,115.8,02/12/2024 16:00:00,133.5,02/12/2024 16:00:00,78.92
03/12/2024 16:00:00,239.81,03/12/2024 16:00:00,118.72,03/12/2024 16:00:00,429.84,03/12/2024 16:00:00,92.78,03/12/2024 16:00:00,227.24,03/12/2024 16:00:00,162.98,03/12/2024 16:00:00,181,03/12/2024 16:00:00,23.41,03/12/2024 16:00:00,173.12,04/12/2024 16:00:00,151.29,03/12/2024 16:00:00,178.77,03/12/2024 16:00:00,25.83,03/12/2024 16:00:00,75.81,03/12/2024 16:00:00,63.72,03/12/2024 16:00:00,131.69,03/12/2024 16:00:00,181.18,03/12/2024 16:00:00,248.23,03/12/2024 16:00:00,100.75,03/12/2024 16:00:00,23.68,03/12/2024 16:00:00,43.91,03/12/2024 16:00:00,162.84,03/12/2024 16:00:00,161.5,03/12/2024 16:00:00,210.31,03/12/2024 16:00:00,117.1,03/12/2024 16:00:00,44.2,03/12/2024 16:00:00,59.43,03/12/2024 16:00:00,43.22,04/12/2024 16:00:00,292.28,03/12/2024 16:00:00,117,03/12/2024 16:00:00,317.1,03/12/2024 16:00:00,72.19,03/12/2024 16:00:00,47.37,03/12/2024 16:00:00,429.73,04/12/2024 16:00:00,50.38,03/12/2024 16:00:00,133.96,,,04/12/2024 17:36:00,41.52,03/12/2024 16:00:00,57.25,03/12/2024 16:00:00,107.03,03/12/2024 16:00:00,132.89,03/12/2024 16:00:00,277,03/12/2024 16:00:00,303.84,03/12/2024 16:00:00,52.76,03/12/2024 16:00:00,76.38,03/12/2024 16:00:00,403.52,03/12/2024 16:00:00,241.73,04/12/2024 16:00:00,59,03/12/2024 16:00:00,62.91,03/12/2024 16:00:00,26.46,03/12/2024 16:00:00,29.57,03/12/2024 16:00:00,156,03/12/2024 16:00:00,610.85,03/12/2024 16:00:00,59.88,03/12/2024 16:00:00,534.67,03/12/2024 16:00:00,608.96,03/12/2024 16:00:00,97.18,,,03/12/2024 16:00:00,802.93,03/12/2024 16:00:00,182.72,03/12/2024 16:00:00,84,12/12/2024 16:00:00,1.83,03/12/2024 16:00:00,228.14,03/12/2024 16:00:00,79,03/12/2024 16:00:00,93.81,03/12/2024 16:00:00,130.5,03/12/2024 16:00:00,86.51,03/12/2024 16:00:00,974.69,03/12/2024 16:00:00,88.27,,,03/12/2024 16:00:00,348.8,03/12/2024 16:00:00,36.38,04/12/2024 16:00:00,133.54,03/12/2024 16:00:00,240.66,03/12/2024 16:00:00,87.16,03/12/2024 16:00:00,10.99,03/12/2024 16:00:00,44.4,02/05/2025 16:00:00,0.01,04/12/2024 16:00:00,100.89,03/12/2024 16:00:00,44.66,03/12/2024 16:00:00,162.62,04/12/2024 16:00:00,22.31,03/12/2024 16:00:00,198.66,03/12/2024 16:00:00,38.39,03/12/2024 16:00:00,16.47,03/12/2024 16:00:00,126.59,,,03/12/2024 16:00:00,139.29,03/12/2024 16:00:00,31.95,03/12/2024 16:00:00,189.41,04/12/2024 16:00:00,33.11,03/12/2024 16:00:00,14.22,03/12/2024 16:00:00,212.3,03/12/2024 16:00:00,464.01,03/12/2024 16:00:00,272.92,04/12/2024 16:00:00,1038,,,,,03/12/2024 16:00:00,57.7,04/12/2024 16:00:00,105.92,03/12/2024 16:00:00,139.3,04/12/2024 16:00:00,113.45,03/12/2024 16:00:00,132.38,03/12/2024 16:00:00,77.07
04/12/2024 16:00:00,242.87,04/12/2024 16:00:00,117.5,04/12/2024 16:00:00,433.03,04/12/2024 16:00:00,93.45,04/12/2024 16:00:00,230,04/12/2024 16:00:00,161.83,04/12/2024 16:00:00,180.5,04/12/2024 16:00:00,23.67,04/12/2024 16:00:00,172.78,05/12/2024 16:00:00,150,04/12/2024 16:00:00,174.17,04/12/2024 16:00:00,25.45,04/12/2024 16:00:00,74.05,04/12/2024 16:00:00,63.28,04/12/2024 16:00:00,130.36,04/12/2024 16:00:00,188,04/12/2024 16:00:00,244.7,04/12/2024 16:00:00,102.03,04/12/2024 16:00:00,22.53,04/12/2024 16:00:00,43.73,04/12/2024 16:00:00,160.6,04/12/2024 16:00:00,164.48,04/12/2024 16:00:00,215.96,04/12/2024 16:00:00,117.01,04/12/2024 16:00:00,43.35,04/12/2024 16:00:00,59.64,04/12/2024 16:00:00,42.71,05/12/2024 16:00:00,295.54,04/12/2024 16:00:00,115.97,04/12/2024 16:00:00,312.42,04/12/2024 16:00:00,71.5,04/12/2024 16:00:00,46.69,04/12/2024 16:00:00,426.41,05/12/2024 16:00:00,49.1,04/12/2024 16:00:00,129.63,,,05/12/2024 17:36:00,42.42,04/12/2024 16:00:00,56.61,04/12/2024 16:00:00,105.94,04/12/2024 16:00:00,130.93,04/12/2024 16:00:00,275.81,04/12/2024 16:00:00,302,04/12/2024 16:00:00,52.23,04/12/2024 16:00:00,75.19,04/12/2024 16:00:00,398.57,04/12/2024 16:00:00,236.7,05/12/2024 16:00:00,58.14,04/12/2024 16:00:00,62.97,04/12/2024 16:00:00,26.82,04/12/2024 16:00:00,29.86,04/12/2024 16:00:00,155.88,04/12/2024 16:00:00,611.02,04/12/2024 16:00:00,58.57,04/12/2024 16:00:00,523.64,04/12/2024 16:00:00,603,04/12/2024 16:00:00,94.13,,,04/12/2024 16:00:00,828.1,04/12/2024 16:00:00,181.3,04/12/2024 16:00:00,82.79,13/12/2024 16:00:00,1.8,04/12/2024 16:00:00,227.4,04/12/2024 16:00:00,77.82,04/12/2024 16:00:00,92.59,04/12/2024 16:00:00,130.77,04/12/2024 16:00:00,85.35,04/12/2024 16:00:00,982,04/12/2024 16:00:00,86.17,,,04/12/2024 16:00:00,353.67,04/12/2024 16:00:00,36.89,05/12/2024 16:00:00,134.16,04/12/2024 16:00:00,238.96,04/12/2024 16:00:00,85.52,04/12/2024 16:00:00,10.85,04/12/2024 16:00:00,43.55,05/05/2025 16:00:00,0.01,05/12/2024 16:00:00,101,04/12/2024 16:00:00,43.93,04/12/2024 16:00:00,160.85,05/12/2024 16:00:00,22.29,04/12/2024 16:00:00,197.7,04/12/2024 16:00:00,38.07,04/12/2024 16:00:00,16.22,04/12/2024 16:00:00,124.76,,,04/12/2024 16:00:00,136.05,04/12/2024 16:00:00,31.58,04/12/2024 16:00:00,186.75,05/12/2024 16:00:00,32.82,04/12/2024 16:00:00,13.96,04/12/2024 16:00:00,209.13,04/12/2024 16:00:00,459,04/12/2024 16:00:00,272.42,05/12/2024 16:00:00,1030,,,,,04/12/2024 16:00:00,56.47,05/12/2024 16:00:00,107.4,04/12/2024 16:00:00,137.49,05/12/2024 16:00:00,113.21,04/12/2024 16:00:00,131.64,04/12/2024 16:00:00,76
05/12/2024 16:00:00,243.99,05/12/2024 16:00:00,114.71,05/12/2024 16:00:00,437.92,05/12/2024 16:00:00,94.89,05/12/2024 16:00:00,233.55,05/12/2024 16:00:00,159.29,05/12/2024 16:00:00,180.33,05/12/2024 16:00:00,23.61,05/12/2024 16:00:00,177.32,06/12/2024 16:00:00,149.39,05/12/2024 16:00:00,174.86,05/12/2024 16:00:00,25.23,05/12/2024 16:00:00,73.4,05/12/2024 16:00:00,62.47,05/12/2024 16:00:00,131.29,05/12/2024 16:00:00,189.02,05/12/2024 16:00:00,245.39,05/12/2024 16:00:00,101.49,05/12/2024 16:00:00,22.04,05/12/2024 16:00:00,42.59,05/12/2024 16:00:00,160.93,05/12/2024 16:00:00,162.59,05/12/2024 16:00:00,218.03,05/12/2024 16:00:00,115.26,05/12/2024 16:00:00,42.96,05/12/2024 16:00:00,59.79,05/12/2024 16:00:00,42.61,06/12/2024 16:00:00,300.56,05/12/2024 16:00:00,116.55,05/12/2024 16:00:00,309.98,05/12/2024 16:00:00,71.83,05/12/2024 16:00:00,46.56,05/12/2024 16:00:00,426.6,06/12/2024 16:00:00,48.46,05/12/2024 16:00:00,129.41,,,06/12/2024 17:36:00,42.47,05/12/2024 16:00:00,56.65,05/12/2024 16:00:00,105.08,05/12/2024 16:00:00,130.82,05/12/2024 16:00:00,277,05/12/2024 16:00:00,302.28,05/12/2024 16:00:00,52.01,05/12/2024 16:00:00,76.16,05/12/2024 16:00:00,400.5,05/12/2024 16:00:00,235.33,06/12/2024 16:00:00,57,05/12/2024 16:00:00,63.27,05/12/2024 16:00:00,27,05/12/2024 16:00:00,29.5,05/12/2024 16:00:00,158.5,05/12/2024 16:00:00,605.64,05/12/2024 16:00:00,58.3,05/12/2024 16:00:00,524.6,05/12/2024 16:00:00,600.53,05/12/2024 16:00:00,94.26,,,05/12/2024 16:00:00,827.78,05/12/2024 16:00:00,180.64,05/12/2024 16:00:00,82.45,16/12/2024 16:00:00,1.8,05/12/2024 16:00:00,229.95,05/12/2024 16:00:00,78.26,05/12/2024 16:00:00,91.6,05/12/2024 16:00:00,130.15,05/12/2024 16:00:00,84.57,05/12/2024 16:00:00,986.66,05/12/2024 16:00:00,85.9,,,05/12/2024 16:00:00,356.07,05/12/2024 16:00:00,36.58,06/12/2024 16:00:00,133.53,05/12/2024 16:00:00,235,05/12/2024 16:00:00,85.58,05/12/2024 16:00:00,10.64,05/12/2024 16:00:00,42.79,06/05/2025 16:00:00,0.01,06/12/2024 16:00:00,98.93,05/12/2024 16:00:00,43.12,05/12/2024 16:00:00,161.1,06/12/2024 16:00:00,21.78,05/12/2024 16:00:00,195.75,05/12/2024 16:00:00,37.94,05/12/2024 16:00:00,15.9,05/12/2024 16:00:00,125.57,,,05/12/2024 16:00:00,137.09,05/12/2024 16:00:00,30.63,05/12/2024 16:00:00,185.5,06/12/2024 16:00:00,31.97,05/12/2024 16:00:00,13.93,05/12/2024 16:00:00,208.29,05/12/2024 16:00:00,457.98,05/12/2024 16:00:00,271.63,06/12/2024 16:00:00,1044.42,,,,,05/12/2024 16:00:00,56.4,06/12/2024 16:00:00,107.77,05/12/2024 16:00:00,138.36,06/12/2024 16:00:00,113.84,05/12/2024 16:00:00,129.88,05/12/2024 16:00:00,75.64
06/12/2024 16:00:00,242.91,06/12/2024 16:00:00,114.54,06/12/2024 16:00:00,442.3,06/12/2024 16:00:00,95.54,06/12/2024 16:00:00,234.43,06/12/2024 16:00:00,158.75,06/12/2024 16:00:00,173.3,06/12/2024 16:00:00,23.83,06/12/2024 16:00:00,173.88,09/12/2024 16:00:00,149.29,06/12/2024 16:00:00,175.37,06/12/2024 16:00:00,25.74,06/12/2024 16:00:00,73.99,06/12/2024 16:00:00,62.83,06/12/2024 16:00:00,132.2,06/12/2024 16:00:00,187,06/12/2024 16:00:00,245.7,06/12/2024 16:00:00,103.61,06/12/2024 16:00:00,20.95,06/12/2024 16:00:00,42.53,06/12/2024 16:00:00,159.35,06/12/2024 16:00:00,160.39,06/12/2024 16:00:00,220.75,06/12/2024 16:00:00,115.13,06/12/2024 16:00:00,41.75,06/12/2024 16:00:00,60,06/12/2024 16:00:00,42.75,09/12/2024 16:00:00,297.58,06/12/2024 16:00:00,116.55,06/12/2024 16:00:00,308.87,06/12/2024 16:00:00,72.31,06/12/2024 16:00:00,47.06,06/12/2024 16:00:00,428.7,09/12/2024 16:00:00,48,06/12/2024 16:00:00,128.1,,,09/12/2024 17:36:00,42.57,06/12/2024 16:00:00,57.63,06/12/2024 16:00:00,104.45,06/12/2024 16:00:00,133.25,06/12/2024 16:00:00,275.01,06/12/2024 16:00:00,301.64,06/12/2024 16:00:00,52.24,06/12/2024 16:00:00,76.12,06/12/2024 16:00:00,398.15,06/12/2024 16:00:00,235.69,09/12/2024 16:00:00,55.13,06/12/2024 16:00:00,64.01,06/12/2024 16:00:00,27.05,06/12/2024 16:00:00,29.38,06/12/2024 16:00:00,157.03,06/12/2024 16:00:00,582.11,06/12/2024 16:00:00,58.84,06/12/2024 16:00:00,522.93,06/12/2024 16:00:00,597.16,06/12/2024 16:00:00,95.2,,,06/12/2024 16:00:00,827.68,06/12/2024 16:00:00,183,06/12/2024 16:00:00,81.9,17/12/2024 16:00:00,1.83,06/12/2024 16:00:00,227.29,06/12/2024 16:00:00,79.22,06/12/2024 16:00:00,93.5,06/12/2024 16:00:00,130,06/12/2024 16:00:00,84,06/12/2024 16:00:00,982.26,06/12/2024 16:00:00,86.12,,,06/12/2024 16:00:00,365.3,06/12/2024 16:00:00,36.45,09/12/2024 16:00:00,131.28,06/12/2024 16:00:00,228.45,06/12/2024 16:00:00,85.98,06/12/2024 16:00:00,10.51,06/12/2024 16:00:00,42.31,08/05/2025 16:00:00,0.01,09/12/2024 16:00:00,100.07,06/12/2024 16:00:00,43.07,06/12/2024 16:00:00,159.06,09/12/2024 16:00:00,21.89,06/12/2024 16:00:00,193.66,06/12/2024 16:00:00,37.9,06/12/2024 16:00:00,15.48,06/12/2024 16:00:00,126.44,,,06/12/2024 16:00:00,137.12,06/12/2024 16:00:00,29.9,06/12/2024 16:00:00,186.36,09/12/2024 16:00:00,31.87,06/12/2024 16:00:00,13.82,06/12/2024 16:00:00,209.24,06/12/2024 16:00:00,446.5,06/12/2024 16:00:00,271.89,09/12/2024 16:00:00,1049.97,,,,,06/12/2024 16:00:00,57,09/12/2024 16:00:00,106.87,06/12/2024 16:00:00,138.57,09/12/2024 16:00:00,111.71,06/12/2024 16:00:00,129.11,06/12/2024 16:00:00,76.19
09/12/2024 16:00:00,241.83,09/12/2024 16:00:00,114.64,09/12/2024 16:00:00,442.6,09/12/2024 16:00:00,95.66,09/12/2024 16:00:00,238,09/12/2024 16:00:00,157,09/12/2024 16:00:00,175,09/12/2024 16:00:00,23.9,09/12/2024 16:00:00,175.72,10/12/2024 16:00:00,149.93,09/12/2024 16:00:00,173.64,09/12/2024 16:00:00,25.76,09/12/2024 16:00:00,74.31,09/12/2024 16:00:00,62.69,09/12/2024 16:00:00,130.3,09/12/2024 16:00:00,196.3,09/12/2024 16:00:00,247.13,09/12/2024 16:00:00,102.86,09/12/2024 16:00:00,20.92,09/12/2024 16:00:00,42.47,09/12/2024 16:00:00,157.91,09/12/2024 16:00:00,157.48,09/12/2024 16:00:00,227.21,09/12/2024 16:00:00,115.67,09/12/2024 16:00:00,41.5,09/12/2024 16:00:00,59.83,09/12/2024 16:00:00,43.21,10/12/2024 16:00:00,300.13,09/12/2024 16:00:00,116.39,09/12/2024 16:00:00,311.83,09/12/2024 16:00:00,72.3,09/12/2024 16:00:00,46.56,09/12/2024 16:00:00,432.35,10/12/2024 16:00:00,48.7,09/12/2024 16:00:00,126.18,,,10/12/2024 17:36:00,43.6,09/12/2024 16:00:00,57.39,09/12/2024 16:00:00,104.22,09/12/2024 16:00:00,133.1,09/12/2024 16:00:00,273.16,09/12/2024 16:00:00,304.07,09/12/2024 16:00:00,52.24,09/12/2024 16:00:00,75.55,09/12/2024 16:00:00,402.54,09/12/2024 16:00:00,232.25,10/12/2024 16:00:00,56,09/12/2024 16:00:00,63.73,09/12/2024 16:00:00,27.57,09/12/2024 16:00:00,29.34,09/12/2024 16:00:00,154.27,09/12/2024 16:00:00,552,09/12/2024 16:00:00,59.25,09/12/2024 16:00:00,529.02,09/12/2024 16:00:00,598.99,09/12/2024 16:00:00,94.05,,,09/12/2024 16:00:00,823.7,09/12/2024 16:00:00,181.65,09/12/2024 16:00:00,83.93,19/12/2024 16:00:00,1.77,09/12/2024 16:00:00,226.64,09/12/2024 16:00:00,79.44,09/12/2024 16:00:00,91.86,09/12/2024 16:00:00,133.35,09/12/2024 16:00:00,84.13,09/12/2024 16:00:00,997.01,09/12/2024 16:00:00,84.9,,,09/12/2024 16:00:00,360.45,09/12/2024 16:00:00,36.28,10/12/2024 16:00:00,129.71,09/12/2024 16:00:00,229.58,09/12/2024 16:00:00,85.44,09/12/2024 16:00:00,10.56,09/12/2024 16:00:00,43.86,09/05/2025 16:00:00,0.01,10/12/2024 16:00:00,99.14,09/12/2024 16:00:00,43.75,09/12/2024 16:00:00,157.21,10/12/2024 16:00:00,22.31,09/12/2024 16:00:00,192.03,09/12/2024 16:00:00,37.79,09/12/2024 16:00:00,15.14,09/12/2024 16:00:00,126.4,,,09/12/2024 16:00:00,134.5,09/12/2024 16:00:00,29.06,09/12/2024 16:00:00,186.8,10/12/2024 16:00:00,31.83,09/12/2024 16:00:00,13.32,09/12/2024 16:00:00,208,09/12/2024 16:00:00,445,09/12/2024 16:00:00,274,10/12/2024 16:00:00,1049.86,,,,,09/12/2024 16:00:00,56.05,10/12/2024 16:00:00,104.37,09/12/2024 16:00:00,137.88,10/12/2024 16:00:00,111.94,09/12/2024 16:00:00,129.29,09/12/2024 16:00:00,75.5
10/12/2024 16:00:00,246.89,10/12/2024 16:00:00,113.59,10/12/2024 16:00:00,444.39,10/12/2024 16:00:00,94.05,10/12/2024 16:00:00,228.4,10/12/2024 16:00:00,159.06,10/12/2024 16:00:00,171.01,10/12/2024 16:00:00,23.41,10/12/2024 16:00:00,184.54,11/12/2024 16:00:00,148.5,10/12/2024 16:00:00,170.42,10/12/2024 16:00:00,26.1,10/12/2024 16:00:00,73.5,10/12/2024 16:00:00,62.7,10/12/2024 16:00:00,127.96,10/12/2024 16:00:00,173.46,10/12/2024 16:00:00,243.89,10/12/2024 16:00:00,103.77,10/12/2024 16:00:00,20.83,10/12/2024 16:00:00,42.37,10/12/2024 16:00:00,159,10/12/2024 16:00:00,160.77,10/12/2024 16:00:00,226.09,10/12/2024 16:00:00,115.08,10/12/2024 16:00:00,41.11,10/12/2024 16:00:00,58.5,10/12/2024 16:00:00,39.07,11/12/2024 16:00:00,301.34,10/12/2024 16:00:00,114.65,10/12/2024 16:00:00,307.36,10/12/2024 16:00:00,72,10/12/2024 16:00:00,45.91,10/12/2024 16:00:00,426.9,11/12/2024 16:00:00,48.18,10/12/2024 16:00:00,129.3,,,11/12/2024 17:36:00,44.36,10/12/2024 16:00:00,55.7,10/12/2024 16:00:00,103.63,10/12/2024 16:00:00,130.12,10/12/2024 16:00:00,277.86,10/12/2024 16:00:00,297.43,10/12/2024 16:00:00,51.55,10/12/2024 16:00:00,74.08,10/12/2024 16:00:00,390.72,10/12/2024 16:00:00,233.35,11/12/2024 16:00:00,54.5,10/12/2024 16:00:00,62.55,10/12/2024 16:00:00,27.26,10/12/2024 16:00:00,29.41,10/12/2024 16:00:00,160,10/12/2024 16:00:00,562,10/12/2024 16:00:00,58.78,10/12/2024 16:00:00,522.51,10/12/2024 16:00:00,590,10/12/2024 16:00:00,92.71,,,10/12/2024 16:00:00,809.27,10/12/2024 16:00:00,181.38,10/12/2024 16:00:00,83.11,20/12/2024 16:00:00,1.8,10/12/2024 16:00:00,225.16,10/12/2024 16:00:00,77.5,10/12/2024 16:00:00,91.35,10/12/2024 16:00:00,135.79,10/12/2024 16:00:00,84,10/12/2024 16:00:00,989.73,10/12/2024 16:00:00,84.11,,,10/12/2024 16:00:00,358.52,10/12/2024 16:00:00,36.15,11/12/2024 16:00:00,130.56,10/12/2024 16:00:00,236.93,10/12/2024 16:00:00,82.28,10/12/2024 16:00:00,10.72,10/12/2024 16:00:00,42.4,13/05/2025 16:00:00,0.01,11/12/2024 16:00:00,98.5,10/12/2024 16:00:00,43.54,10/12/2024 16:00:00,157.34,11/12/2024 16:00:00,22.38,10/12/2024 16:00:00,193.33,10/12/2024 16:00:00,37.53,10/12/2024 16:00:00,15.15,10/12/2024 16:00:00,126.16,,,10/12/2024 16:00:00,132.22,10/12/2024 16:00:00,29.09,10/12/2024 16:00:00,185.04,11/12/2024 16:00:00,31.48,10/12/2024 16:00:00,13.28,10/12/2024 16:00:00,205.88,10/12/2024 16:00:00,447.13,10/12/2024 16:00:00,272.48,11/12/2024 16:00:00,1061.14,,,,,10/12/2024 16:00:00,55.37,11/12/2024 16:00:00,104.43,10/12/2024 16:00:00,138.61,11/12/2024 16:00:00,110.8,10/12/2024 16:00:00,128.78,10/12/2024 16:00:00,74.5
11/12/2024 16:00:00,247.96,11/12/2024 16:00:00,112,11/12/2024 16:00:00,444.05,11/12/2024 16:00:00,94.54,11/12/2024 16:00:00,232.69,11/12/2024 16:00:00,156.86,11/12/2024 16:00:00,173.17,11/12/2024 16:00:00,23.43,11/12/2024 16:00:00,186.7,12/12/2024 16:00:00,147.2,11/12/2024 16:00:00,173.01,11/12/2024 16:00:00,25.38,11/12/2024 16:00:00,72.59,11/12/2024 16:00:00,63,11/12/2024 16:00:00,129.54,11/12/2024 16:00:00,178,11/12/2024 16:00:00,244,11/12/2024 16:00:00,100.7,11/12/2024 16:00:00,20.14,11/12/2024 16:00:00,42.19,11/12/2024 16:00:00,160.21,11/12/2024 16:00:00,157.29,11/12/2024 16:00:00,226.41,11/12/2024 16:00:00,115.31,11/12/2024 16:00:00,41.1,11/12/2024 16:00:00,58.88,11/12/2024 16:00:00,39.47,12/12/2024 16:00:00,296.2,11/12/2024 16:00:00,114.64,11/12/2024 16:00:00,313.04,11/12/2024 16:00:00,73,11/12/2024 16:00:00,46,11/12/2024 16:00:00,425.23,12/12/2024 16:00:00,48.32,11/12/2024 16:00:00,130.33,,,12/12/2024 17:36:00,44.72,11/12/2024 16:00:00,55.69,11/12/2024 16:00:00,102.36,11/12/2024 16:00:00,130.27,11/12/2024 16:00:00,276,11/12/2024 16:00:00,303.37,11/12/2024 16:00:00,52,11/12/2024 16:00:00,73.37,11/12/2024 16:00:00,390.48,11/12/2024 16:00:00,236.51,12/12/2024 16:00:00,51.5,11/12/2024 16:00:00,63.23,11/12/2024 16:00:00,27.17,11/12/2024 16:00:00,29.22,11/12/2024 16:00:00,165.52,11/12/2024 16:00:00,555.66,11/12/2024 16:00:00,58,11/12/2024 16:00:00,529.19,11/12/2024 16:00:00,590.12,11/12/2024 16:00:00,94.15,,,11/12/2024 16:00:00,795.25,11/12/2024 16:00:00,179.23,11/12/2024 16:00:00,82.04,23/12/2024 16:00:00,1.83,11/12/2024 16:00:00,231.89,11/12/2024 16:00:00,76.79,11/12/2024 16:00:00,92.4,11/12/2024 16:00:00,134.86,11/12/2024 16:00:00,83.4,11/12/2024 16:00:00,995,11/12/2024 16:00:00,84.16,,,11/12/2024 16:00:00,363.85,11/12/2024 16:00:00,34.85,12/12/2024 16:00:00,130.92,11/12/2024 16:00:00,235.8,11/12/2024 16:00:00,82.05,11/12/2024 16:00:00,10.61,11/12/2024 16:00:00,42.19,14/05/2025 16:00:00,0.01,12/12/2024 16:00:00,98.22,11/12/2024 16:00:00,42.81,11/12/2024 16:00:00,156.37,12/12/2024 16:00:00,22.26,11/12/2024 16:00:00,192.14,11/12/2024 16:00:00,37.32,11/12/2024 16:00:00,15.31,11/12/2024 16:00:00,127.31,,,11/12/2024 16:00:00,133.14,11/12/2024 16:00:00,29.25,11/12/2024 16:00:00,184.75,12/12/2024 16:00:00,31.11,11/12/2024 16:00:00,13.42,11/12/2024 16:00:00,206.18,11/12/2024 16:00:00,447.96,11/12/2024 16:00:00,271.36,12/12/2024 16:00:00,1068.19,,,,,11/12/2024 16:00:00,55.06,12/12/2024 16:00:00,104.99,11/12/2024 16:00:00,138.52,12/12/2024 16:00:00,110.21,11/12/2024 16:00:00,126.65,11/12/2024 16:00:00,74.2
12/12/2024 16:00:00,246.89,12/12/2024 16:00:00,111.59,12/12/2024 16:00:00,449.11,12/12/2024 16:00:00,95.68,12/12/2024 16:00:00,230.66,12/12/2024 16:00:00,155.87,12/12/2024 16:00:00,168.64,12/12/2024 16:00:00,23.58,12/12/2024 16:00:00,196.3,13/12/2024 16:00:00,145.66,12/12/2024 16:00:00,171.43,12/12/2024 16:00:00,25.18,12/12/2024 16:00:00,71.88,12/12/2024 16:00:00,63.55,12/12/2024 16:00:00,127.73,12/12/2024 16:00:00,178,12/12/2024 16:00:00,243,12/12/2024 16:00:00,101.69,12/12/2024 16:00:00,20.02,12/12/2024 16:00:00,42.06,12/12/2024 16:00:00,159.09,12/12/2024 16:00:00,158.67,12/12/2024 16:00:00,229.83,12/12/2024 16:00:00,114.4,12/12/2024 16:00:00,41.53,12/12/2024 16:00:00,58.69,12/12/2024 16:00:00,39.92,13/12/2024 16:00:00,296.29,12/12/2024 16:00:00,114.7,12/12/2024 16:00:00,314.82,12/12/2024 16:00:00,71.86,12/12/2024 16:00:00,46.14,12/12/2024 16:00:00,421.43,13/12/2024 16:00:00,48.13,12/12/2024 16:00:00,129.26,,,13/12/2024 17:36:00,44.58,12/12/2024 16:00:00,54.9,12/12/2024 16:00:00,102.38,12/12/2024 16:00:00,129.65,12/12/2024 16:00:00,273.81,12/12/2024 16:00:00,303.63,12/12/2024 16:00:00,51.51,12/12/2024 16:00:00,73.97,12/12/2024 16:00:00,389.05,12/12/2024 16:00:00,234.25,13/12/2024 16:00:00,49.14,12/12/2024 16:00:00,63.1,12/12/2024 16:00:00,27.1,12/12/2024 16:00:00,29,12/12/2024 16:00:00,168.23,12/12/2024 16:00:00,531.53,12/12/2024 16:00:00,57.03,12/12/2024 16:00:00,536.29,12/12/2024 16:00:00,592.59,12/12/2024 16:00:00,93.04,,,12/12/2024 16:00:00,796.73,12/12/2024 16:00:00,176.63,12/12/2024 16:00:00,81.94,24/12/2024 16:00:00,1.86,12/12/2024 16:00:00,227.75,12/12/2024 16:00:00,78.71,12/12/2024 16:00:00,92.46,12/12/2024 16:00:00,137.07,12/12/2024 16:00:00,82.91,12/12/2024 16:00:00,1001.68,12/12/2024 16:00:00,83.57,,,12/12/2024 16:00:00,361.31,12/12/2024 16:00:00,34.47,13/12/2024 16:00:00,131.36,12/12/2024 16:00:00,234.2,12/12/2024 16:00:00,82.5,12/12/2024 16:00:00,10.38,12/12/2024 16:00:00,41.37,15/05/2025 16:00:00,0.01,13/12/2024 16:00:00,97.34,12/12/2024 16:00:00,42.6,12/12/2024 16:00:00,156.7,13/12/2024 16:00:00,23.02,12/12/2024 16:00:00,190.5,12/12/2024 16:00:00,37,12/12/2024 16:00:00,15.3,12/12/2024 16:00:00,126.94,,,12/12/2024 16:00:00,131,12/12/2024 16:00:00,29.09,12/12/2024 16:00:00,185.7,13/12/2024 16:00:00,30.7,12/12/2024 16:00:00,13.57,12/12/2024 16:00:00,204.29,12/12/2024 16:00:00,447.63,12/12/2024 16:00:00,268.32,13/12/2024 16:00:00,1056.86,,,,,12/12/2024 16:00:00,54.45,13/12/2024 16:00:00,104.56,12/12/2024 16:00:00,138.65,13/12/2024 16:00:00,109.66,12/12/2024 16:00:00,127.45,12/12/2024 16:00:00,73.84
13/12/2024 16:00:00,247.82,13/12/2024 16:00:00,111.9,13/12/2024 16:00:00,448.44,13/12/2024 16:00:00,93.8,13/12/2024 16:00:00,232.25,13/12/2024 16:00:00,154.87,13/12/2024 16:00:00,165.65,13/12/2024 16:00:00,23.37,13/12/2024 16:00:00,192.71,16/12/2024 16:00:00,146.73,13/12/2024 16:00:00,170.77,13/12/2024 16:00:00,25.34,13/12/2024 16:00:00,70.85,13/12/2024 16:00:00,63.57,13/12/2024 16:00:00,126.31,13/12/2024 16:00:00,175,13/12/2024 16:00:00,242.07,13/12/2024 16:00:00,101.13,13/12/2024 16:00:00,20.6,13/12/2024 16:00:00,42,13/12/2024 16:00:00,157.53,13/12/2024 16:00:00,158.24,13/12/2024 16:00:00,228.4,13/12/2024 16:00:00,113.85,13/12/2024 16:00:00,41.14,13/12/2024 16:00:00,58.62,13/12/2024 16:00:00,39.75,16/12/2024 16:00:00,297.18,13/12/2024 16:00:00,114.32,13/12/2024 16:00:00,315.83,13/12/2024 16:00:00,71.71,13/12/2024 16:00:00,46.09,13/12/2024 16:00:00,415.77,16/12/2024 16:00:00,47.3,13/12/2024 16:00:00,129.03,,,16/12/2024 17:36:00,44.41,13/12/2024 16:00:00,54.85,13/12/2024 16:00:00,101.05,13/12/2024 16:00:00,129.7,13/12/2024 16:00:00,272.96,13/12/2024 16:00:00,302.46,13/12/2024 16:00:00,51.23,13/12/2024 16:00:00,72.86,13/12/2024 16:00:00,380.6,13/12/2024 16:00:00,233.18,16/12/2024 16:00:00,49.01,13/12/2024 16:00:00,63.88,13/12/2024 16:00:00,27.1,13/12/2024 16:00:00,28.88,13/12/2024 16:00:00,168,13/12/2024 16:00:00,515.64,13/12/2024 16:00:00,56.38,13/12/2024 16:00:00,534.17,13/12/2024 16:00:00,594,13/12/2024 16:00:00,93.46,,,13/12/2024 16:00:00,777.13,13/12/2024 16:00:00,177.67,13/12/2024 16:00:00,81.1,27/12/2024 16:00:00,1.8,13/12/2024 16:00:00,225.94,13/12/2024 16:00:00,77.35,13/12/2024 16:00:00,91.66,13/12/2024 16:00:00,135.72,13/12/2024 16:00:00,82.84,13/12/2024 16:00:00,981,13/12/2024 16:00:00,83.27,,,13/12/2024 16:00:00,359.58,13/12/2024 16:00:00,35.06,16/12/2024 16:00:00,129.98,13/12/2024 16:00:00,234.13,13/12/2024 16:00:00,83.28,13/12/2024 16:00:00,10.4,13/12/2024 16:00:00,41.25,16/05/2025 16:00:00,0.01,16/12/2024 16:00:00,96.95,13/12/2024 16:00:00,41.73,13/12/2024 16:00:00,154.57,16/12/2024 16:00:00,22.72,13/12/2024 16:00:00,188.81,13/12/2024 16:00:00,36.67,13/12/2024 16:00:00,15.06,13/12/2024 16:00:00,126.43,,,13/12/2024 16:00:00,130.54,13/12/2024 16:00:00,28.85,13/12/2024 16:00:00,185.88,16/12/2024 16:00:00,30.02,13/12/2024 16:00:00,13.37,13/12/2024 16:00:00,203.06,13/12/2024 16:00:00,440,13/12/2024 16:00:00,263.13,16/12/2024 16:00:00,1059.38,,,,,13/12/2024 16:00:00,53.83,16/12/2024 16:00:00,104.34,13/12/2024 16:00:00,138.41,16/12/2024 16:00:00,108.74,13/12/2024 16:00:00,126.58,13/12/2024 16:00:00,73.05
16/12/2024 16:00:00,247.99,16/12/2024 16:00:00,110.2,16/12/2024 16:00:00,447.27,16/12/2024 16:00:00,94.42,16/12/2024 16:00:00,230.73,16/12/2024 16:00:00,153.89,16/12/2024 16:00:00,166.32,16/12/2024 16:00:00,23.71,16/12/2024 16:00:00,194.37,17/12/2024 16:00:00,143.84,16/12/2024 16:00:00,171.45,16/12/2024 16:00:00,25.59,16/12/2024 16:00:00,70.47,16/12/2024 16:00:00,63.23,16/12/2024 16:00:00,127.07,16/12/2024 16:00:00,173.84,16/12/2024 16:00:00,240.61,16/12/2024 16:00:00,101.25,16/12/2024 16:00:00,20.17,16/12/2024 16:00:00,42.16,16/12/2024 16:00:00,157.85,16/12/2024 16:00:00,158.16,16/12/2024 16:00:00,230.23,16/12/2024 16:00:00,112.7,16/12/2024 16:00:00,40.1,16/12/2024 16:00:00,58.47,16/12/2024 16:00:00,39.09,17/12/2024 16:00:00,297.62,16/12/2024 16:00:00,113,16/12/2024 16:00:00,314.74,16/12/2024 16:00:00,71.27,16/12/2024 16:00:00,45.59,16/12/2024 16:00:00,417.85,17/12/2024 16:00:00,46.19,16/12/2024 16:00:00,128.58,,,17/12/2024 17:36:00,44.1,16/12/2024 16:00:00,55.1,16/12/2024 16:00:00,101.13,16/12/2024 16:00:00,129.9,16/12/2024 16:00:00,270.62,16/12/2024 16:00:00,303.7,16/12/2024 16:00:00,51.16,16/12/2024 16:00:00,72.41,16/12/2024 16:00:00,381.77,16/12/2024 16:00:00,234.04,17/12/2024 16:00:00,45.97,16/12/2024 16:00:00,63.48,16/12/2024 16:00:00,27,16/12/2024 16:00:00,28.61,16/12/2024 16:00:00,168.09,16/12/2024 16:00:00,518,16/12/2024 16:00:00,56.77,16/12/2024 16:00:00,532,16/12/2024 16:00:00,588,16/12/2024 16:00:00,93.62,,,16/12/2024 16:00:00,792,16/12/2024 16:00:00,179.35,16/12/2024 16:00:00,80.5,30/12/2024 16:00:00,1.86,16/12/2024 16:00:00,232.46,16/12/2024 16:00:00,76.76,16/12/2024 16:00:00,91.96,16/12/2024 16:00:00,133.55,16/12/2024 16:00:00,82,16/12/2024 16:00:00,989.05,16/12/2024 16:00:00,83.16,,,16/12/2024 16:00:00,359.55,16/12/2024 16:00:00,34.4,17/12/2024 16:00:00,129.69,16/12/2024 16:00:00,234.77,16/12/2024 16:00:00,82.56,16/12/2024 16:00:00,10.07,16/12/2024 16:00:00,40.35,19/05/2025 16:00:00,0.01,17/12/2024 16:00:00,93.01,16/12/2024 16:00:00,41.29,16/12/2024 16:00:00,149,17/12/2024 16:00:00,21.51,16/12/2024 16:00:00,191.86,16/12/2024 16:00:00,36.89,16/12/2024 16:00:00,14.84,16/12/2024 16:00:00,125.21,,,16/12/2024 16:00:00,132.23,16/12/2024 16:00:00,28.47,16/12/2024 16:00:00,184.63,17/12/2024 16:00:00,29.17,16/12/2024 16:00:00,13.21,16/12/2024 16:00:00,201.9,16/12/2024 16:00:00,440.33,16/12/2024 16:00:00,262.77,17/12/2024 16:00:00,1056.02,,,,,16/12/2024 16:00:00,54.08,17/12/2024 16:00:00,103,16/12/2024 16:00:00,137.06,17/12/2024 16:00:00,106.95,16/12/2024 16:00:00,126.2,16/12/2024 16:00:00,73.7
17/12/2024 16:00:00,250.08,17/12/2024 16:00:00,107.24,17/12/2024 16:00:00,451.01,17/12/2024 16:00:00,95.14,17/12/2024 16:00:00,229.23,17/12/2024 16:00:00,148,17/12/2024 16:00:00,165.8,17/12/2024 16:00:00,22.8,17/12/2024 16:00:00,198.53,18/12/2024 16:00:00,145.68,17/12/2024 16:00:00,170.67,17/12/2024 16:00:00,25.9,17/12/2024 16:00:00,71.05,17/12/2024 16:00:00,62.45,17/12/2024 16:00:00,125.33,17/12/2024 16:00:00,170.75,17/12/2024 16:00:00,238.65,17/12/2024 16:00:00,99.9,17/12/2024 16:00:00,20.64,17/12/2024 16:00:00,40.66,17/12/2024 16:00:00,155.74,17/12/2024 16:00:00,156.49,17/12/2024 16:00:00,232.39,17/12/2024 16:00:00,112.21,17/12/2024 16:00:00,39.38,17/12/2024 16:00:00,58.38,17/12/2024 16:00:00,38.87,18/12/2024 16:00:00,295.02,17/12/2024 16:00:00,111.03,17/12/2024 16:00:00,315.82,17/12/2024 16:00:00,70.9,17/12/2024 16:00:00,45.19,17/12/2024 16:00:00,410,18/12/2024 16:00:00,46.31,17/12/2024 16:00:00,128,,,18/12/2024 17:36:00,44.8,17/12/2024 16:00:00,54.59,17/12/2024 16:00:00,98.77,17/12/2024 16:00:00,128.41,17/12/2024 16:00:00,265.46,17/12/2024 16:00:00,302.33,17/12/2024 16:00:00,50.98,17/12/2024 16:00:00,71.27,17/12/2024 16:00:00,376.03,17/12/2024 16:00:00,230.68,18/12/2024 16:00:00,44.8,17/12/2024 16:00:00,65.2,17/12/2024 16:00:00,26.83,17/12/2024 16:00:00,28.5,17/12/2024 16:00:00,173.04,17/12/2024 16:00:00,487,17/12/2024 16:00:00,56.09,17/12/2024 16:00:00,529.4,17/12/2024 16:00:00,580.84,17/12/2024 16:00:00,92.5,,,17/12/2024 16:00:00,777.86,17/12/2024 16:00:00,180.37,17/12/2024 16:00:00,79.93,31/12/2024 16:00:00,1.86,17/12/2024 16:00:00,238.16,17/12/2024 16:00:00,77.36,17/12/2024 16:00:00,91.88,17/12/2024 16:00:00,131.54,17/12/2024 16:00:00,80.96,17/12/2024 16:00:00,994,17/12/2024 16:00:00,81.55,,,17/12/2024 16:00:00,357.36,17/12/2024 16:00:00,33.52,18/12/2024 16:00:00,127.63,17/12/2024 16:00:00,234.13,17/12/2024 16:00:00,82,17/12/2024 16:00:00,9.96,17/12/2024 16:00:00,40.3,20/05/2025 16:00:00,0.01,18/12/2024 16:00:00,91.77,17/12/2024 16:00:00,40.15,17/12/2024 16:00:00,150.16,18/12/2024 16:00:00,21.24,17/12/2024 16:00:00,189.12,17/12/2024 16:00:00,36.09,17/12/2024 16:00:00,14.63,17/12/2024 16:00:00,124.23,,,17/12/2024 16:00:00,130.21,17/12/2024 16:00:00,27.49,17/12/2024 16:00:00,183.04,18/12/2024 16:00:00,29.59,17/12/2024 16:00:00,13.2,17/12/2024 16:00:00,199.2,17/12/2024 16:00:00,436.57,17/12/2024 16:00:00,258.44,18/12/2024 16:00:00,1049.22,,,,,17/12/2024 16:00:00,53.19,18/12/2024 16:00:00,102.52,17/12/2024 16:00:00,134.43,18/12/2024 16:00:00,107.38,17/12/2024 16:00:00,123.94,17/12/2024 16:00:00,72.31
18/12/2024 16:00:00,252.16,18/12/2024 16:00:00,107.57,18/12/2024 16:00:00,451.32,18/12/2024 16:00:00,95.34,18/12/2024 16:00:00,229.04,18/12/2024 16:00:00,147.76,18/12/2024 16:00:00,166,18/12/2024 16:00:00,22.8,18/12/2024 16:00:00,196.83,19/12/2024 16:00:00,144.14,18/12/2024 16:00:00,169.76,18/12/2024 16:00:00,26.19,18/12/2024 16:00:00,70.61,18/12/2024 16:00:00,62.81,18/12/2024 16:00:00,125.3,18/12/2024 16:00:00,169.41,18/12/2024 16:00:00,239,18/12/2024 16:00:00,100.19,18/12/2024 16:00:00,20.48,18/12/2024 16:00:00,40.7,18/12/2024 16:00:00,155.03,18/12/2024 16:00:00,158.25,18/12/2024 16:00:00,230.77,18/12/2024 16:00:00,113.03,18/12/2024 16:00:00,38.97,18/12/2024 16:00:00,58.71,18/12/2024 16:00:00,38.55,19/12/2024 16:00:00,290.88,18/12/2024 16:00:00,113.34,18/12/2024 16:00:00,318.5,18/12/2024 16:00:00,71.18,18/12/2024 16:00:00,45.14,18/12/2024 16:00:00,407,19/12/2024 16:00:00,46.29,18/12/2024 16:00:00,126.9,,,19/12/2024 17:36:00,45.07,18/12/2024 16:00:00,54.02,18/12/2024 16:00:00,98,18/12/2024 16:00:00,128.21,18/12/2024 16:00:00,265.18,18/12/2024 16:00:00,302.6,18/12/2024 16:00:00,50.12,18/12/2024 16:00:00,71.22,18/12/2024 16:00:00,378.7,18/12/2024 16:00:00,229.8,19/12/2024 16:00:00,44.29,18/12/2024 16:00:00,64.52,18/12/2024 16:00:00,26.91,18/12/2024 16:00:00,28.39,18/12/2024 16:00:00,173.28,18/12/2024 16:00:00,488.43,18/12/2024 16:00:00,57.35,18/12/2024 16:00:00,530.32,18/12/2024 16:00:00,577.49,18/12/2024 16:00:00,92.86,,,18/12/2024 16:00:00,775,18/12/2024 16:00:00,179.49,18/12/2024 16:00:00,80.31,02/01/2025 16:00:00,1.83,18/12/2024 16:00:00,233.7,18/12/2024 16:00:00,77.98,18/12/2024 16:00:00,92.72,18/12/2024 16:00:00,131.31,18/12/2024 16:00:00,81.37,18/12/2024 16:00:00,982,18/12/2024 16:00:00,82.89,,,18/12/2024 16:00:00,357.3,18/12/2024 16:00:00,33.98,19/12/2024 16:00:00,124.22,18/12/2024 16:00:00,230.89,18/12/2024 16:00:00,81.09,18/12/2024 16:00:00,9.94,18/12/2024 16:00:00,40.85,21/05/2025 16:00:00,0.01,19/12/2024 16:00:00,90.24,18/12/2024 16:00:00,40.43,18/12/2024 16:00:00,150.01,19/12/2024 16:00:00,21.27,18/12/2024 16:00:00,188.45,18/12/2024 16:00:00,36.5,18/12/2024 16:00:00,14.56,18/12/2024 16:00:00,123.27,,,18/12/2024 16:00:00,130.31,18/12/2024 16:00:00,27.06,18/12/2024 16:00:00,181.64,19/12/2024 16:00:00,28.72,18/12/2024 16:00:00,13.52,18/12/2024 16:00:00,198.94,18/12/2024 16:00:00,443.2,18/12/2024 16:00:00,257.41,19/12/2024 16:00:00,1040.52,,,,,18/12/2024 16:00:00,53.51,19/12/2024 16:00:00,100.91,18/12/2024 16:00:00,134.36,19/12/2024 16:00:00,105.88,18/12/2024 16:00:00,123.15,18/12/2024 16:00:00,71.96
19/12/2024 16:00:00,247.5,19/12/2024 16:00:00,107.39,19/12/2024 16:00:00,441.62,19/12/2024 16:00:00,94.48,19/12/2024 16:00:00,224.42,19/12/2024 16:00:00,144.57,19/12/2024 16:00:00,163.03,19/12/2024 16:00:00,22.51,19/12/2024 16:00:00,193.28,20/12/2024 16:00:00,143.05,19/12/2024 16:00:00,169.01,19/12/2024 16:00:00,25.7,19/12/2024 16:00:00,69.4,19/12/2024 16:00:00,62.7,19/12/2024 16:00:00,124.38,19/12/2024 16:00:00,167.55,19/12/2024 16:00:00,232.27,19/12/2024 16:00:00,98.56,19/12/2024 16:00:00,19.53,19/12/2024 16:00:00,40.05,19/12/2024 16:00:00,153.09,19/12/2024 16:00:00,154.03,19/12/2024 16:00:00,224.91,19/12/2024 16:00:00,111.54,19/12/2024 16:00:00,37.74,19/12/2024 16:00:00,57.39,19/12/2024 16:00:00,37.95,20/12/2024 16:00:00,289.52,19/12/2024 16:00:00,111.66,19/12/2024 16:00:00,311.83,19/12/2024 16:00:00,69.21,19/12/2024 16:00:00,43.97,19/12/2024 16:00:00,394.74,20/12/2024 16:00:00,46.25,19/12/2024 16:00:00,124.07,,,20/12/2024 17:36:00,43.86,19/12/2024 16:00:00,53.43,19/12/2024 16:00:00,96.99,19/12/2024 16:00:00,126.65,19/12/2024 16:00:00,258,19/12/2024 16:00:00,293.02,19/12/2024 16:00:00,48.27,19/12/2024 16:00:00,70.53,19/12/2024 16:00:00,368.44,19/12/2024 16:00:00,224.42,20/12/2024 16:00:00,43.72,19/12/2024 16:00:00,64.4,19/12/2024 16:00:00,26.54,19/12/2024 16:00:00,27.72,19/12/2024 16:00:00,175,19/12/2024 16:00:00,500.14,19/12/2024 16:00:00,56.85,19/12/2024 16:00:00,524.16,19/12/2024 16:00:00,561.44,19/12/2024 16:00:00,92.66,,,19/12/2024 16:00:00,765.1,19/12/2024 16:00:00,172.59,19/12/2024 16:00:00,78.11,03/01/2025 16:00:00,1.86,19/12/2024 16:00:00,228.62,19/12/2024 16:00:00,76.94,19/12/2024 16:00:00,90.4,19/12/2024 16:00:00,131,19/12/2024 16:00:00,79.79,19/12/2024 16:00:00,974.51,19/12/2024 16:00:00,81.5,,,19/12/2024 16:00:00,365,19/12/2024 16:00:00,32.57,20/12/2024 16:00:00,121.25,19/12/2024 16:00:00,228.1,19/12/2024 16:00:00,79.52,19/12/2024 16:00:00,9.79,19/12/2024 16:00:00,40.06,22/05/2025 16:00:00,0.01,20/12/2024 16:00:00,87.86,19/12/2024 16:00:00,38.74,19/12/2024 16:00:00,146.6,20/12/2024 16:00:00,20.46,19/12/2024 16:00:00,186.89,19/12/2024 16:00:00,36.62,19/12/2024 16:00:00,14.39,19/12/2024 16:00:00,122.41,,,19/12/2024 16:00:00,130.74,19/12/2024 16:00:00,26.56,19/12/2024 16:00:00,178.93,20/12/2024 16:00:00,29.34,19/12/2024 16:00:00,12.98,19/12/2024 16:00:00,194.29,19/12/2024 16:00:00,428.07,19/12/2024 16:00:00,249,20/12/2024 16:00:00,1007.64,,,,,19/12/2024 16:00:00,52.67,20/12/2024 16:00:00,101.04,19/12/2024 16:00:00,131.24,20/12/2024 16:00:00,107.16,19/12/2024 16:00:00,120.69,19/12/2024 16:00:00,70.52
20/12/2024 16:00:00,248.04,20/12/2024 16:00:00,105.45,20/12/2024 16:00:00,433.11,20/12/2024 16:00:00,93.01,20/12/2024 16:00:00,222.73,20/12/2024 16:00:00,140.82,20/12/2024 16:00:00,163.97,20/12/2024 16:00:00,22.59,20/12/2024 16:00:00,187.01,23/12/2024 16:00:00,144.63,20/12/2024 16:00:00,168.87,20/12/2024 16:00:00,25.7,20/12/2024 16:00:00,69.17,20/12/2024 16:00:00,62.47,20/12/2024 16:00:00,122.5,20/12/2024 16:00:00,167.73,20/12/2024 16:00:00,231.92,20/12/2024 16:00:00,98.83,20/12/2024 16:00:00,18.97,20/12/2024 16:00:00,39.93,20/12/2024 16:00:00,150.86,20/12/2024 16:00:00,149.58,20/12/2024 16:00:00,219.84,20/12/2024 16:00:00,112.64,20/12/2024 16:00:00,36.83,20/12/2024 16:00:00,57.57,20/12/2024 16:00:00,37.59,23/12/2024 16:00:00,292.26,20/12/2024 16:00:00,110.61,20/12/2024 16:00:00,313.57,20/12/2024 16:00:00,68.29,20/12/2024 16:00:00,43.2,20/12/2024 16:00:00,383.37,23/12/2024 16:00:00,48,20/12/2024 16:00:00,124.04,,,23/12/2024 17:36:00,43.79,20/12/2024 16:00:00,52.92,20/12/2024 16:00:00,94.76,20/12/2024 16:00:00,126.37,20/12/2024 16:00:00,269,20/12/2024 16:00:00,292.35,20/12/2024 16:00:00,47.28,20/12/2024 16:00:00,70.95,20/12/2024 16:00:00,358.5,20/12/2024 16:00:00,223.12,23/12/2024 16:00:00,44.35,20/12/2024 16:00:00,63.67,20/12/2024 16:00:00,26.34,20/12/2024 16:00:00,27.49,20/12/2024 16:00:00,176.86,20/12/2024 16:00:00,489.29,20/12/2024 16:00:00,56.22,20/12/2024 16:00:00,522.87,20/12/2024 16:00:00,554.94,20/12/2024 16:00:00,92.44,,,20/12/2024 16:00:00,811.35,20/12/2024 16:00:00,171.06,20/12/2024 16:00:00,76.47,06/01/2025 16:00:00,1.92,20/12/2024 16:00:00,225.16,20/12/2024 16:00:00,75.96,20/12/2024 16:00:00,90.92,20/12/2024 16:00:00,129.73,20/12/2024 16:00:00,79.87,20/12/2024 16:00:00,949.39,20/12/2024 16:00:00,81.75,,,20/12/2024 16:00:00,370.7,20/12/2024 16:00:00,32.29,23/12/2024 16:00:00,123.8,20/12/2024 16:00:00,226.96,20/12/2024 16:00:00,79.86,20/12/2024 16:00:00,9.7,20/12/2024 16:00:00,38.99,26/05/2025 16:00:00,0.01,23/12/2024 16:00:00,87.5,20/12/2024 16:00:00,37.98,20/12/2024 16:00:00,145.64,23/12/2024 16:00:00,20.85,20/12/2024 16:00:00,184.47,20/12/2024 16:00:00,37.09,20/12/2024 16:00:00,14.05,20/12/2024 16:00:00,121.1,,,20/12/2024 16:00:00,131.59,20/12/2024 16:00:00,25.51,20/12/2024 16:00:00,175.08,23/12/2024 16:00:00,29.3,20/12/2024 16:00:00,12.52,20/12/2024 16:00:00,189.29,20/12/2024 16:00:00,426.01,20/12/2024 16:00:00,244.54,23/12/2024 16:00:00,1025.89,,,,,20/12/2024 16:00:00,53.01,23/12/2024 16:00:00,102.06,20/12/2024 16:00:00,130.25,23/12/2024 16:00:00,108.11,20/12/2024 16:00:00,117.62,20/12/2024 16:00:00,69.58
23/12/2024 16:00:00,254.77,23/12/2024 16:00:00,105.31,23/12/2024 16:00:00,436.74,23/12/2024 16:00:00,91.5,23/12/2024 16:00:00,222.81,23/12/2024 16:00:00,142.48,23/12/2024 16:00:00,168.12,23/12/2024 16:00:00,22.67,23/12/2024 16:00:00,194.03,24/12/2024 13:00:00,145,23/12/2024 16:00:00,168.06,23/12/2024 16:00:00,26.36,23/12/2024 16:00:00,69.72,23/12/2024 16:00:00,62.5,23/12/2024 16:00:00,123.72,23/12/2024 16:00:00,169.59,23/12/2024 16:00:00,236.07,23/12/2024 16:00:00,99.09,23/12/2024 16:00:00,19.58,23/12/2024 16:00:00,39.93,23/12/2024 16:00:00,152.41,23/12/2024 16:00:00,155.66,23/12/2024 16:00:00,225.01,23/12/2024 16:00:00,114,23/12/2024 16:00:00,36.77,23/12/2024 16:00:00,58.13,23/12/2024 16:00:00,38.03,24/12/2024 13:00:00,291.28,23/12/2024 16:00:00,111.61,23/12/2024 16:00:00,315.65,23/12/2024 16:00:00,69.36,23/12/2024 16:00:00,43.9,23/12/2024 16:00:00,391.1,24/12/2024 13:00:00,47.97,23/12/2024 16:00:00,125.33,,,27/12/2024 17:36:00,43.83,23/12/2024 16:00:00,53.84,23/12/2024 16:00:00,95.43,23/12/2024 16:00:00,128.5,23/12/2024 16:00:00,263.11,23/12/2024 16:00:00,296.48,23/12/2024 16:00:00,47.54,23/12/2024 16:00:00,72.12,23/12/2024 16:00:00,364.87,23/12/2024 16:00:00,225.63,24/12/2024 13:00:00,44,23/12/2024 16:00:00,64.8,23/12/2024 16:00:00,26.51,23/12/2024 16:00:00,27.97,23/12/2024 16:00:00,178.12,23/12/2024 16:00:00,500.76,23/12/2024 16:00:00,57.25,23/12/2024 16:00:00,525.83,23/12/2024 16:00:00,565,23/12/2024 16:00:00,91.97,,,23/12/2024 16:00:00,785.17,23/12/2024 16:00:00,171,23/12/2024 16:00:00,76.98,07/01/2025 16:00:00,1.89,23/12/2024 16:00:00,227.77,23/12/2024 16:00:00,76.33,23/12/2024 16:00:00,92.62,23/12/2024 16:00:00,130.8,23/12/2024 16:00:00,80.69,23/12/2024 16:00:00,953.88,23/12/2024 16:00:00,82.85,,,23/12/2024 16:00:00,360.58,23/12/2024 16:00:00,32.84,24/12/2024 13:00:00,124.1,23/12/2024 16:00:00,227.94,23/12/2024 16:00:00,81.21,23/12/2024 16:00:00,9.87,23/12/2024 16:00:00,39.99,27/05/2025 16:00:00,0.01,24/12/2024 13:05:00,87.4,23/12/2024 16:00:00,38.92,23/12/2024 16:00:00,146,24/12/2024 13:05:00,21.76,23/12/2024 16:00:00,186.03,23/12/2024 16:00:00,36.99,23/12/2024 16:00:00,13.95,23/12/2024 16:00:00,121.54,,,23/12/2024 16:00:00,130.89,23/12/2024 16:00:00,25.96,23/12/2024 16:00:00,177.4,24/12/2024 13:00:00,29.01,23/12/2024 16:00:00,12.97,23/12/2024 16:00:00,191.25,23/12/2024 16:00:00,432.63,23/12/2024 16:00:00,246.25,24/12/2024 13:00:00,1041.64,,,,,23/12/2024 16:00:00,53.56,24/12/2024 13:00:00,102.8,23/12/2024 16:00:00,133.25,24/12/2024 13:00:00,108.39,23/12/2024 16:00:00,118.66,23/12/2024 16:00:00,71.34
24/12/2024 13:05:00,255.49,24/12/2024 13:00:00,106.52,24/12/2024 13:05:00,434.65,24/12/2024 13:00:00,90.37,24/12/2024 13:00:00,222.27,24/12/2024 13:00:00,143.1,24/12/2024 13:00:00,169.24,24/12/2024 13:00:00,22.84,24/12/2024 13:05:00,196.17,26/12/2024 16:00:00,145.55,24/12/2024 13:00:00,167.62,24/12/2024 13:00:00,26.59,24/12/2024 13:00:00,70.67,24/12/2024 13:00:00,62.2,24/12/2024 13:00:00,123.48,24/12/2024 13:00:00,169.7,24/12/2024 13:00:00,239.43,24/12/2024 13:00:00,99.22,24/12/2024 13:05:00,20.22,24/12/2024 13:00:00,39.9,24/12/2024 13:05:00,150.5,24/12/2024 13:05:00,158.64,24/12/2024 13:05:00,226.94,24/12/2024 13:00:00,114.14,24/12/2024 13:00:00,37.28,24/12/2024 13:05:00,58.8,24/12/2024 13:05:00,37.85,26/12/2024 16:00:00,292.6,24/12/2024 13:00:00,111.25,24/12/2024 13:00:00,318.17,24/12/2024 13:00:00,70.1,24/12/2024 13:00:00,43.93,24/12/2024 13:00:00,392.13,26/12/2024 16:00:00,48.15,24/12/2024 13:00:00,125.21,,,30/12/2024 17:36:00,44.01,24/12/2024 13:00:00,53.62,24/12/2024 13:00:00,96.5,24/12/2024 13:00:00,128.74,24/12/2024 13:05:00,262.48,24/12/2024 13:00:00,299.29,24/12/2024 13:00:00,48.44,24/12/2024 13:00:00,72.61,24/12/2024 13:00:00,364.45,24/12/2024 13:00:00,227.73,26/12/2024 16:00:00,44.1,24/12/2024 13:05:00,63.57,24/12/2024 13:00:00,26.66,24/12/2024 13:05:00,28.14,24/12/2024 13:00:00,177.69,24/12/2024 13:00:00,504.4,24/12/2024 13:00:00,57.41,24/12/2024 13:00:00,529.27,24/12/2024 13:00:00,574.2,24/12/2024 13:00:00,91.83,,,24/12/2024 13:00:00,791.37,24/12/2024 13:00:00,170.89,24/12/2024 13:00:00,76.82,08/01/2025 16:00:00,1.86,24/12/2024 13:05:00,226.65,24/12/2024 13:00:00,76.75,24/12/2024 13:05:00,93,24/12/2024 13:00:00,131.87,24/12/2024 13:00:00,81.3,24/12/2024 13:05:00,950.74,24/12/2024 13:00:00,83.06,,,24/12/2024 13:00:00,359.95,24/12/2024 13:00:00,33.33,26/12/2024 16:00:00,125.94,24/12/2024 13:00:00,228.53,24/12/2024 13:00:00,81.71,24/12/2024 13:00:00,9.9,24/12/2024 13:00:00,39.91,28/05/2025 16:00:00,0.01,26/12/2024 16:00:00,89.37,24/12/2024 13:00:00,39.37,24/12/2024 13:05:00,148.67,26/12/2024 16:00:00,21.84,24/12/2024 13:05:00,190.49,24/12/2024 13:05:00,37.33,24/12/2024 13:00:00,14.32,24/12/2024 13:00:00,121.99,,,24/12/2024 13:05:00,131.13,24/12/2024 13:00:00,26.31,24/12/2024 13:00:00,179.83,26/12/2024 16:00:00,29,24/12/2024 13:00:00,12.71,24/12/2024 13:00:00,193.55,24/12/2024 13:00:00,430.61,24/12/2024 13:00:00,247.98,26/12/2024 16:00:00,1050,,,,,24/12/2024 13:00:00,53.32,26/12/2024 16:00:00,102.75,24/12/2024 13:00:00,133.43,26/12/2024 16:00:00,108.68,24/12/2024 13:00:00,120.16,24/12/2024 13:00:00,72.42
26/12/2024 16:00:00,258.19,26/12/2024 16:00:00,106.52,26/12/2024 16:00:00,439.08,26/12/2024 16:00:00,92.54,26/12/2024 16:00:00,223.17,26/12/2024 16:00:00,143.67,26/12/2024 16:00:00,171.01,26/12/2024 16:00:00,22.93,26/12/2024 16:00:00,196.74,27/12/2024 16:00:00,144.87,26/12/2024 16:00:00,168.6,26/12/2024 16:00:00,26.64,26/12/2024 16:00:00,71.38,26/12/2024 16:00:00,62.62,26/12/2024 16:00:00,121.65,26/12/2024 16:00:00,170.5,26/12/2024 16:00:00,241.3,26/12/2024 16:00:00,99.08,26/12/2024 16:00:00,20.23,26/12/2024 16:00:00,39.83,26/12/2024 16:00:00,152.53,26/12/2024 16:00:00,157.4,26/12/2024 16:00:00,228.5,26/12/2024 16:00:00,114.19,26/12/2024 16:00:00,37.68,26/12/2024 16:00:00,59.62,26/12/2024 16:00:00,38.25,27/12/2024 16:00:00,293.34,26/12/2024 16:00:00,112.12,26/12/2024 16:00:00,319.85,26/12/2024 16:00:00,70.79,26/12/2024 16:00:00,44.15,26/12/2024 16:00:00,392.52,27/12/2024 16:00:00,48.2,26/12/2024 16:00:00,125.58,,,02/01/2025 17:36:00,44.11,26/12/2024 16:00:00,52.28,26/12/2024 16:00:00,97.06,26/12/2024 16:00:00,130.26,26/12/2024 16:00:00,262.21,26/12/2024 16:00:00,301.13,26/12/2024 16:00:00,48.66,26/12/2024 16:00:00,72.61,26/12/2024 16:00:00,365.95,26/12/2024 16:00:00,228.95,27/12/2024 16:00:00,44.7,26/12/2024 16:00:00,63.57,26/12/2024 16:00:00,26.72,26/12/2024 16:00:00,28.08,26/12/2024 16:00:00,178.98,26/12/2024 16:00:00,505.5,26/12/2024 16:00:00,57.59,26/12/2024 16:00:00,534.55,26/12/2024 16:00:00,579.36,26/12/2024 16:00:00,92.1,,,26/12/2024 16:00:00,793.56,26/12/2024 16:00:00,172.73,26/12/2024 16:00:00,76.83,09/01/2025 16:00:00,1.86,26/12/2024 16:00:00,228.78,26/12/2024 16:00:00,76.6,26/12/2024 16:00:00,93.17,26/12/2024 16:00:00,132.45,26/12/2024 16:00:00,81.31,26/12/2024 16:00:00,956.82,26/12/2024 16:00:00,82.73,,,26/12/2024 16:00:00,359.35,26/12/2024 16:00:00,33.3,27/12/2024 16:00:00,125.18,26/12/2024 16:00:00,229.6,26/12/2024 16:00:00,81.65,26/12/2024 16:00:00,9.99,26/12/2024 16:00:00,39.86,29/05/2025 16:00:00,0.01,27/12/2024 16:00:00,90.9,26/12/2024 16:00:00,39.04,26/12/2024 16:00:00,148,27/12/2024 16:00:00,21.94,26/12/2024 16:00:00,190.61,26/12/2024 16:00:00,37.36,26/12/2024 16:00:00,14.4,26/12/2024 16:00:00,123.45,,,26/12/2024 16:00:00,131.72,26/12/2024 16:00:00,26.78,26/12/2024 16:00:00,181.21,27/12/2024 16:00:00,29.08,26/12/2024 16:00:00,12.7,26/12/2024 16:00:00,192.75,26/12/2024 16:00:00,431.79,26/12/2024 16:00:00,248.19,27/12/2024 16:00:00,1048,,,,,26/12/2024 16:00:00,53.78,27/12/2024 16:00:00,103.18,26/12/2024 16:00:00,134.2,27/12/2024 16:00:00,107.6,26/12/2024 16:00:00,120.8,26/12/2024 16:00:00,72.51
27/12/2024 16:00:00,257.83,27/12/2024 16:00:00,106.3,27/12/2024 16:00:00,434.6,27/12/2024 16:00:00,92.13,27/12/2024 16:00:00,223.14,27/12/2024 16:00:00,144.29,27/12/2024 16:00:00,170.72,27/12/2024 16:00:00,22.88,27/12/2024 16:00:00,196.47,30/12/2024 16:00:00,144.84,27/12/2024 16:00:00,169.42,27/12/2024 16:00:00,26.43,27/12/2024 16:00:00,71.18,27/12/2024 16:00:00,62.45,27/12/2024 16:00:00,121.65,27/12/2024 16:00:00,170.38,27/12/2024 16:00:00,242.72,27/12/2024 16:00:00,99.5,27/12/2024 16:00:00,20.21,27/12/2024 16:00:00,39.86,27/12/2024 16:00:00,151.29,27/12/2024 16:00:00,157.19,27/12/2024 16:00:00,225.6,27/12/2024 16:00:00,115.01,27/12/2024 16:00:00,37.64,27/12/2024 16:00:00,59.57,27/12/2024 16:00:00,37.84,30/12/2024 16:00:00,291.47,27/12/2024 16:00:00,111.82,27/12/2024 16:00:00,319.27,27/12/2024 16:00:00,70.86,27/12/2024 16:00:00,44.24,27/12/2024 16:00:00,392.14,30/12/2024 16:00:00,48.89,27/12/2024 16:00:00,125.85,,,03/01/2025 17:36:00,45.14,27/12/2024 16:00:00,52.34,27/12/2024 16:00:00,97,27/12/2024 16:00:00,129.91,27/12/2024 16:00:00,261.1,27/12/2024 16:00:00,300.85,27/12/2024 16:00:00,48.74,27/12/2024 16:00:00,72.76,27/12/2024 16:00:00,363.39,27/12/2024 16:00:00,228.58,30/12/2024 16:00:00,44.24,27/12/2024 16:00:00,63.36,27/12/2024 16:00:00,26.54,27/12/2024 16:00:00,27.99,27/12/2024 16:00:00,180.01,27/12/2024 16:00:00,509.42,27/12/2024 16:00:00,57.65,27/12/2024 16:00:00,533.61,27/12/2024 16:00:00,577,27/12/2024 16:00:00,92.73,,,27/12/2024 16:00:00,790,27/12/2024 16:00:00,172.35,27/12/2024 16:00:00,76.75,10/01/2025 16:00:00,1.89,27/12/2024 16:00:00,231,27/12/2024 16:00:00,76.52,27/12/2024 16:00:00,93.43,27/12/2024 16:00:00,135.13,27/12/2024 16:00:00,80.54,27/12/2024 16:00:00,948.72,27/12/2024 16:00:00,82.32,,,27/12/2024 16:00:00,358.78,27/12/2024 16:00:00,33.29,30/12/2024 16:00:00,124.19,27/12/2024 16:00:00,229.4,27/12/2024 16:00:00,81.97,27/12/2024 16:00:00,10.03,27/12/2024 16:00:00,40.12,30/05/2025 16:00:00,0.01,30/12/2024 16:00:00,91.29,27/12/2024 16:00:00,38.9,27/12/2024 16:00:00,148.74,30/12/2024 16:00:00,22.22,27/12/2024 16:00:00,190.44,27/12/2024 16:00:00,37.21,27/12/2024 16:00:00,14.43,27/12/2024 16:00:00,123.92,,,27/12/2024 16:00:00,132.31,27/12/2024 16:00:00,26.74,27/12/2024 16:00:00,181.09,30/12/2024 16:00:00,29.06,27/12/2024 16:00:00,12.85,27/12/2024 16:00:00,193.62,27/12/2024 16:00:00,432.33,27/12/2024 16:00:00,248.35,30/12/2024 16:00:00,1032.81,,,,,27/12/2024 16:00:00,53.36,30/12/2024 16:00:00,102.28,27/12/2024 16:00:00,135.14,30/12/2024 16:00:00,108,27/12/2024 16:00:00,120.1,27/12/2024 16:00:00,71.9
30/12/2024 16:00:00,252.23,30/12/2024 16:00:00,106.3,30/12/2024 16:00:00,426.06,30/12/2024 16:00:00,90.73,30/12/2024 16:00:00,220.54,30/12/2024 16:00:00,143.79,30/12/2024 16:00:00,167.2,30/12/2024 16:00:00,22.78,30/12/2024 16:00:00,190.87,31/12/2024 16:00:00,143.76,30/12/2024 16:00:00,168.67,30/12/2024 16:00:00,26.48,30/12/2024 16:00:00,70.41,30/12/2024 16:00:00,62.34,30/12/2024 16:00:00,121.07,30/12/2024 16:00:00,166.51,30/12/2024 16:00:00,238.77,30/12/2024 16:00:00,99.57,30/12/2024 16:00:00,20.01,30/12/2024 16:00:00,39.8,30/12/2024 16:00:00,152.66,30/12/2024 16:00:00,155.23,30/12/2024 16:00:00,220.06,30/12/2024 16:00:00,114.13,30/12/2024 16:00:00,37.64,30/12/2024 16:00:00,59.09,30/12/2024 16:00:00,37.78,31/12/2024 16:00:00,290.08,30/12/2024 16:00:00,110.43,30/12/2024 16:00:00,314.68,30/12/2024 16:00:00,70.18,30/12/2024 16:00:00,43.89,30/12/2024 16:00:00,390.53,31/12/2024 16:00:00,48.55,30/12/2024 16:00:00,125.15,,,07/01/2025 17:36:00,45.3,30/12/2024 16:00:00,52.24,30/12/2024 16:00:00,97.25,30/12/2024 16:00:00,129.12,30/12/2024 16:00:00,260.83,30/12/2024 16:00:00,297.35,30/12/2024 16:00:00,48.12,30/12/2024 16:00:00,72.01,30/12/2024 16:00:00,360.43,30/12/2024 16:00:00,228.18,31/12/2024 16:00:00,43.84,30/12/2024 16:00:00,62.46,30/12/2024 16:00:00,26.16,30/12/2024 16:00:00,27.58,30/12/2024 16:00:00,173.72,30/12/2024 16:00:00,506.86,30/12/2024 16:00:00,57.53,30/12/2024 16:00:00,527,30/12/2024 16:00:00,567.27,30/12/2024 16:00:00,91.53,,,30/12/2024 16:00:00,777.92,30/12/2024 16:00:00,170.07,30/12/2024 16:00:00,76.03,13/01/2025 16:00:00,1.89,30/12/2024 16:00:00,227.15,30/12/2024 16:00:00,75.6,30/12/2024 16:00:00,93.93,30/12/2024 16:00:00,134.4,30/12/2024 16:00:00,80.2,30/12/2024 16:00:00,931,30/12/2024 16:00:00,82.79,,,30/12/2024 16:00:00,352.61,30/12/2024 16:00:00,32.84,31/12/2024 16:00:00,124.28,30/12/2024 16:00:00,229.47,30/12/2024 16:00:00,81.27,30/12/2024 16:00:00,9.95,30/12/2024 16:00:00,39.9,02/06/2025 16:00:00,0.01,31/12/2024 16:00:00,90.73,30/12/2024 16:00:00,38.42,30/12/2024 16:00:00,150.92,31/12/2024 16:00:00,22.5,30/12/2024 16:00:00,189.69,30/12/2024 16:00:00,37.45,30/12/2024 16:00:00,14.45,30/12/2024 16:00:00,122.21,,,30/12/2024 16:00:00,131.79,30/12/2024 16:00:00,26.8,30/12/2024 16:00:00,178.15,31/12/2024 16:00:00,28.87,30/12/2024 16:00:00,12.5,30/12/2024 16:00:00,191.8,30/12/2024 16:00:00,427.24,30/12/2024 16:00:00,247.9,31/12/2024 16:00:00,1030.81,,,,,30/12/2024 16:00:00,53.75,31/12/2024 16:00:00,103.04,30/12/2024 16:00:00,134.13,31/12/2024 16:00:00,107.88,30/12/2024 16:00:00,120.71,30/12/2024 16:00:00,71.68
31/12/2024 16:00:00,252.44,31/12/2024 16:00:00,106.17,31/12/2024 16:00:00,426.1,31/12/2024 16:00:00,90.57,31/12/2024 16:00:00,220.72,31/12/2024 16:00:00,143.52,31/12/2024 16:00:00,168.5,31/12/2024 16:00:00,22.62,31/12/2024 16:00:00,192.45,02/01/2025 16:00:00,145.21,31/12/2024 16:00:00,167.36,31/12/2024 16:00:00,26.4,31/12/2024 16:00:00,70.53,31/12/2024 16:00:00,62.02,31/12/2024 16:00:00,120.44,31/12/2024 16:00:00,167.2,31/12/2024 16:00:00,240.05,31/12/2024 16:00:00,98.5,31/12/2024 16:00:00,19.99,31/12/2024 16:00:00,39.64,31/12/2024 16:00:00,151.8,31/12/2024 16:00:00,154.72,31/12/2024 16:00:00,222.97,31/12/2024 16:00:00,113.06,31/12/2024 16:00:00,37.87,31/12/2024 16:00:00,59.22,31/12/2024 16:00:00,37.31,02/01/2025 16:00:00,290.63,31/12/2024 16:00:00,110.78,31/12/2024 16:00:00,316.12,31/12/2024 16:00:00,70.55,31/12/2024 16:00:00,44.04,31/12/2024 16:00:00,390.01,02/01/2025 16:00:00,50.06,31/12/2024 16:00:00,125.38,,,08/01/2025 17:36:00,45.31,31/12/2024 16:00:00,52.21,31/12/2024 16:00:00,97.3,31/12/2024 16:00:00,129.2,31/12/2024 16:00:00,260.75,31/12/2024 16:00:00,298.05,31/12/2024 16:00:00,47.96,31/12/2024 16:00:00,72.75,31/12/2024 16:00:00,363.5,31/12/2024 16:00:00,228,02/01/2025 16:00:00,45.13,31/12/2024 16:00:00,62.28,31/12/2024 16:00:00,26.48,31/12/2024 16:00:00,27.63,31/12/2024 16:00:00,177.54,31/12/2024 16:00:00,509.35,31/12/2024 16:00:00,56.07,31/12/2024 16:00:00,527.67,31/12/2024 16:00:00,575.07,31/12/2024 16:00:00,91.03,,,31/12/2024 16:00:00,771,31/12/2024 16:00:00,172.27,31/12/2024 16:00:00,76.19,14/01/2025 16:00:00,1.89,31/12/2024 16:00:00,227.15,31/12/2024 16:00:00,74.9,31/12/2024 16:00:00,92.59,31/12/2024 16:00:00,135.5,31/12/2024 16:00:00,79.82,31/12/2024 16:00:00,923.65,31/12/2024 16:00:00,82.44,,,31/12/2024 16:00:00,354.98,31/12/2024 16:00:00,32.83,02/01/2025 16:00:00,125.38,31/12/2024 16:00:00,230.46,31/12/2024 16:00:00,81.76,31/12/2024 16:00:00,9.91,31/12/2024 16:00:00,39.54,04/06/2025 16:00:00,0.01,02/01/2025 16:00:00,91.55,31/12/2024 16:00:00,38.12,31/12/2024 16:00:00,150.8,02/01/2025 16:00:00,23.55,31/12/2024 16:00:00,188.66,31/12/2024 16:00:00,37.73,31/12/2024 16:00:00,14.52,31/12/2024 16:00:00,121.89,,,31/12/2024 16:00:00,131.15,31/12/2024 16:00:00,27.07,31/12/2024 16:00:00,178.49,02/01/2025 16:00:00,29.37,31/12/2024 16:00:00,12.52,31/12/2024 16:00:00,193.34,31/12/2024 16:00:00,425.5,31/12/2024 16:00:00,247.25,02/01/2025 16:00:00,1027.17,,,,,31/12/2024 16:00:00,54.01,02/01/2025 16:00:00,103.5,31/12/2024 16:00:00,134.09,02/01/2025 16:00:00,107.72,31/12/2024 16:00:00,120.89,31/12/2024 16:00:00,71.86
02/01/2025 16:00:00,248.93,02/01/2025 16:00:00,108.28,02/01/2025 16:00:00,425.53,02/01/2025 16:00:00,89.98,02/01/2025 16:00:00,221.82,02/01/2025 16:00:00,145.48,02/01/2025 16:00:00,167.87,02/01/2025 16:00:00,22.83,02/01/2025 16:00:00,191.49,03/01/2025 16:00:00,144.07,02/01/2025 16:00:00,168.09,02/01/2025 16:00:00,26.75,02/01/2025 16:00:00,70.48,02/01/2025 16:00:00,62.36,02/01/2025 16:00:00,120.5,02/01/2025 16:00:00,168.52,02/01/2025 16:00:00,240.63,02/01/2025 16:00:00,100.28,02/01/2025 16:00:00,20.23,02/01/2025 16:00:00,40.03,02/01/2025 16:00:00,152.88,02/01/2025 16:00:00,155.01,02/01/2025 16:00:00,222.03,02/01/2025 16:00:00,113.69,02/01/2025 16:00:00,38.86,02/01/2025 16:00:00,59.27,02/01/2025 16:00:00,37.8,03/01/2025 16:00:00,292.83,02/01/2025 16:00:00,111.7,02/01/2025 16:00:00,317.52,02/01/2025 16:00:00,70.94,02/01/2025 16:00:00,44.14,02/01/2025 16:00:00,392.2,03/01/2025 16:00:00,50.01,02/01/2025 16:00:00,127.04,,,09/01/2025 17:36:00,47.08,02/01/2025 16:00:00,52.47,02/01/2025 16:00:00,99.88,02/01/2025 16:00:00,130.29,02/01/2025 16:00:00,262.18,02/01/2025 16:00:00,300,02/01/2025 16:00:00,48.22,02/01/2025 16:00:00,73.45,02/01/2025 16:00:00,366.14,02/01/2025 16:00:00,229.97,03/01/2025 16:00:00,44.72,02/01/2025 16:00:00,61.92,02/01/2025 16:00:00,26.28,02/01/2025 16:00:00,27.6,02/01/2025 16:00:00,178.31,02/01/2025 16:00:00,508.25,02/01/2025 16:00:00,56.9,02/01/2025 16:00:00,529,02/01/2025 16:00:00,579,02/01/2025 16:00:00,91.05,,,02/01/2025 16:00:00,780.75,02/01/2025 16:00:00,172.31,02/01/2025 16:00:00,76.65,15/01/2025 16:00:00,1.86,02/01/2025 16:00:00,227.07,02/01/2025 16:00:00,76.14,02/01/2025 16:00:00,92.62,02/01/2025 16:00:00,135.75,02/01/2025 16:00:00,80.37,02/01/2025 16:00:00,915,02/01/2025 16:00:00,82.85,,,02/01/2025 16:00:00,352.73,02/01/2025 16:00:00,32.7,03/01/2025 16:00:00,122.61,02/01/2025 16:00:00,230.72,02/01/2025 16:00:00,82.25,02/01/2025 16:00:00,9.91,02/01/2025 16:00:00,40.34,05/06/2025 16:00:00,0.01,03/01/2025 16:00:00,92.4,02/01/2025 16:00:00,38.39,02/01/2025 16:00:00,153.84,03/01/2025 16:00:00,23.35,02/01/2025 16:00:00,189.32,02/01/2025 16:00:00,37.91,02/01/2025 16:00:00,14.75,02/01/2025 16:00:00,121.75,,,02/01/2025 16:00:00,131.37,02/01/2025 16:00:00,27.82,02/01/2025 16:00:00,180,03/01/2025 16:00:00,29.28,02/01/2025 16:00:00,12.75,02/01/2025 16:00:00,192.82,02/01/2025 16:00:00,426.19,02/01/2025 16:00:00,248.27,03/01/2025 16:00:00,1022.17,,,,,02/01/2025 16:00:00,54.17,03/01/2025 16:00:00,102.57,02/01/2025 16:00:00,134.19,03/01/2025 16:00:00,108.07,02/01/2025 16:00:00,123.97,02/01/2025 16:00:00,72.47
03/01/2025 16:00:00,243.36,03/01/2025 16:00:00,108,03/01/2025 16:00:00,421.08,03/01/2025 16:00:00,90.15,03/01/2025 16:00:00,220.55,03/01/2025 16:00:00,147.54,03/01/2025 16:00:00,169.22,03/01/2025 16:00:00,22.9,03/01/2025 16:00:00,192.73,06/01/2025 16:00:00,143.51,03/01/2025 16:00:00,166.25,03/01/2025 16:00:00,26.7,03/01/2025 16:00:00,70.35,03/01/2025 16:00:00,61.9,03/01/2025 16:00:00,121.51,03/01/2025 16:00:00,166.7,03/01/2025 16:00:00,243.89,03/01/2025 16:00:00,99.34,03/01/2025 16:00:00,20.39,03/01/2025 16:00:00,40.32,03/01/2025 16:00:00,150.96,03/01/2025 16:00:00,155.42,03/01/2025 16:00:00,222.51,03/01/2025 16:00:00,113.94,03/01/2025 16:00:00,38.68,03/01/2025 16:00:00,58.84,03/01/2025 16:00:00,37.62,06/01/2025 16:00:00,293.28,03/01/2025 16:00:00,111.37,03/01/2025 16:00:00,314.18,03/01/2025 16:00:00,70.88,03/01/2025 16:00:00,44.75,03/01/2025 16:00:00,389.82,06/01/2025 16:00:00,51.32,03/01/2025 16:00:00,123.96,,,10/01/2025 17:36:00,47.81,03/01/2025 16:00:00,52.83,03/01/2025 16:00:00,100.62,03/01/2025 16:00:00,129.7,03/01/2025 16:00:00,260,03/01/2025 16:00:00,300.68,03/01/2025 16:00:00,48.02,03/01/2025 16:00:00,73.07,03/01/2025 16:00:00,361.59,03/01/2025 16:00:00,229.81,06/01/2025 16:00:00,46.08,03/01/2025 16:00:00,62.53,03/01/2025 16:00:00,26.4,03/01/2025 16:00:00,27.61,03/01/2025 16:00:00,171.4,03/01/2025 16:00:00,506.35,03/01/2025 16:00:00,56.34,03/01/2025 16:00:00,522.53,03/01/2025 16:00:00,581,03/01/2025 16:00:00,90.56,,,03/01/2025 16:00:00,778.17,03/01/2025 16:00:00,174.05,03/01/2025 16:00:00,75.73,16/01/2025 16:00:00,1.89,03/01/2025 16:00:00,225.98,03/01/2025 16:00:00,73.92,03/01/2025 16:00:00,92.19,03/01/2025 16:00:00,137.69,03/01/2025 16:00:00,80.5,03/01/2025 16:00:00,914.33,03/01/2025 16:00:00,82.27,,,03/01/2025 16:00:00,350,03/01/2025 16:00:00,32.83,06/01/2025 16:00:00,124.13,03/01/2025 16:00:00,230.08,03/01/2025 16:00:00,82.17,03/01/2025 16:00:00,9.69,03/01/2025 16:00:00,39.65,06/06/2025 16:00:00,0.01,06/01/2025 16:00:00,92.04,03/01/2025 16:00:00,38,03/01/2025 16:00:00,149.73,06/01/2025 16:00:00,23.81,03/01/2025 16:00:00,188.93,03/01/2025 16:00:00,37.96,03/01/2025 16:00:00,14.8,03/01/2025 16:00:00,121.55,,,03/01/2025 16:00:00,130.63,03/01/2025 16:00:00,27.85,03/01/2025 16:00:00,180,06/01/2025 16:00:00,29.47,03/01/2025 16:00:00,12.9,03/01/2025 16:00:00,192.15,03/01/2025 16:00:00,419.83,03/01/2025 16:00:00,248.12,06/01/2025 16:00:00,1025.65,,,,,03/01/2025 16:00:00,54.77,06/01/2025 16:00:00,103.05,03/01/2025 16:00:00,133.66,06/01/2025 16:00:00,107.35,03/01/2025 16:00:00,125.62,03/01/2025 16:00:00,71.92
06/01/2025 16:00:00,244.31,06/01/2025 16:00:00,108.24,06/01/2025 16:00:00,428,06/01/2025 16:00:00,90.83,06/01/2025 16:00:00,223,06/01/2025 16:00:00,148.4,06/01/2025 16:00:00,173.15,06/01/2025 16:00:00,22.76,06/01/2025 16:00:00,195.15,07/01/2025 16:00:00,143.76,06/01/2025 16:00:00,162.81,06/01/2025 16:00:00,26.71,06/01/2025 16:00:00,71.93,06/01/2025 16:00:00,61.5,06/01/2025 16:00:00,122.11,06/01/2025 16:00:00,167.31,06/01/2025 16:00:00,243.7,06/01/2025 16:00:00,98.77,06/01/2025 16:00:00,20.83,06/01/2025 16:00:00,40.29,06/01/2025 16:00:00,149.6,06/01/2025 16:00:00,159.33,06/01/2025 16:00:00,226.78,06/01/2025 16:00:00,113.51,06/01/2025 16:00:00,38.9,06/01/2025 16:00:00,58.91,06/01/2025 16:00:00,37.34,07/01/2025 16:00:00,293.78,06/01/2025 16:00:00,111.47,06/01/2025 16:00:00,315.01,06/01/2025 16:00:00,72.23,06/01/2025 16:00:00,45.16,06/01/2025 16:00:00,390.5,07/01/2025 16:00:00,50.99,06/01/2025 16:00:00,124.7,,,13/01/2025 17:36:00,47.58,06/01/2025 16:00:00,53.06,06/01/2025 16:00:00,101.55,06/01/2025 16:00:00,130.82,06/01/2025 16:00:00,259.05,06/01/2025 16:00:00,304.32,06/01/2025 16:00:00,49.21,06/01/2025 16:00:00,73.07,06/01/2025 16:00:00,367,06/01/2025 16:00:00,232.21,07/01/2025 16:00:00,46.32,06/01/2025 16:00:00,62.01,06/01/2025 16:00:00,26.73,06/01/2025 16:00:00,27.54,06/01/2025 16:00:00,173.5,06/01/2025 16:00:00,513,06/01/2025 16:00:00,56.31,06/01/2025 16:00:00,520.97,06/01/2025 16:00:00,584.98,06/01/2025 16:00:00,89.66,,,06/01/2025 16:00:00,783.72,06/01/2025 16:00:00,175.16,06/01/2025 16:00:00,75.28,17/01/2025 16:00:00,1.89,06/01/2025 16:00:00,224.68,06/01/2025 16:00:00,73.75,06/01/2025 16:00:00,90.75,06/01/2025 16:00:00,137.02,06/01/2025 16:00:00,80.52,06/01/2025 16:00:00,917.98,06/01/2025 16:00:00,82.03,,,06/01/2025 16:00:00,352.81,06/01/2025 16:00:00,33.53,07/01/2025 16:00:00,122.57,06/01/2025 16:00:00,234.15,06/01/2025 16:00:00,82.57,06/01/2025 16:00:00,10.06,06/01/2025 16:00:00,39.8,10/06/2025 16:00:00,0.01,07/01/2025 16:00:00,92.78,06/01/2025 16:00:00,38.83,06/01/2025 16:00:00,151.93,07/01/2025 16:00:00,23.81,06/01/2025 16:00:00,190.25,06/01/2025 16:00:00,37.76,06/01/2025 16:00:00,14.85,06/01/2025 16:00:00,120.74,,,06/01/2025 16:00:00,129.71,06/01/2025 16:00:00,27.67,06/01/2025 16:00:00,184.98,07/01/2025 16:00:00,29.72,06/01/2025 16:00:00,12.94,06/01/2025 16:00:00,197.7,06/01/2025 16:00:00,424,06/01/2025 16:00:00,248.74,07/01/2025 16:00:00,1011,,,,,06/01/2025 16:00:00,55.12,07/01/2025 16:00:00,101.98,06/01/2025 16:00:00,133.3,07/01/2025 16:00:00,106.68,06/01/2025 16:00:00,127,06/01/2025 16:00:00,71.8
07/01/2025 16:00:00,242.98,07/01/2025 16:00:00,108.94,07/01/2025 16:00:00,429,07/01/2025 16:00:00,91.7,07/01/2025 16:00:00,223.35,07/01/2025 16:00:00,148.51,07/01/2025 16:00:00,172.22,07/01/2025 16:00:00,22.54,07/01/2025 16:00:00,198.27,08/01/2025 16:00:00,145.49,07/01/2025 16:00:00,161.46,07/01/2025 16:00:00,27.01,07/01/2025 16:00:00,72.97,07/01/2025 16:00:00,61.11,07/01/2025 16:00:00,120.99,07/01/2025 16:00:00,165.58,07/01/2025 16:00:00,242.14,07/01/2025 16:00:00,100.13,07/01/2025 16:00:00,20.02,07/01/2025 16:00:00,39.71,07/01/2025 16:00:00,146.46,07/01/2025 16:00:00,162,07/01/2025 16:00:00,227.9,07/01/2025 16:00:00,113.37,07/01/2025 16:00:00,39.19,07/01/2025 16:00:00,58.97,07/01/2025 16:00:00,37.44,08/01/2025 16:00:00,288.97,07/01/2025 16:00:00,112.15,07/01/2025 16:00:00,312.89,07/01/2025 16:00:00,73.9,07/01/2025 16:00:00,46.28,07/01/2025 16:00:00,390.9,08/01/2025 16:00:00,51,07/01/2025 16:00:00,125.18,,,14/01/2025 17:36:00,48.44,07/01/2025 16:00:00,52.29,07/01/2025 16:00:00,100.5,07/01/2025 16:00:00,130.09,07/01/2025 16:00:00,260.22,07/01/2025 16:00:00,304,07/01/2025 16:00:00,49.31,07/01/2025 16:00:00,72.78,07/01/2025 16:00:00,364.13,07/01/2025 16:00:00,231,08/01/2025 16:00:00,45.65,07/01/2025 16:00:00,63.64,07/01/2025 16:00:00,26.68,07/01/2025 16:00:00,27.6,07/01/2025 16:00:00,171.17,07/01/2025 16:00:00,518.85,07/01/2025 16:00:00,56.68,07/01/2025 16:00:00,513.68,07/01/2025 16:00:00,587.11,07/01/2025 16:00:00,87.94,,,07/01/2025 16:00:00,764.9,07/01/2025 16:00:00,174.81,07/01/2025 16:00:00,75.5,20/01/2025 16:00:00,1.92,07/01/2025 16:00:00,221.5,07/01/2025 16:00:00,72.4,07/01/2025 16:00:00,90.89,07/01/2025 16:00:00,139.93,07/01/2025 16:00:00,80.37,07/01/2025 16:00:00,923.84,07/01/2025 16:00:00,81.11,,,07/01/2025 16:00:00,355.35,07/01/2025 16:00:00,34.02,08/01/2025 16:00:00,120.5,07/01/2025 16:00:00,238,07/01/2025 16:00:00,82.5,07/01/2025 16:00:00,9.95,07/01/2025 16:00:00,39.5,11/06/2025 16:00:00,0.01,08/01/2025 16:00:00,92.97,07/01/2025 16:00:00,38.83,07/01/2025 16:00:00,153.11,08/01/2025 16:00:00,23.5,07/01/2025 16:00:00,193.82,07/01/2025 16:00:00,37.91,07/01/2025 16:00:00,14.91,07/01/2025 16:00:00,121.09,,,07/01/2025 16:00:00,126.72,07/01/2025 16:00:00,27.8,07/01/2025 16:00:00,184.98,08/01/2025 16:00:00,29.55,07/01/2025 16:00:00,13.5,07/01/2025 16:00:00,195.92,07/01/2025 16:00:00,417.85,07/01/2025 16:00:00,250.13,08/01/2025 16:00:00,980.24,,,,,07/01/2025 16:00:00,53.8,08/01/2025 16:00:00,103.01,07/01/2025 16:00:00,130.07,08/01/2025 16:00:00,106.56,07/01/2025 16:00:00,126.98,07/01/2025 16:00:00,71.46
08/01/2025 16:00:00,241.92,08/01/2025 16:00:00,107.31,08/01/2025 16:00:00,423.46,08/01/2025 16:00:00,91.11,08/01/2025 16:00:00,223.91,08/01/2025 16:00:00,148.04,08/01/2025 16:00:00,172,08/01/2025 16:00:00,22.13,08/01/2025 16:00:00,193.95,10/01/2025 16:00:00,141,08/01/2025 16:00:00,160.99,08/01/2025 16:00:00,27.05,08/01/2025 16:00:00,71.51,08/01/2025 16:00:00,60.99,08/01/2025 16:00:00,120.86,08/01/2025 16:00:00,162.18,08/01/2025 16:00:00,242.75,08/01/2025 16:00:00,100.7,08/01/2025 16:00:00,19.83,08/01/2025 16:00:00,38.91,08/01/2025 16:00:00,145.4,08/01/2025 16:00:00,160.05,08/01/2025 16:00:00,223.19,08/01/2025 16:00:00,113.54,08/01/2025 16:00:00,38.72,08/01/2025 16:00:00,58.89,08/01/2025 16:00:00,36.78,10/01/2025 16:00:00,287.41,08/01/2025 16:00:00,111,08/01/2025 16:00:00,311,08/01/2025 16:00:00,73.45,08/01/2025 16:00:00,45.9,08/01/2025 16:00:00,383,10/01/2025 16:00:00,52.2,08/01/2025 16:00:00,125.91,,,15/01/2025 17:36:00,49.13,08/01/2025 16:00:00,51.4,08/01/2025 16:00:00,101,08/01/2025 16:00:00,132.03,08/01/2025 16:00:00,261.97,08/01/2025 16:00:00,301.9,08/01/2025 16:00:00,48.66,08/01/2025 16:00:00,71.86,08/01/2025 16:00:00,362.45,08/01/2025 16:00:00,229.64,10/01/2025 16:00:00,46.44,08/01/2025 16:00:00,67.9,08/01/2025 16:00:00,26.11,08/01/2025 16:00:00,27.6,08/01/2025 16:00:00,171.15,08/01/2025 16:00:00,514.5,08/01/2025 16:00:00,56.98,08/01/2025 16:00:00,512.04,08/01/2025 16:00:00,581.04,08/01/2025 16:00:00,87.11,,,08/01/2025 16:00:00,773.83,08/01/2025 16:00:00,173.82,08/01/2025 16:00:00,74.81,21/01/2025 16:00:00,1.95,08/01/2025 16:00:00,220.09,08/01/2025 16:00:00,71.56,08/01/2025 16:00:00,90.68,08/01/2025 16:00:00,139,08/01/2025 16:00:00,80.41,08/01/2025 16:00:00,922.98,08/01/2025 16:00:00,81.52,,,08/01/2025 16:00:00,361,08/01/2025 16:00:00,33.5,10/01/2025 16:00:00,118.18,08/01/2025 16:00:00,238.61,08/01/2025 16:00:00,81.97,08/01/2025 16:00:00,9.74,08/01/2025 16:00:00,39.05,12/06/2025 16:00:00,0.01,10/01/2025 16:00:00,92.19,08/01/2025 16:00:00,38.76,08/01/2025 16:00:00,152.27,10/01/2025 16:00:00,24.25,08/01/2025 16:00:00,191.8,08/01/2025 16:00:00,37.48,08/01/2025 16:00:00,14.73,08/01/2025 16:00:00,120.17,,,08/01/2025 16:00:00,126.65,08/01/2025 16:00:00,27.46,08/01/2025 16:00:00,180.45,10/01/2025 16:00:00,29.28,08/01/2025 16:00:00,13.11,08/01/2025 16:00:00,194.66,08/01/2025 16:00:00,411.08,08/01/2025 16:00:00,245.44,10/01/2025 16:00:00,978.95,,,,,08/01/2025 16:00:00,53.9,10/01/2025 16:00:00,102.17,08/01/2025 16:00:00,127.79,10/01/2025 16:00:00,107.47,08/01/2025 16:00:00,127.74,08/01/2025 16:00:00,70.02
10/01/2025 16:00:00,240.01,10/01/2025 16:00:00,108.7,10/01/2025 16:00:00,424.63,10/01/2025 16:00:00,92.5,10/01/2025 16:00:00,222,10/01/2025 16:00:00,153.41,10/01/2025 16:00:00,172.3,10/01/2025 16:00:00,21.88,10/01/2025 16:00:00,195.42,13/01/2025 16:00:00,142.98,10/01/2025 16:00:00,160.3,10/01/2025 16:00:00,26.87,10/01/2025 16:00:00,70.9,10/01/2025 16:00:00,61.58,10/01/2025 16:00:00,119.96,10/01/2025 16:00:00,159.2,10/01/2025 16:00:00,243.44,10/01/2025 16:00:00,99.21,10/01/2025 16:00:00,19.66,10/01/2025 16:00:00,38.18,10/01/2025 16:00:00,145,10/01/2025 16:00:00,157.7,10/01/2025 16:00:00,221.46,10/01/2025 16:00:00,113.77,10/01/2025 16:00:00,39.57,10/01/2025 16:00:00,58.79,10/01/2025 16:00:00,36.79,13/01/2025 16:00:00,282.94,10/01/2025 16:00:00,110,10/01/2025 16:00:00,311.46,10/01/2025 16:00:00,72.46,10/01/2025 16:00:00,46,10/01/2025 16:00:00,390,13/01/2025 16:00:00,51.54,10/01/2025 16:00:00,125.01,,,16/01/2025 17:36:00,48.53,10/01/2025 16:00:00,51.15,10/01/2025 16:00:00,103.44,10/01/2025 16:00:00,133.88,10/01/2025 16:00:00,260.79,10/01/2025 16:00:00,300.43,10/01/2025 16:00:00,47.87,10/01/2025 16:00:00,69.4,10/01/2025 16:00:00,357.83,10/01/2025 16:00:00,228.5,13/01/2025 16:00:00,50.35,10/01/2025 16:00:00,68.71,10/01/2025 16:00:00,25.43,10/01/2025 16:00:00,27.36,10/01/2025 16:00:00,171.3,10/01/2025 16:00:00,526.64,10/01/2025 16:00:00,56.3,10/01/2025 16:00:00,512.12,10/01/2025 16:00:00,575.89,10/01/2025 16:00:00,86.51,,,10/01/2025 16:00:00,791.93,10/01/2025 16:00:00,172.74,10/01/2025 16:00:00,73.64,22/01/2025 16:00:00,1.83,10/01/2025 16:00:00,219.97,10/01/2025 16:00:00,71.86,10/01/2025 16:00:00,90.19,10/01/2025 16:00:00,138.69,10/01/2025 16:00:00,81.53,10/01/2025 16:00:00,933.36,10/01/2025 16:00:00,82.35,,,10/01/2025 16:00:00,355.67,10/01/2025 16:00:00,33.1,13/01/2025 16:00:00,116.73,10/01/2025 16:00:00,235.55,10/01/2025 16:00:00,82.32,10/01/2025 16:00:00,9.67,10/01/2025 16:00:00,38.72,13/06/2025 16:00:00,0.01,13/01/2025 16:00:00,92.27,10/01/2025 16:00:00,40.5,10/01/2025 16:00:00,149.18,13/01/2025 16:00:00,24.03,10/01/2025 16:00:00,192.91,10/01/2025 16:00:00,38.05,10/01/2025 16:00:00,14.95,10/01/2025 16:00:00,121.34,,,10/01/2025 16:00:00,125.23,10/01/2025 16:00:00,27.48,10/01/2025 16:00:00,178.5,13/01/2025 16:00:00,29.48,10/01/2025 16:00:00,13.06,10/01/2025 16:00:00,192.71,10/01/2025 16:00:00,403.94,10/01/2025 16:00:00,247,13/01/2025 16:00:00,946.25,,,,,10/01/2025 16:00:00,54.2,13/01/2025 16:00:00,100.96,10/01/2025 16:00:00,125.82,13/01/2025 16:00:00,106.47,10/01/2025 16:00:00,131.28,10/01/2025 16:00:00,70
13/01/2025 16:00:00,233.53,13/01/2025 16:00:00,107.13,13/01/2025 16:00:00,415.24,13/01/2025 16:00:00,92.12,13/01/2025 16:00:00,217.89,13/01/2025 16:00:00,154.1,13/01/2025 16:00:00,169.51,13/01/2025 16:00:00,21.63,13/01/2025 16:00:00,191.35,14/01/2025 16:00:00,144.5,13/01/2025 16:00:00,159.35,13/01/2025 16:00:00,26.65,13/01/2025 16:00:00,69.9,13/01/2025 16:00:00,61.13,13/01/2025 16:00:00,117,13/01/2025 16:00:00,153.74,13/01/2025 16:00:00,239.67,13/01/2025 16:00:00,99.46,13/01/2025 16:00:00,18.92,13/01/2025 16:00:00,37.94,13/01/2025 16:00:00,142.79,13/01/2025 16:00:00,155.22,13/01/2025 16:00:00,218.06,13/01/2025 16:00:00,112.6,13/01/2025 16:00:00,38.81,13/01/2025 16:00:00,58.92,13/01/2025 16:00:00,36.51,14/01/2025 16:00:00,285.02,13/01/2025 16:00:00,107.93,13/01/2025 16:00:00,305,13/01/2025 16:00:00,70.98,13/01/2025 16:00:00,45.1,13/01/2025 16:00:00,389.99,14/01/2025 16:00:00,52.44,13/01/2025 16:00:00,123.34,,,17/01/2025 17:36:00,48.46,13/01/2025 16:00:00,51.06,13/01/2025 16:00:00,102.02,13/01/2025 16:00:00,130.73,13/01/2025 16:00:00,262.11,13/01/2025 16:00:00,292.52,13/01/2025 16:00:00,47.54,13/01/2025 16:00:00,70.05,13/01/2025 16:00:00,352.96,13/01/2025 16:00:00,223.73,14/01/2025 16:00:00,51.5,13/01/2025 16:00:00,64.5,13/01/2025 16:00:00,25.21,13/01/2025 16:00:00,26.95,13/01/2025 16:00:00,171.18,13/01/2025 16:00:00,535.04,13/01/2025 16:00:00,55.68,13/01/2025 16:00:00,501,13/01/2025 16:00:00,557.88,13/01/2025 16:00:00,86.67,,,13/01/2025 16:00:00,794.4,13/01/2025 16:00:00,170.64,13/01/2025 16:00:00,72.78,23/01/2025 16:00:00,1.74,13/01/2025 16:00:00,217.67,13/01/2025 16:00:00,71.17,13/01/2025 16:00:00,90.3,13/01/2025 16:00:00,140.53,13/01/2025 16:00:00,80.91,13/01/2025 16:00:00,934,13/01/2025 16:00:00,81.74,,,13/01/2025 16:00:00,345.13,13/01/2025 16:00:00,33.09,14/01/2025 16:00:00,119.41,13/01/2025 16:00:00,235.05,13/01/2025 16:00:00,80.04,13/01/2025 16:00:00,9.66,13/01/2025 16:00:00,38.55,16/06/2025 16:00:00,0.01,14/01/2025 16:00:00,94.01,13/01/2025 16:00:00,38.65,13/01/2025 16:00:00,148.92,14/01/2025 16:00:00,24.22,13/01/2025 16:00:00,189.83,13/01/2025 16:00:00,37.56,13/01/2025 16:00:00,14.56,13/01/2025 16:00:00,120.06,,,13/01/2025 16:00:00,125.27,13/01/2025 16:00:00,27.13,13/01/2025 16:00:00,175.48,14/01/2025 16:00:00,30.65,13/01/2025 16:00:00,12.76,13/01/2025 16:00:00,189.32,13/01/2025 16:00:00,408.01,13/01/2025 16:00:00,248.08,14/01/2025 16:00:00,964.32,,,,,13/01/2025 16:00:00,53.44,14/01/2025 16:00:00,102.79,13/01/2025 16:00:00,122.8,14/01/2025 16:00:00,106.16,13/01/2025 16:00:00,131.91,13/01/2025 16:00:00,67.22
14/01/2025 16:00:00,234.75,14/01/2025 16:00:00,108.79,14/01/2025 16:00:00,417.81,14/01/2025 16:00:00,91.86,14/01/2025 16:00:00,218,14/01/2025 16:00:00,155.21,14/01/2025 16:00:00,173.11,14/01/2025 16:00:00,21.52,14/01/2025 16:00:00,192.5,15/01/2025 16:00:00,145.31,14/01/2025 16:00:00,158.85,14/01/2025 16:00:00,26.81,14/01/2025 16:00:00,71.46,14/01/2025 16:00:00,61.66,14/01/2025 16:00:00,117.78,14/01/2025 16:00:00,156.42,14/01/2025 16:00:00,242.66,14/01/2025 16:00:00,101.26,14/01/2025 16:00:00,19.36,14/01/2025 16:00:00,38.33,14/01/2025 16:00:00,144.19,14/01/2025 16:00:00,160.14,14/01/2025 16:00:00,220.44,14/01/2025 16:00:00,113.56,14/01/2025 16:00:00,39.58,14/01/2025 16:00:00,58.97,14/01/2025 16:00:00,36.63,15/01/2025 16:00:00,284.33,14/01/2025 16:00:00,108.68,14/01/2025 16:00:00,308.75,14/01/2025 16:00:00,73.32,14/01/2025 16:00:00,45.6,14/01/2025 16:00:00,390.59,15/01/2025 16:00:00,52.22,14/01/2025 16:00:00,125.37,,,20/01/2025 17:36:00,48.69,14/01/2025 16:00:00,50.96,14/01/2025 16:00:00,103.38,14/01/2025 16:00:00,134.62,14/01/2025 16:00:00,271.61,14/01/2025 16:00:00,299.6,14/01/2025 16:00:00,48.81,14/01/2025 16:00:00,70.84,14/01/2025 16:00:00,365.49,14/01/2025 16:00:00,228.83,15/01/2025 16:00:00,51.81,14/01/2025 16:00:00,65.65,14/01/2025 16:00:00,25.51,14/01/2025 16:00:00,27.59,14/01/2025 16:00:00,171.37,14/01/2025 16:00:00,539.65,14/01/2025 16:00:00,55.5,14/01/2025 16:00:00,507.07,14/01/2025 16:00:00,569.66,14/01/2025 16:00:00,87.21,,,14/01/2025 16:00:00,784.23,14/01/2025 16:00:00,173.64,14/01/2025 16:00:00,74.8,24/01/2025 16:00:00,1.74,14/01/2025 16:00:00,220.34,14/01/2025 16:00:00,72.07,14/01/2025 16:00:00,90.59,14/01/2025 16:00:00,140.22,14/01/2025 16:00:00,83.39,14/01/2025 16:00:00,924.3,14/01/2025 16:00:00,82,,,14/01/2025 16:00:00,351.21,14/01/2025 16:00:00,32.9,15/01/2025 16:00:00,122.07,14/01/2025 16:00:00,241.17,14/01/2025 16:00:00,82,14/01/2025 16:00:00,9.78,14/01/2025 16:00:00,39.92,17/06/2025 16:00:00,0.01,15/01/2025 16:00:00,94.1,14/01/2025 16:00:00,39.71,14/01/2025 16:00:00,149.92,15/01/2025 16:00:00,25.07,14/01/2025 16:00:00,191.54,14/01/2025 16:00:00,37.63,14/01/2025 16:00:00,14.75,14/01/2025 16:00:00,120.5,,,14/01/2025 16:00:00,125.53,14/01/2025 16:00:00,27.7,14/01/2025 16:00:00,182.45,15/01/2025 16:00:00,30.81,14/01/2025 16:00:00,12.8,14/01/2025 16:00:00,194.18,14/01/2025 16:00:00,430.7,14/01/2025 16:00:00,250.01,15/01/2025 16:00:00,1019.77,,,,,14/01/2025 16:00:00,53.57,15/01/2025 16:00:00,105.18,14/01/2025 16:00:00,124.28,15/01/2025 16:00:00,108.1,14/01/2025 16:00:00,133.72,14/01/2025 16:00:00,66.98
15/01/2025 16:00:00,234.64,15/01/2025 16:00:00,110.05,15/01/2025 16:00:00,419.13,15/01/2025 16:00:00,91.07,15/01/2025 16:00:00,220.87,15/01/2025 16:00:00,156.88,15/01/2025 16:00:00,179.07,15/01/2025 16:00:00,21.98,15/01/2025 16:00:00,194.35,16/01/2025 16:00:00,144.32,15/01/2025 16:00:00,160.59,15/01/2025 16:00:00,26.52,15/01/2025 16:00:00,75.36,15/01/2025 16:00:00,62.33,15/01/2025 16:00:00,118.05,15/01/2025 16:00:00,158.67,15/01/2025 16:00:00,250.4,15/01/2025 16:00:00,100.1,15/01/2025 16:00:00,19.4,15/01/2025 16:00:00,38.3,15/01/2025 16:00:00,145.49,15/01/2025 16:00:00,162.1,15/01/2025 16:00:00,222.83,15/01/2025 16:00:00,112.15,15/01/2025 16:00:00,40,15/01/2025 16:00:00,59.86,15/01/2025 16:00:00,36.77,16/01/2025 16:00:00,280.24,15/01/2025 16:00:00,109.17,15/01/2025 16:00:00,313.68,15/01/2025 16:00:00,76.2,15/01/2025 16:00:00,47.12,15/01/2025 16:00:00,406.65,16/01/2025 16:00:00,52.3,15/01/2025 16:00:00,127.5,,,21/01/2025 17:36:00,48.76,15/01/2025 16:00:00,50.85,15/01/2025 16:00:00,105.02,15/01/2025 16:00:00,138.21,15/01/2025 16:00:00,269.33,15/01/2025 16:00:00,305,15/01/2025 16:00:00,50.45,15/01/2025 16:00:00,73.71,15/01/2025 16:00:00,379.14,15/01/2025 16:00:00,233,16/01/2025 16:00:00,51.43,15/01/2025 16:00:00,64.83,15/01/2025 16:00:00,25.78,15/01/2025 16:00:00,27.92,15/01/2025 16:00:00,169.01,15/01/2025 16:00:00,537.1,15/01/2025 16:00:00,56.13,15/01/2025 16:00:00,515.57,15/01/2025 16:00:00,598,15/01/2025 16:00:00,88.46,,,15/01/2025 16:00:00,749,15/01/2025 16:00:00,176.61,15/01/2025 16:00:00,76.4,27/01/2025 16:00:00,1.83,15/01/2025 16:00:00,219.78,15/01/2025 16:00:00,71.99,15/01/2025 16:00:00,91.35,15/01/2025 16:00:00,139.9,15/01/2025 16:00:00,83.92,15/01/2025 16:00:00,927.26,15/01/2025 16:00:00,82.9,,,15/01/2025 16:00:00,352.35,15/01/2025 16:00:00,33.37,16/01/2025 16:00:00,120.58,15/01/2025 16:00:00,238.98,15/01/2025 16:00:00,85.14,15/01/2025 16:00:00,9.97,15/01/2025 16:00:00,40.48,18/06/2025 16:00:00,0.01,16/01/2025 16:00:00,92.87,15/01/2025 16:00:00,40.45,15/01/2025 16:00:00,145.46,16/01/2025 16:00:00,25.27,15/01/2025 16:00:00,195.67,15/01/2025 16:00:00,38.3,15/01/2025 16:00:00,14.99,15/01/2025 16:00:00,120.34,,,15/01/2025 16:00:00,126.7,15/01/2025 16:00:00,28.43,15/01/2025 16:00:00,191.17,16/01/2025 16:00:00,30.19,15/01/2025 16:00:00,13.33,15/01/2025 16:00:00,199.39,15/01/2025 16:00:00,437.98,15/01/2025 16:00:00,257.83,16/01/2025 16:00:00,1016.54,,,,,15/01/2025 16:00:00,54.44,16/01/2025 16:00:00,104.91,15/01/2025 16:00:00,126.46,16/01/2025 16:00:00,106.1,15/01/2025 16:00:00,135.92,15/01/2025 16:00:00,69.27
16/01/2025 16:00:00,237.35,16/01/2025 16:00:00,111.19,16/01/2025 16:00:00,428.7,16/01/2025 16:00:00,91.5,16/01/2025 16:00:00,219.69,16/01/2025 16:00:00,158.03,16/01/2025 16:00:00,181.68,16/01/2025 16:00:00,22,16/01/2025 16:00:00,195.83,17/01/2025 16:00:00,147.44,16/01/2025 16:00:00,159.62,16/01/2025 16:00:00,26.07,16/01/2025 16:00:00,75.85,16/01/2025 16:00:00,61.42,16/01/2025 16:00:00,118.84,16/01/2025 16:00:00,160.15,16/01/2025 16:00:00,254,16/01/2025 16:00:00,100.44,16/01/2025 16:00:00,19.75,16/01/2025 16:00:00,38.13,16/01/2025 16:00:00,144.05,16/01/2025 16:00:00,165.35,16/01/2025 16:00:00,224.42,16/01/2025 16:00:00,111.02,16/01/2025 16:00:00,40.45,16/01/2025 16:00:00,60.18,16/01/2025 16:00:00,36.52,17/01/2025 16:00:00,280.98,16/01/2025 16:00:00,108.29,16/01/2025 16:00:00,315.75,16/01/2025 16:00:00,77.83,16/01/2025 16:00:00,47,16/01/2025 16:00:00,406.27,17/01/2025 16:00:00,52.15,16/01/2025 16:00:00,129.51,,,22/01/2025 17:36:00,48.61,16/01/2025 16:00:00,50.9,16/01/2025 16:00:00,105.19,16/01/2025 16:00:00,138.03,16/01/2025 16:00:00,268.92,16/01/2025 16:00:00,312.7,16/01/2025 16:00:00,47.89,16/01/2025 16:00:00,72.95,16/01/2025 16:00:00,376.31,16/01/2025 16:00:00,230.29,17/01/2025 16:00:00,52.23,16/01/2025 16:00:00,64.8,16/01/2025 16:00:00,26.04,16/01/2025 16:00:00,27.52,16/01/2025 16:00:00,166.79,16/01/2025 16:00:00,530.35,16/01/2025 16:00:00,55.84,16/01/2025 16:00:00,523.62,16/01/2025 16:00:00,609.99,16/01/2025 16:00:00,87.6,,,16/01/2025 16:00:00,747.5,16/01/2025 16:00:00,172.02,16/01/2025 16:00:00,76.5,28/01/2025 16:00:00,1.89,16/01/2025 16:00:00,220,16/01/2025 16:00:00,70.9,16/01/2025 16:00:00,92.26,16/01/2025 16:00:00,128.52,16/01/2025 16:00:00,85.43,16/01/2025 16:00:00,924.73,16/01/2025 16:00:00,82.1,,,16/01/2025 16:00:00,349.11,16/01/2025 16:00:00,32.72,17/01/2025 16:00:00,124.6,16/01/2025 16:00:00,237.72,16/01/2025 16:00:00,84.83,16/01/2025 16:00:00,9.91,16/01/2025 16:00:00,40.33,19/06/2025 16:00:00,0.01,17/01/2025 16:00:00,95.58,16/01/2025 16:00:00,40.19,16/01/2025 16:00:00,140.49,17/01/2025 16:00:00,25.27,16/01/2025 16:00:00,195.17,16/01/2025 16:00:00,37.96,16/01/2025 16:00:00,15.08,16/01/2025 16:00:00,119.55,,,16/01/2025 16:00:00,125.34,16/01/2025 16:00:00,28.7,16/01/2025 16:00:00,189.99,17/01/2025 16:00:00,31.01,16/01/2025 16:00:00,13.38,16/01/2025 16:00:00,185.5,16/01/2025 16:00:00,431.89,16/01/2025 16:00:00,256.8,17/01/2025 16:00:00,1000.9,,,,,16/01/2025 16:00:00,53.53,17/01/2025 16:00:00,105.94,16/01/2025 16:00:00,125.69,17/01/2025 16:00:00,108.73,16/01/2025 16:00:00,136.28,16/01/2025 16:00:00,68.96
17/01/2025 16:00:00,232.12,17/01/2025 16:00:00,111.03,17/01/2025 16:00:00,434.09,17/01/2025 16:00:00,92.07,17/01/2025 16:00:00,225.96,17/01/2025 16:00:00,159.13,17/01/2025 16:00:00,180.78,17/01/2025 16:00:00,22.09,17/01/2025 16:00:00,198.05,21/01/2025 16:00:00,147.56,17/01/2025 16:00:00,159.74,17/01/2025 16:00:00,26.4,17/01/2025 16:00:00,75.98,17/01/2025 16:00:00,62.31,17/01/2025 16:00:00,119.85,17/01/2025 16:00:00,161.77,17/01/2025 16:00:00,254.14,17/01/2025 16:00:00,100.47,17/01/2025 16:00:00,21.26,17/01/2025 16:00:00,38.42,17/01/2025 16:00:00,147.72,17/01/2025 16:00:00,165.38,17/01/2025 16:00:00,225.84,17/01/2025 16:00:00,113.62,17/01/2025 16:00:00,42.15,17/01/2025 16:00:00,60.76,17/01/2025 16:00:00,36.75,21/01/2025 16:00:00,280.5,17/01/2025 16:00:00,106.83,17/01/2025 16:00:00,317.5,17/01/2025 16:00:00,78.55,17/01/2025 16:00:00,46.61,17/01/2025 16:00:00,413.49,21/01/2025 16:00:00,51.45,17/01/2025 16:00:00,130.15,,,23/01/2025 17:36:00,48.89,17/01/2025 16:00:00,51.08,17/01/2025 16:00:00,105.8,17/01/2025 16:00:00,139.65,17/01/2025 16:00:00,276.97,17/01/2025 16:00:00,313.02,17/01/2025 16:00:00,48.78,17/01/2025 16:00:00,74.82,17/01/2025 16:00:00,384.7,17/01/2025 16:00:00,239.26,21/01/2025 16:00:00,52.95,17/01/2025 16:00:00,65.5,17/01/2025 16:00:00,26.21,17/01/2025 16:00:00,27.77,17/01/2025 16:00:00,169.8,17/01/2025 16:00:00,505.62,17/01/2025 16:00:00,56,17/01/2025 16:00:00,524.58,17/01/2025 16:00:00,617.8,17/01/2025 16:00:00,88.41,,,17/01/2025 16:00:00,747.83,17/01/2025 16:00:00,173.49,17/01/2025 16:00:00,77.26,29/01/2025 16:00:00,1.86,17/01/2025 16:00:00,226.84,17/01/2025 16:00:00,71.43,17/01/2025 16:00:00,92.01,17/01/2025 16:00:00,132.89,17/01/2025 16:00:00,87.25,17/01/2025 16:00:00,930,17/01/2025 16:00:00,83.68,,,17/01/2025 16:00:00,354.92,17/01/2025 16:00:00,32.72,21/01/2025 16:00:00,126.23,17/01/2025 16:00:00,242.17,17/01/2025 16:00:00,86.28,17/01/2025 16:00:00,10.08,17/01/2025 16:00:00,41.11,20/06/2025 16:00:00,0.01,21/01/2025 16:00:00,95.41,17/01/2025 16:00:00,40.09,17/01/2025 16:00:00,143.13,21/01/2025 16:00:00,23.99,17/01/2025 16:00:00,192.54,17/01/2025 16:00:00,39.6,17/01/2025 16:00:00,15.17,17/01/2025 16:00:00,122.58,,,17/01/2025 16:00:00,126.77,17/01/2025 16:00:00,29.39,17/01/2025 16:00:00,189,21/01/2025 16:00:00,31.21,17/01/2025 16:00:00,13.58,17/01/2025 16:00:00,198,17/01/2025 16:00:00,447.81,17/01/2025 16:00:00,259.96,21/01/2025 16:00:00,1015.5,,,,,17/01/2025 16:00:00,54.9,21/01/2025 16:00:00,105.76,17/01/2025 16:00:00,126.91,21/01/2025 16:00:00,109.91,17/01/2025 16:00:00,136.85,17/01/2025 16:00:00,71.09
21/01/2025 16:00:00,224,21/01/2025 16:00:00,112.05,21/01/2025 16:00:00,430.2,21/01/2025 16:00:00,92.48,21/01/2025 16:00:00,224.99,21/01/2025 16:00:00,161.15,21/01/2025 16:00:00,184.65,21/01/2025 16:00:00,22.21,21/01/2025 16:00:00,200.51,22/01/2025 16:00:00,144,21/01/2025 16:00:00,161.42,21/01/2025 16:00:00,26.45,21/01/2025 16:00:00,77.69,21/01/2025 16:00:00,62.9,21/01/2025 16:00:00,122.22,21/01/2025 16:00:00,163.87,21/01/2025 16:00:00,260.07,21/01/2025 16:00:00,98.08,21/01/2025 16:00:00,22.03,21/01/2025 16:00:00,38.87,21/01/2025 16:00:00,148.33,21/01/2025 16:00:00,166,21/01/2025 16:00:00,228.9,21/01/2025 16:00:00,114.25,21/01/2025 16:00:00,43.95,21/01/2025 16:00:00,60.47,21/01/2025 16:00:00,36.58,22/01/2025 16:00:00,283.3,21/01/2025 16:00:00,107.1,21/01/2025 16:00:00,320.31,21/01/2025 16:00:00,80.43,21/01/2025 16:00:00,46.62,21/01/2025 16:00:00,413,22/01/2025 16:00:00,50.4,21/01/2025 16:00:00,130.42,,,24/01/2025 17:36:00,48.47,21/01/2025 16:00:00,52.03,21/01/2025 16:00:00,104.56,21/01/2025 16:00:00,145.5,21/01/2025 16:00:00,272.14,21/01/2025 16:00:00,316.35,21/01/2025 16:00:00,48.65,21/01/2025 16:00:00,75.32,21/01/2025 16:00:00,391,21/01/2025 16:00:00,235.59,22/01/2025 16:00:00,52.75,21/01/2025 16:00:00,65.9,21/01/2025 16:00:00,26.33,21/01/2025 16:00:00,27.51,21/01/2025 16:00:00,172.4,21/01/2025 16:00:00,513.7,21/01/2025 16:00:00,56.63,21/01/2025 16:00:00,527.66,21/01/2025 16:00:00,616.81,21/01/2025 16:00:00,88.52,,,21/01/2025 16:00:00,731.27,21/01/2025 16:00:00,174,21/01/2025 16:00:00,78.04,30/01/2025 16:00:00,1.8,21/01/2025 16:00:00,223.37,21/01/2025 16:00:00,71.3,21/01/2025 16:00:00,92.06,21/01/2025 16:00:00,134.5,21/01/2025 16:00:00,88.25,21/01/2025 16:00:00,945.25,21/01/2025 16:00:00,84.17,,,21/01/2025 16:00:00,349,21/01/2025 16:00:00,32.42,22/01/2025 16:00:00,131.2,21/01/2025 16:00:00,239.61,21/01/2025 16:00:00,87.09,21/01/2025 16:00:00,10.3,21/01/2025 16:00:00,41.32,23/06/2025 16:00:00,0.01,22/01/2025 16:00:00,97.98,21/01/2025 16:00:00,40.76,21/01/2025 16:00:00,141,22/01/2025 16:00:00,23.17,21/01/2025 16:00:00,191.67,21/01/2025 16:00:00,39.95,21/01/2025 16:00:00,15.8,21/01/2025 16:00:00,123.68,,,21/01/2025 16:00:00,127.51,21/01/2025 16:00:00,30.2,21/01/2025 16:00:00,191.42,22/01/2025 16:00:00,31.29,21/01/2025 16:00:00,13.58,21/01/2025 16:00:00,199.38,21/01/2025 16:00:00,458.76,21/01/2025 16:00:00,263,22/01/2025 16:00:00,1012.48,,,,,21/01/2025 16:00:00,55.61,22/01/2025 16:00:00,106.33,21/01/2025 16:00:00,124.83,22/01/2025 16:00:00,110.55,21/01/2025 16:00:00,134.81,21/01/2025 16:00:00,71.3
22/01/2025 16:00:00,219.79,22/01/2025 16:00:00,111.2,22/01/2025 16:00:00,437.56,22/01/2025 16:00:00,93.77,22/01/2025 16:00:00,221.98,22/01/2025 16:00:00,157.68,22/01/2025 16:00:00,188.08,22/01/2025 16:00:00,22.38,22/01/2025 16:00:00,200.55,23/01/2025 16:00:00,145.44,22/01/2025 16:00:00,167.1,22/01/2025 16:00:00,26.51,22/01/2025 16:00:00,77.57,22/01/2025 16:00:00,62.12,22/01/2025 16:00:00,123.46,22/01/2025 16:00:00,191.51,22/01/2025 16:00:00,262.9,22/01/2025 16:00:00,95.96,22/01/2025 16:00:00,21.73,22/01/2025 16:00:00,38.89,22/01/2025 16:00:00,148.23,22/01/2025 16:00:00,168.32,22/01/2025 16:00:00,232.02,22/01/2025 16:00:00,114.13,22/01/2025 16:00:00,43.38,22/01/2025 16:00:00,61.04,22/01/2025 16:00:00,36.86,23/01/2025 16:00:00,280.75,22/01/2025 16:00:00,109.55,22/01/2025 16:00:00,324.77,22/01/2025 16:00:00,81.47,22/01/2025 16:00:00,46.6,22/01/2025 16:00:00,417.55,23/01/2025 16:00:00,50.4,22/01/2025 16:00:00,132.66,,,27/01/2025 17:36:00,48.61,22/01/2025 16:00:00,51.33,22/01/2025 16:00:00,104.28,22/01/2025 16:00:00,147.88,22/01/2025 16:00:00,272.66,22/01/2025 16:00:00,318.31,22/01/2025 16:00:00,48.99,22/01/2025 16:00:00,75.56,22/01/2025 16:00:00,398.68,22/01/2025 16:00:00,236.73,23/01/2025 16:00:00,53.52,22/01/2025 16:00:00,64.63,22/01/2025 16:00:00,26.34,22/01/2025 16:00:00,27.85,22/01/2025 16:00:00,175.29,22/01/2025 16:00:00,521.66,22/01/2025 16:00:00,56.49,22/01/2025 16:00:00,528,22/01/2025 16:00:00,633.44,22/01/2025 16:00:00,89.45,,,22/01/2025 16:00:00,745.58,22/01/2025 16:00:00,175.47,22/01/2025 16:00:00,78.24,31/01/2025 16:00:00,1.77,22/01/2025 16:00:00,224,22/01/2025 16:00:00,73.38,22/01/2025 16:00:00,92.63,22/01/2025 16:00:00,137.19,22/01/2025 16:00:00,88.24,22/01/2025 16:00:00,951.23,22/01/2025 16:00:00,84.28,,,22/01/2025 16:00:00,358.24,22/01/2025 16:00:00,33.04,23/01/2025 16:00:00,129.74,22/01/2025 16:00:00,243.44,22/01/2025 16:00:00,86.79,22/01/2025 16:00:00,10.25,22/01/2025 16:00:00,41.4,24/06/2025 16:00:00,0.01,23/01/2025 16:00:00,98,22/01/2025 16:00:00,40.44,22/01/2025 16:00:00,140.75,23/01/2025 16:00:00,23.63,22/01/2025 16:00:00,195.77,22/01/2025 16:00:00,40.22,22/01/2025 16:00:00,15.38,22/01/2025 16:00:00,123.41,,,22/01/2025 16:00:00,128.68,22/01/2025 16:00:00,29,22/01/2025 16:00:00,196.74,23/01/2025 16:00:00,31.92,22/01/2025 16:00:00,13.69,22/01/2025 16:00:00,197.47,22/01/2025 16:00:00,462.84,22/01/2025 16:00:00,262.55,23/01/2025 16:00:00,1003.96,,,,,22/01/2025 16:00:00,55.73,23/01/2025 16:00:00,104.44,22/01/2025 16:00:00,125.36,23/01/2025 16:00:00,109.3,22/01/2025 16:00:00,135.81,22/01/2025 16:00:00,70.56
23/01/2025 16:00:00,224.74,23/01/2025 16:00:00,110.31,23/01/2025 16:00:00,442,23/01/2025 16:00:00,92.96,23/01/2025 16:00:00,223.94,23/01/2025 16:00:00,157.63,23/01/2025 16:00:00,201.4,23/01/2025 16:00:00,22.34,23/01/2025 16:00:00,199.98,24/01/2025 16:00:00,146.81,23/01/2025 16:00:00,163.88,23/01/2025 16:00:00,26.01,23/01/2025 16:00:00,77.71,23/01/2025 16:00:00,61.8,23/01/2025 16:00:00,122.92,23/01/2025 16:00:00,181.64,23/01/2025 16:00:00,264.69,23/01/2025 16:00:00,96.11,23/01/2025 16:00:00,21.69,23/01/2025 16:00:00,39.24,23/01/2025 16:00:00,148.49,23/01/2025 16:00:00,170.38,23/01/2025 16:00:00,234.1,23/01/2025 16:00:00,118.13,23/01/2025 16:00:00,42.13,23/01/2025 16:00:00,61.8,23/01/2025 16:00:00,37.27,24/01/2025 16:00:00,284.51,23/01/2025 16:00:00,108.5,23/01/2025 16:00:00,323.76,23/01/2025 16:00:00,82,23/01/2025 16:00:00,46.05,23/01/2025 16:00:00,411.57,24/01/2025 16:00:00,50.45,23/01/2025 16:00:00,132.94,,,28/01/2025 17:36:00,48.42,23/01/2025 16:00:00,50.81,23/01/2025 16:00:00,104.11,23/01/2025 16:00:00,149.45,23/01/2025 16:00:00,273.44,23/01/2025 16:00:00,323.55,23/01/2025 16:00:00,48.74,23/01/2025 16:00:00,74.74,23/01/2025 16:00:00,397.37,23/01/2025 16:00:00,246.65,24/01/2025 16:00:00,53.59,23/01/2025 16:00:00,63.81,23/01/2025 16:00:00,26.27,23/01/2025 16:00:00,27.86,23/01/2025 16:00:00,174.01,23/01/2025 16:00:00,527.87,23/01/2025 16:00:00,57.14,23/01/2025 16:00:00,529.05,23/01/2025 16:00:00,634.92,23/01/2025 16:00:00,87.69,,,23/01/2025 16:00:00,747.66,23/01/2025 16:00:00,173.31,23/01/2025 16:00:00,77.72,03/02/2025 16:00:00,1.8,23/01/2025 16:00:00,223.45,23/01/2025 16:00:00,73.34,23/01/2025 16:00:00,93.03,23/01/2025 16:00:00,135.49,23/01/2025 16:00:00,87.87,23/01/2025 16:00:00,941.69,23/01/2025 16:00:00,82.52,,,23/01/2025 16:00:00,358.09,23/01/2025 16:00:00,33.08,24/01/2025 16:00:00,131.34,23/01/2025 16:00:00,244.93,23/01/2025 16:00:00,85.63,23/01/2025 16:00:00,10.05,23/01/2025 16:00:00,40.95,25/06/2025 16:00:00,0.01,24/01/2025 16:00:00,97.79,23/01/2025 16:00:00,38.11,23/01/2025 16:00:00,143.14,24/01/2025 16:00:00,23.58,23/01/2025 16:00:00,194.82,23/01/2025 16:00:00,39.39,23/01/2025 16:00:00,15.07,23/01/2025 16:00:00,122.5,,,23/01/2025 16:00:00,126,23/01/2025 16:00:00,28.9,23/01/2025 16:00:00,202.3,24/01/2025 16:00:00,32.31,23/01/2025 16:00:00,13.36,23/01/2025 16:00:00,195.71,23/01/2025 16:00:00,461.16,23/01/2025 16:00:00,257.8,24/01/2025 16:00:00,1013.14,,,,,23/01/2025 16:00:00,53.2,24/01/2025 16:00:00,104.34,23/01/2025 16:00:00,125.75,24/01/2025 16:00:00,108.85,23/01/2025 16:00:00,134.83,23/01/2025 16:00:00,68.85
24/01/2025 16:00:00,224.78,24/01/2025 16:00:00,110.24,24/01/2025 16:00:00,445.16,24/01/2025 16:00:00,93.54,24/01/2025 16:00:00,225.27,24/01/2025 16:00:00,156.46,24/01/2025 16:00:00,202.5,24/01/2025 16:00:00,22.55,24/01/2025 16:00:00,199.85,27/01/2025 16:00:00,148.25,24/01/2025 16:00:00,165.91,24/01/2025 16:00:00,26.02,24/01/2025 16:00:00,77,24/01/2025 16:00:00,61.72,24/01/2025 16:00:00,125.59,24/01/2025 16:00:00,188.64,24/01/2025 16:00:00,263.69,24/01/2025 16:00:00,96.79,24/01/2025 16:00:00,21.36,24/01/2025 16:00:00,40.11,24/01/2025 16:00:00,148.82,24/01/2025 16:00:00,175.1,24/01/2025 16:00:00,234.5,24/01/2025 16:00:00,122.59,24/01/2025 16:00:00,42.2,24/01/2025 16:00:00,62.06,24/01/2025 16:00:00,37.36,27/01/2025 16:00:00,286.61,24/01/2025 16:00:00,111.16,24/01/2025 16:00:00,328.02,24/01/2025 16:00:00,81.49,24/01/2025 16:00:00,46.23,24/01/2025 16:00:00,414.09,27/01/2025 16:00:00,49.21,24/01/2025 16:00:00,133.4,,,29/01/2025 17:36:00,49.29,24/01/2025 16:00:00,51.25,24/01/2025 16:00:00,104.51,24/01/2025 16:00:00,148.9,24/01/2025 16:00:00,276.26,24/01/2025 16:00:00,324.4,24/01/2025 16:00:00,48.17,24/01/2025 16:00:00,74.44,24/01/2025 16:00:00,405.73,24/01/2025 16:00:00,247.48,27/01/2025 16:00:00,55,24/01/2025 16:00:00,64.99,24/01/2025 16:00:00,26.46,24/01/2025 16:00:00,27.87,24/01/2025 16:00:00,176,24/01/2025 16:00:00,528.11,24/01/2025 16:00:00,59.11,24/01/2025 16:00:00,532.99,24/01/2025 16:00:00,630,24/01/2025 16:00:00,87.71,,,24/01/2025 16:00:00,761.95,24/01/2025 16:00:00,174.34,24/01/2025 16:00:00,78.43,04/02/2025 16:00:00,1.8,24/01/2025 16:00:00,225,24/01/2025 16:00:00,74.07,24/01/2025 16:00:00,92.36,24/01/2025 16:00:00,137.3,24/01/2025 16:00:00,89.11,24/01/2025 16:00:00,942.16,24/01/2025 16:00:00,82.09,,,24/01/2025 16:00:00,362.14,24/01/2025 16:00:00,33.51,27/01/2025 16:00:00,129,24/01/2025 16:00:00,245.6,24/01/2025 16:00:00,86.91,24/01/2025 16:00:00,10.16,24/01/2025 16:00:00,41.72,26/06/2025 16:00:00,0.01,27/01/2025 16:00:00,98.52,24/01/2025 16:00:00,38.73,24/01/2025 16:00:00,143.45,27/01/2025 16:00:00,23.46,24/01/2025 16:00:00,190,24/01/2025 16:00:00,39.2,24/01/2025 16:00:00,14.93,24/01/2025 16:00:00,122.57,,,24/01/2025 16:00:00,127.15,24/01/2025 16:00:00,28.2,24/01/2025 16:00:00,202.64,27/01/2025 16:00:00,32.76,24/01/2025 16:00:00,13.76,24/01/2025 16:00:00,196.17,24/01/2025 16:00:00,474.46,24/01/2025 16:00:00,260.9,27/01/2025 16:00:00,1010,,,,,24/01/2025 16:00:00,53,27/01/2025 16:00:00,105.79,24/01/2025 16:00:00,126.75,27/01/2025 16:00:00,111,24/01/2025 16:00:00,134.52,24/01/2025 16:00:00,68.1
27/01/2025 16:00:00,224.02,27/01/2025 16:00:00,109.01,27/01/2025 16:00:00,424.01,27/01/2025 16:00:00,95.99,27/01/2025 16:00:00,222.5,27/01/2025 16:00:00,156.33,27/01/2025 16:00:00,194.34,27/01/2025 16:00:00,23.5,27/01/2025 16:00:00,194.19,28/01/2025 16:00:00,152.66,27/01/2025 16:00:00,166.72,27/01/2025 16:00:00,26.24,27/01/2025 16:00:00,77.4,27/01/2025 16:00:00,62.87,27/01/2025 16:00:00,129.16,27/01/2025 16:00:00,168.9,27/01/2025 16:00:00,264.17,27/01/2025 16:00:00,96.63,27/01/2025 16:00:00,20.81,27/01/2025 16:00:00,40.08,27/01/2025 16:00:00,150.92,27/01/2025 16:00:00,172.1,27/01/2025 16:00:00,226.21,27/01/2025 16:00:00,126.73,27/01/2025 16:00:00,42.19,27/01/2025 16:00:00,61.39,27/01/2025 16:00:00,37.57,28/01/2025 16:00:00,292.4,27/01/2025 16:00:00,111.68,27/01/2025 16:00:00,329.96,27/01/2025 16:00:00,80.75,27/01/2025 16:00:00,46.55,27/01/2025 16:00:00,414.75,28/01/2025 16:00:00,49.79,27/01/2025 16:00:00,133.9,,,30/01/2025 17:36:00,49.74,27/01/2025 16:00:00,52.42,27/01/2025 16:00:00,102.45,27/01/2025 16:00:00,149,27/01/2025 16:00:00,277.37,27/01/2025 16:00:00,318,27/01/2025 16:00:00,49.15,27/01/2025 16:00:00,73.9,27/01/2025 16:00:00,397,27/01/2025 16:00:00,250.63,28/01/2025 16:00:00,56.06,27/01/2025 16:00:00,64.68,27/01/2025 16:00:00,25.87,27/01/2025 16:00:00,28.03,27/01/2025 16:00:00,175.55,27/01/2025 16:00:00,539.98,27/01/2025 16:00:00,60.08,27/01/2025 16:00:00,534,27/01/2025 16:00:00,625.01,27/01/2025 16:00:00,89.21,,,27/01/2025 16:00:00,780.91,27/01/2025 16:00:00,174.62,27/01/2025 16:00:00,77,05/02/2025 16:00:00,1.83,27/01/2025 16:00:00,220.25,27/01/2025 16:00:00,73.45,27/01/2025 16:00:00,93.1,27/01/2025 16:00:00,137.95,27/01/2025 16:00:00,90.66,27/01/2025 16:00:00,930,27/01/2025 16:00:00,83.91,,,27/01/2025 16:00:00,359.98,27/01/2025 16:00:00,32.61,28/01/2025 16:00:00,129.61,27/01/2025 16:00:00,247.52,27/01/2025 16:00:00,86.23,27/01/2025 16:00:00,10.11,27/01/2025 16:00:00,41.74,27/06/2025 16:00:00,0.01,28/01/2025 16:00:00,98.94,27/01/2025 16:00:00,37.22,27/01/2025 16:00:00,146.55,28/01/2025 16:00:00,23.5,27/01/2025 16:00:00,185.75,27/01/2025 16:00:00,39.8,27/01/2025 16:00:00,14.8,27/01/2025 16:00:00,123.04,,,27/01/2025 16:00:00,130.32,27/01/2025 16:00:00,27.86,27/01/2025 16:00:00,203.06,28/01/2025 16:00:00,33.24,27/01/2025 16:00:00,13.64,27/01/2025 16:00:00,200.22,27/01/2025 16:00:00,480,27/01/2025 16:00:00,263.13,28/01/2025 16:00:00,1029.68,,,,,27/01/2025 16:00:00,53.9,28/01/2025 16:00:00,107.81,27/01/2025 16:00:00,128.78,28/01/2025 16:00:00,112.38,27/01/2025 16:00:00,132.02,27/01/2025 16:00:00,73.25
28/01/2025 16:00:00,230.85,28/01/2025 16:00:00,110.41,28/01/2025 16:00:00,434.6,28/01/2025 16:00:00,97.23,28/01/2025 16:00:00,224.32,28/01/2025 16:00:00,157.71,28/01/2025 16:00:00,195.3,28/01/2025 16:00:00,24.06,28/01/2025 16:00:00,194.65,29/01/2025 16:00:00,150.5,28/01/2025 16:00:00,168.91,28/01/2025 16:00:00,26.78,28/01/2025 16:00:00,77.87,28/01/2025 16:00:00,63.51,28/01/2025 16:00:00,129.39,28/01/2025 16:00:00,162.99,28/01/2025 16:00:00,265.85,28/01/2025 16:00:00,97.35,28/01/2025 16:00:00,20.34,28/01/2025 16:00:00,40.6,28/01/2025 16:00:00,154.15,28/01/2025 16:00:00,170.22,28/01/2025 16:00:00,234.29,28/01/2025 16:00:00,129.75,28/01/2025 16:00:00,42.55,28/01/2025 16:00:00,59.02,28/01/2025 16:00:00,37.95,29/01/2025 16:00:00,291.38,28/01/2025 16:00:00,112.85,28/01/2025 16:00:00,334.67,28/01/2025 16:00:00,81.22,28/01/2025 16:00:00,47.08,28/01/2025 16:00:00,423.24,29/01/2025 16:00:00,48.74,28/01/2025 16:00:00,135.76,,,31/01/2025 17:36:00,49.14,28/01/2025 16:00:00,53.39,28/01/2025 16:00:00,102.89,28/01/2025 16:00:00,151.32,28/01/2025 16:00:00,280.13,28/01/2025 16:00:00,316.64,28/01/2025 16:00:00,49.6,28/01/2025 16:00:00,76.23,28/01/2025 16:00:00,394.04,28/01/2025 16:00:00,254,29/01/2025 16:00:00,57.49,28/01/2025 16:00:00,66.51,28/01/2025 16:00:00,25.79,28/01/2025 16:00:00,28.44,28/01/2025 16:00:00,181.31,28/01/2025 16:00:00,543.01,28/01/2025 16:00:00,60.28,28/01/2025 16:00:00,546.54,28/01/2025 16:00:00,632.2,28/01/2025 16:00:00,90.75,,,28/01/2025 16:00:00,807.24,28/01/2025 16:00:00,175.9,28/01/2025 16:00:00,76.57,06/02/2025 16:00:00,1.83,28/01/2025 16:00:00,224.72,28/01/2025 16:00:00,75.33,28/01/2025 16:00:00,95,28/01/2025 16:00:00,143,28/01/2025 16:00:00,92.46,28/01/2025 16:00:00,961.83,28/01/2025 16:00:00,86.14,,,28/01/2025 16:00:00,372,28/01/2025 16:00:00,33.19,29/01/2025 16:00:00,130,28/01/2025 16:00:00,257.67,28/01/2025 16:00:00,86.95,28/01/2025 16:00:00,10.23,28/01/2025 16:00:00,42.01,30/06/2025 16:00:00,0.01,29/01/2025 16:00:00,102.7,28/01/2025 16:00:00,36.88,28/01/2025 16:00:00,148.29,29/01/2025 16:00:00,23.12,28/01/2025 16:00:00,185.53,28/01/2025 16:00:00,40.77,28/01/2025 16:00:00,14.78,28/01/2025 16:00:00,124.61,,,28/01/2025 16:00:00,131.6,28/01/2025 16:00:00,27.34,28/01/2025 16:00:00,201.39,29/01/2025 16:00:00,32.69,28/01/2025 16:00:00,13.46,28/01/2025 16:00:00,202.65,28/01/2025 16:00:00,482.41,28/01/2025 16:00:00,266.25,29/01/2025 16:00:00,1047.11,,,,,28/01/2025 16:00:00,55.56,29/01/2025 16:00:00,107.26,28/01/2025 16:00:00,130.31,29/01/2025 16:00:00,111.48,28/01/2025 16:00:00,132.42,28/01/2025 16:00:00,72.33
29/01/2025 16:00:00,234.12,29/01/2025 16:00:00,107.71,29/01/2025 16:00:00,446.69,29/01/2025 16:00:00,97.43,29/01/2025 16:00:00,225.62,29/01/2025 16:00:00,155.72,29/01/2025 16:00:00,194.93,29/01/2025 16:00:00,24.71,29/01/2025 16:00:00,197.37,30/01/2025 16:00:00,151.91,29/01/2025 16:00:00,166.72,29/01/2025 16:00:00,26.8,29/01/2025 16:00:00,77.75,29/01/2025 16:00:00,62.56,29/01/2025 16:00:00,129.31,29/01/2025 16:00:00,164.03,29/01/2025 16:00:00,267.21,29/01/2025 16:00:00,97.42,29/01/2025 16:00:00,19.87,29/01/2025 16:00:00,40.82,29/01/2025 16:00:00,151.13,29/01/2025 16:00:00,171.55,29/01/2025 16:00:00,239.02,29/01/2025 16:00:00,128.16,29/01/2025 16:00:00,41.32,29/01/2025 16:00:00,59.95,29/01/2025 16:00:00,37.69,30/01/2025 16:00:00,290.91,29/01/2025 16:00:00,113.5,29/01/2025 16:00:00,334.5,29/01/2025 16:00:00,79.88,29/01/2025 16:00:00,46.75,29/01/2025 16:00:00,420.22,30/01/2025 16:00:00,48.98,29/01/2025 16:00:00,136.03,,,03/02/2025 17:36:00,47.89,29/01/2025 16:00:00,52.8,29/01/2025 16:00:00,101.15,29/01/2025 16:00:00,151.5,29/01/2025 16:00:00,280.03,29/01/2025 16:00:00,316.63,29/01/2025 16:00:00,48.35,29/01/2025 16:00:00,75.03,29/01/2025 16:00:00,391.94,29/01/2025 16:00:00,249.7,30/01/2025 16:00:00,56.63,29/01/2025 16:00:00,67.47,29/01/2025 16:00:00,26.32,29/01/2025 16:00:00,28.18,29/01/2025 16:00:00,179.13,29/01/2025 16:00:00,541.73,29/01/2025 16:00:00,59.08,29/01/2025 16:00:00,547,29/01/2025 16:00:00,637,29/01/2025 16:00:00,90.11,,,29/01/2025 16:00:00,806.99,29/01/2025 16:00:00,176,29/01/2025 16:00:00,76.09,07/02/2025 16:00:00,1.83,29/01/2025 16:00:00,220.95,29/01/2025 16:00:00,74.45,29/01/2025 16:00:00,94.4,29/01/2025 16:00:00,141.2,29/01/2025 16:00:00,92.53,29/01/2025 16:00:00,957.8,29/01/2025 16:00:00,83.88,,,29/01/2025 16:00:00,379.87,29/01/2025 16:00:00,33.05,30/01/2025 16:00:00,129.7,29/01/2025 16:00:00,235.02,29/01/2025 16:00:00,85.69,29/01/2025 16:00:00,10.1,29/01/2025 16:00:00,41.23,01/07/2025 16:00:00,0.01,30/01/2025 16:00:00,109,29/01/2025 16:00:00,35.98,29/01/2025 16:00:00,145.1,30/01/2025 16:00:00,23.37,29/01/2025 16:00:00,181.02,29/01/2025 16:00:00,39.78,29/01/2025 16:00:00,14.33,29/01/2025 16:00:00,124.28,,,29/01/2025 16:00:00,129.78,29/01/2025 16:00:00,26.63,29/01/2025 16:00:00,202.54,30/01/2025 16:00:00,32.95,29/01/2025 16:00:00,13.72,29/01/2025 16:00:00,201.72,29/01/2025 16:00:00,481,29/01/2025 16:00:00,265.2,30/01/2025 16:00:00,1069.2,,,,,29/01/2025 16:00:00,55.31,30/01/2025 16:00:00,108.52,29/01/2025 16:00:00,129.79,30/01/2025 16:00:00,112.02,29/01/2025 16:00:00,129.91,29/01/2025 16:00:00,70.75
30/01/2025 16:00:00,238.67,30/01/2025 16:00:00,109.24,30/01/2025 16:00:00,418.77,30/01/2025 16:00:00,97.69,30/01/2025 16:00:00,250,30/01/2025 16:00:00,156.56,30/01/2025 16:00:00,199.81,30/01/2025 16:00:00,24.17,30/01/2025 16:00:00,199.76,31/01/2025 16:00:00,152.62,30/01/2025 16:00:00,167.48,30/01/2025 16:00:00,26.66,30/01/2025 16:00:00,79.15,30/01/2025 16:00:00,63.85,30/01/2025 16:00:00,130.06,30/01/2025 16:00:00,164.78,30/01/2025 16:00:00,268.63,30/01/2025 16:00:00,99.41,30/01/2025 16:00:00,19.72,30/01/2025 16:00:00,40.35,30/01/2025 16:00:00,151.28,30/01/2025 16:00:00,172.34,30/01/2025 16:00:00,237.14,30/01/2025 16:00:00,127.99,30/01/2025 16:00:00,41.02,30/01/2025 16:00:00,60.47,30/01/2025 16:00:00,34.42,31/01/2025 16:00:00,289.83,30/01/2025 16:00:00,114.09,30/01/2025 16:00:00,339.51,30/01/2025 16:00:00,81.29,30/01/2025 16:00:00,47.11,30/01/2025 16:00:00,416.41,31/01/2025 16:00:00,48.19,30/01/2025 16:00:00,117.39,,,04/02/2025 17:36:00,48.18,30/01/2025 16:00:00,51.02,30/01/2025 16:00:00,102,30/01/2025 16:00:00,152,30/01/2025 16:00:00,285,30/01/2025 16:00:00,317,30/01/2025 16:00:00,48.2,30/01/2025 16:00:00,75.86,30/01/2025 16:00:00,373.5,30/01/2025 16:00:00,249.38,31/01/2025 16:00:00,56.75,30/01/2025 16:00:00,66.5,30/01/2025 16:00:00,26.35,30/01/2025 16:00:00,28.43,30/01/2025 16:00:00,174.59,30/01/2025 16:00:00,539.47,30/01/2025 16:00:00,59.29,30/01/2025 16:00:00,555,30/01/2025 16:00:00,644.49,30/01/2025 16:00:00,90.55,,,30/01/2025 16:00:00,808.41,30/01/2025 16:00:00,175.12,30/01/2025 16:00:00,76.54,10/02/2025 16:00:00,1.86,30/01/2025 16:00:00,222.05,30/01/2025 16:00:00,76.85,30/01/2025 16:00:00,96.56,30/01/2025 16:00:00,140.86,30/01/2025 16:00:00,91.72,30/01/2025 16:00:00,970.3,30/01/2025 16:00:00,83.8,,,30/01/2025 16:00:00,378,30/01/2025 16:00:00,33.02,31/01/2025 16:00:00,130.94,30/01/2025 16:00:00,225,30/01/2025 16:00:00,87.23,30/01/2025 16:00:00,10.26,30/01/2025 16:00:00,39.32,02/07/2025 16:00:00,0.01,31/01/2025 16:00:00,109,30/01/2025 16:00:00,36.67,30/01/2025 16:00:00,145.84,31/01/2025 16:00:00,22.76,30/01/2025 16:00:00,180.5,30/01/2025 16:00:00,39.9,30/01/2025 16:00:00,14.54,30/01/2025 16:00:00,124.83,,,30/01/2025 16:00:00,131,30/01/2025 16:00:00,26.55,30/01/2025 16:00:00,206.05,31/01/2025 16:00:00,32.92,30/01/2025 16:00:00,13.8,30/01/2025 16:00:00,204.22,30/01/2025 16:00:00,475.75,30/01/2025 16:00:00,263.65,31/01/2025 16:00:00,1074.09,,,,,30/01/2025 16:00:00,55.63,31/01/2025 16:00:00,107.84,30/01/2025 16:00:00,129.37,31/01/2025 16:00:00,112.26,30/01/2025 16:00:00,130.85,30/01/2025 16:00:00,71.99
31/01/2025 16:00:00,247.19,31/01/2025 16:00:00,110.55,31/01/2025 16:00:00,418.98,31/01/2025 16:00:00,99,31/01/2025 16:00:00,256.05,31/01/2025 16:00:00,153.76,31/01/2025 16:00:00,205.84,31/01/2025 16:00:00,24.01,31/01/2025 16:00:00,203.72,03/02/2025 16:00:00,152,31/01/2025 16:00:00,166,31/01/2025 16:00:00,26.96,31/01/2025 16:00:00,78.69,31/01/2025 16:00:00,63.7,31/01/2025 16:00:00,129.99,31/01/2025 16:00:00,170.41,31/01/2025 16:00:00,269.23,31/01/2025 16:00:00,99.1,31/01/2025 16:00:00,20.1,31/01/2025 16:00:00,39.57,31/01/2025 16:00:00,150.76,31/01/2025 16:00:00,172.51,31/01/2025 16:00:00,236.5,31/01/2025 16:00:00,128.37,31/01/2025 16:00:00,41.18,31/01/2025 16:00:00,60.53,31/01/2025 16:00:00,33.47,03/02/2025 16:00:00,287.02,31/01/2025 16:00:00,113.3,31/01/2025 16:00:00,346.47,31/01/2025 16:00:00,81.69,31/01/2025 16:00:00,46.7,31/01/2025 16:00:00,413.17,03/02/2025 16:00:00,46.76,31/01/2025 16:00:00,115.01,,,05/02/2025 17:36:00,49.59,31/01/2025 16:00:00,51.3,31/01/2025 16:00:00,101.33,31/01/2025 16:00:00,154.99,31/01/2025 16:00:00,285,31/01/2025 16:00:00,320.91,31/01/2025 16:00:00,48,31/01/2025 16:00:00,75,31/01/2025 16:00:00,377.46,31/01/2025 16:00:00,248.67,03/02/2025 16:00:00,56.08,31/01/2025 16:00:00,67.41,31/01/2025 16:00:00,26.72,31/01/2025 16:00:00,28.17,31/01/2025 16:00:00,180.51,31/01/2025 16:00:00,543.24,31/01/2025 16:00:00,59.18,31/01/2025 16:00:00,563.82,31/01/2025 16:00:00,650,31/01/2025 16:00:00,85.43,,,31/01/2025 16:00:00,823,31/01/2025 16:00:00,175.87,31/01/2025 16:00:00,76.47,11/02/2025 16:00:00,1.83,31/01/2025 16:00:00,222.85,31/01/2025 16:00:00,78.11,31/01/2025 16:00:00,96.73,31/01/2025 16:00:00,140.11,31/01/2025 16:00:00,91.72,31/01/2025 16:00:00,976.24,31/01/2025 16:00:00,84.51,,,31/01/2025 16:00:00,380.75,31/01/2025 16:00:00,32.98,03/02/2025 16:00:00,126.87,31/01/2025 16:00:00,223.3,31/01/2025 16:00:00,86.6,31/01/2025 16:00:00,10.17,31/01/2025 16:00:00,38.83,03/07/2025 16:00:00,0.01,03/02/2025 16:00:00,105.72,31/01/2025 16:00:00,36.36,31/01/2025 16:00:00,145.2,03/02/2025 16:00:00,21.82,31/01/2025 16:00:00,183.78,31/01/2025 16:00:00,40,31/01/2025 16:00:00,14.53,31/01/2025 16:00:00,125.92,,,31/01/2025 16:00:00,129.08,31/01/2025 16:00:00,26.58,31/01/2025 16:00:00,203.08,03/02/2025 16:00:00,31.76,31/01/2025 16:00:00,13.73,31/01/2025 16:00:00,202.11,31/01/2025 16:00:00,479,31/01/2025 16:00:00,262.28,03/02/2025 16:00:00,1054.48,,,,,31/01/2025 16:00:00,55.68,03/02/2025 16:00:00,105.73,31/01/2025 16:00:00,129.84,03/02/2025 16:00:00,111.98,31/01/2025 16:00:00,129.53,31/01/2025 16:00:00,71.51
03/02/2025 16:00:00,229.99,03/02/2025 16:00:00,106.64,03/02/2025 16:00:00,411.6,03/02/2025 16:00:00,96.77,03/02/2025 16:00:00,252.4,03/02/2025 16:00:00,149,03/02/2025 16:00:00,200,03/02/2025 16:00:00,23.69,03/02/2025 16:00:00,202.22,04/02/2025 16:00:00,151.36,03/02/2025 16:00:00,165.47,03/02/2025 16:00:00,26.3,03/02/2025 16:00:00,77.23,03/02/2025 16:00:00,63.18,03/02/2025 16:00:00,128.91,03/02/2025 16:00:00,163.2,03/02/2025 16:00:00,261.83,03/02/2025 16:00:00,98.13,03/02/2025 16:00:00,18.97,03/02/2025 16:00:00,39.31,03/02/2025 16:00:00,149.76,03/02/2025 16:00:00,168.88,03/02/2025 16:00:00,234.06,03/02/2025 16:00:00,126.65,03/02/2025 16:00:00,40.13,03/02/2025 16:00:00,60.19,03/02/2025 16:00:00,33.11,04/02/2025 16:00:00,289.76,03/02/2025 16:00:00,111.35,03/02/2025 16:00:00,340,03/02/2025 16:00:00,78.5,03/02/2025 16:00:00,45.42,03/02/2025 16:00:00,406.12,04/02/2025 16:00:00,46.13,03/02/2025 16:00:00,112.33,,,06/02/2025 17:36:00,49.34,03/02/2025 16:00:00,52,03/02/2025 16:00:00,98.75,03/02/2025 16:00:00,149.18,03/02/2025 16:00:00,286.91,03/02/2025 16:00:00,312.19,03/02/2025 16:00:00,46.84,03/02/2025 16:00:00,72.66,03/02/2025 16:00:00,364.14,03/02/2025 16:00:00,242.23,04/02/2025 16:00:00,55.51,03/02/2025 16:00:00,66.6,03/02/2025 16:00:00,26.07,03/02/2025 16:00:00,27.86,03/02/2025 16:00:00,174.11,03/02/2025 16:00:00,542,03/02/2025 16:00:00,58.79,03/02/2025 16:00:00,552.64,03/02/2025 16:00:00,626,03/02/2025 16:00:00,87.07,,,03/02/2025 16:00:00,804.27,03/02/2025 16:00:00,172.11,03/02/2025 16:00:00,75.37,12/02/2025 16:00:00,1.83,03/02/2025 16:00:00,222.5,03/02/2025 16:00:00,74.9,03/02/2025 16:00:00,97.03,03/02/2025 16:00:00,134.58,03/02/2025 16:00:00,90.27,03/02/2025 16:00:00,972.39,03/02/2025 16:00:00,83.52,,,03/02/2025 16:00:00,381.14,03/02/2025 16:00:00,31.71,04/02/2025 16:00:00,129.05,03/02/2025 16:00:00,218,03/02/2025 16:00:00,84.7,03/02/2025 16:00:00,9.72,03/02/2025 16:00:00,38.2,04/07/2025 16:00:00,0.01,04/02/2025 16:00:00,108.67,03/02/2025 16:00:00,35.37,03/02/2025 16:00:00,142.81,04/02/2025 16:00:00,21.15,03/02/2025 16:00:00,183.03,03/02/2025 16:00:00,39.86,03/02/2025 16:00:00,14.23,03/02/2025 16:00:00,123.96,,,03/02/2025 16:00:00,129.59,03/02/2025 16:00:00,25.69,03/02/2025 16:00:00,199.74,04/02/2025 16:00:00,31.51,03/02/2025 16:00:00,13.26,03/02/2025 16:00:00,197.19,03/02/2025 16:00:00,464.15,03/02/2025 16:00:00,256.04,04/02/2025 16:00:00,1011.54,,,,,03/02/2025 16:00:00,55.19,04/02/2025 16:00:00,106.61,03/02/2025 16:00:00,129.44,04/02/2025 16:00:00,112.64,03/02/2025 16:00:00,126.3,03/02/2025 16:00:00,70.5
04/02/2025 16:00:00,227.25,04/02/2025 16:00:00,106.71,04/02/2025 16:00:00,412.69,04/02/2025 16:00:00,99.97,04/02/2025 16:00:00,260,04/02/2025 16:00:00,148.72,04/02/2025 16:00:00,202.93,04/02/2025 16:00:00,24.21,04/02/2025 16:00:00,204.5,05/02/2025 16:00:00,153.82,04/02/2025 16:00:00,169.29,04/02/2025 16:00:00,26.1,04/02/2025 16:00:00,79.84,04/02/2025 16:00:00,63.61,04/02/2025 16:00:00,131,04/02/2025 16:00:00,170.4,04/02/2025 16:00:00,269.84,04/02/2025 16:00:00,89,04/02/2025 16:00:00,19.1,04/02/2025 16:00:00,39.78,04/02/2025 16:00:00,146.1,04/02/2025 16:00:00,168.5,04/02/2025 16:00:00,239.01,04/02/2025 16:00:00,126.44,04/02/2025 16:00:00,39.74,04/02/2025 16:00:00,60.84,04/02/2025 16:00:00,32.68,05/02/2025 16:00:00,290,04/02/2025 16:00:00,113.8,04/02/2025 16:00:00,344.6,04/02/2025 16:00:00,80.11,04/02/2025 16:00:00,46.35,04/02/2025 16:00:00,409.51,05/02/2025 16:00:00,47.52,04/02/2025 16:00:00,111.34,,,07/02/2025 17:36:00,59.86,04/02/2025 16:00:00,52.91,04/02/2025 16:00:00,97.7,04/02/2025 16:00:00,149.46,04/02/2025 16:00:00,285.58,04/02/2025 16:00:00,315.25,04/02/2025 16:00:00,47.15,04/02/2025 16:00:00,72.84,04/02/2025 16:00:00,369.66,04/02/2025 16:00:00,242.69,05/02/2025 16:00:00,56.39,04/02/2025 16:00:00,67.45,04/02/2025 16:00:00,26.64,04/02/2025 16:00:00,28.55,04/02/2025 16:00:00,176.9,04/02/2025 16:00:00,545.2,04/02/2025 16:00:00,58.87,04/02/2025 16:00:00,570.88,04/02/2025 16:00:00,632,04/02/2025 16:00:00,86.94,,,04/02/2025 16:00:00,811.05,04/02/2025 16:00:00,171.38,04/02/2025 16:00:00,76.94,13/02/2025 16:00:00,1.83,04/02/2025 16:00:00,224.57,04/02/2025 16:00:00,77.55,04/02/2025 16:00:00,98.38,04/02/2025 16:00:00,135,04/02/2025 16:00:00,89.86,04/02/2025 16:00:00,1005.4,04/02/2025 16:00:00,83.7,,,04/02/2025 16:00:00,381.51,04/02/2025 16:00:00,31.96,05/02/2025 16:00:00,127.03,04/02/2025 16:00:00,210.5,04/02/2025 16:00:00,84.85,04/02/2025 16:00:00,9.94,04/02/2025 16:00:00,37.58,08/07/2025 16:00:00,0.01,05/02/2025 16:00:00,110.18,04/02/2025 16:00:00,36.03,04/02/2025 16:00:00,141.08,05/02/2025 16:00:00,22.32,04/02/2025 16:00:00,180.02,04/02/2025 16:00:00,40.3,04/02/2025 16:00:00,14.05,04/02/2025 16:00:00,124.31,,,04/02/2025 16:00:00,130.13,04/02/2025 16:00:00,25.27,04/02/2025 16:00:00,202.45,05/02/2025 16:00:00,31.68,04/02/2025 16:00:00,13.36,04/02/2025 16:00:00,198.06,04/02/2025 16:00:00,468.67,04/02/2025 16:00:00,255.95,05/02/2025 16:00:00,1020,,,,,04/02/2025 16:00:00,55.73,05/02/2025 16:00:00,107.46,04/02/2025 16:00:00,132.27,05/02/2025 16:00:00,113.14,04/02/2025 16:00:00,125,04/02/2025 16:00:00,70.25
05/02/2025 16:00:00,228.53,05/02/2025 16:00:00,109.74,05/02/2025 16:00:00,412.35,05/02/2025 16:00:00,100.65,05/02/2025 16:00:00,265.71,05/02/2025 16:00:00,152.99,05/02/2025 16:00:00,203.88,05/02/2025 16:00:00,24.46,05/02/2025 16:00:00,193.1,06/02/2025 16:00:00,154.79,05/02/2025 16:00:00,168.09,05/02/2025 16:00:00,25.95,05/02/2025 16:00:00,79.66,05/02/2025 16:00:00,62.72,05/02/2025 16:00:00,130.8,05/02/2025 16:00:00,168.99,05/02/2025 16:00:00,268.91,05/02/2025 16:00:00,90.39,05/02/2025 16:00:00,19.19,05/02/2025 16:00:00,40.13,05/02/2025 16:00:00,143.39,05/02/2025 16:00:00,173,05/02/2025 16:00:00,237.02,05/02/2025 16:00:00,129.43,05/02/2025 16:00:00,40.86,05/02/2025 16:00:00,61.45,05/02/2025 16:00:00,33.55,06/02/2025 16:00:00,291.59,05/02/2025 16:00:00,115.7,05/02/2025 16:00:00,346,05/02/2025 16:00:00,79.04,05/02/2025 16:00:00,46.98,05/02/2025 16:00:00,415.15,06/02/2025 16:00:00,47.85,05/02/2025 16:00:00,111.72,,,10/02/2025 17:36:00,60.41,05/02/2025 16:00:00,52.91,05/02/2025 16:00:00,100.53,05/02/2025 16:00:00,152.46,05/02/2025 16:00:00,290.69,05/02/2025 16:00:00,317.94,05/02/2025 16:00:00,47.82,05/02/2025 16:00:00,72.86,05/02/2025 16:00:00,362.87,05/02/2025 16:00:00,244.23,06/02/2025 16:00:00,55.78,05/02/2025 16:00:00,67.12,05/02/2025 16:00:00,26.58,05/02/2025 16:00:00,28.55,05/02/2025 16:00:00,176,05/02/2025 16:00:00,530.73,05/02/2025 16:00:00,59.64,05/02/2025 16:00:00,561.35,05/02/2025 16:00:00,638,05/02/2025 16:00:00,86.63,,,05/02/2025 16:00:00,835.15,05/02/2025 16:00:00,178.56,05/02/2025 16:00:00,76.91,14/02/2025 16:00:00,1.83,05/02/2025 16:00:00,223.55,05/02/2025 16:00:00,76.3,05/02/2025 16:00:00,98.48,05/02/2025 16:00:00,135.19,05/02/2025 16:00:00,91.27,05/02/2025 16:00:00,1020,05/02/2025 16:00:00,83.88,,,05/02/2025 16:00:00,390.82,05/02/2025 16:00:00,32.01,06/02/2025 16:00:00,126.08,05/02/2025 16:00:00,216.36,05/02/2025 16:00:00,84.65,05/02/2025 16:00:00,10.16,05/02/2025 16:00:00,38.22,10/07/2025 16:00:00,0.01,06/02/2025 16:00:00,112.05,05/02/2025 16:00:00,36.27,05/02/2025 16:00:00,142.9,06/02/2025 16:00:00,22.39,05/02/2025 16:00:00,179.51,05/02/2025 16:00:00,40.67,05/02/2025 16:00:00,16.18,05/02/2025 16:00:00,125.14,,,05/02/2025 16:00:00,129.62,05/02/2025 16:00:00,26.46,05/02/2025 16:00:00,201.82,06/02/2025 16:00:00,31.33,05/02/2025 16:00:00,13.33,05/02/2025 16:00:00,200.18,05/02/2025 16:00:00,472.51,05/02/2025 16:00:00,258.91,06/02/2025 16:00:00,1020.35,,,,,05/02/2025 16:00:00,54.6,06/02/2025 16:00:00,106.33,05/02/2025 16:00:00,131.39,06/02/2025 16:00:00,114.03,05/02/2025 16:00:00,127.8,05/02/2025 16:00:00,70.75
06/02/2025 16:00:00,231.29,06/02/2025 16:00:00,110.77,06/02/2025 16:00:00,414,06/02/2025 16:00:00,102.53,06/02/2025 16:00:00,262.98,06/02/2025 16:00:00,154.22,06/02/2025 16:00:00,205,06/02/2025 16:00:00,24.5,06/02/2025 16:00:00,190.99,07/02/2025 16:00:00,153.53,06/02/2025 16:00:00,169.37,06/02/2025 16:00:00,26.42,06/02/2025 16:00:00,80.5,06/02/2025 16:00:00,63.62,06/02/2025 16:00:00,145.94,06/02/2025 16:00:00,173,06/02/2025 16:00:00,272.45,06/02/2025 16:00:00,89.41,06/02/2025 16:00:00,19.51,06/02/2025 16:00:00,40.23,06/02/2025 16:00:00,146.26,06/02/2025 16:00:00,167.84,06/02/2025 16:00:00,238.01,06/02/2025 16:00:00,131.8,06/02/2025 16:00:00,41.09,06/02/2025 16:00:00,62.82,06/02/2025 16:00:00,34.1,07/02/2025 16:00:00,294.36,06/02/2025 16:00:00,111.88,06/02/2025 16:00:00,349.78,06/02/2025 16:00:00,80.24,06/02/2025 16:00:00,47.44,06/02/2025 16:00:00,414.91,07/02/2025 16:00:00,47,06/02/2025 16:00:00,112.35,,,11/02/2025 17:36:00,67.5,06/02/2025 16:00:00,53.38,06/02/2025 16:00:00,98.89,06/02/2025 16:00:00,152.7,06/02/2025 16:00:00,309.49,06/02/2025 16:00:00,323.1,06/02/2025 16:00:00,47.93,06/02/2025 16:00:00,74.18,06/02/2025 16:00:00,363.9,06/02/2025 16:00:00,245.36,07/02/2025 16:00:00,54.54,06/02/2025 16:00:00,67.47,06/02/2025 16:00:00,26.53,06/02/2025 16:00:00,29.35,06/02/2025 16:00:00,182,06/02/2025 16:00:00,537.89,06/02/2025 16:00:00,57.37,06/02/2025 16:00:00,566.13,06/02/2025 16:00:00,650,06/02/2025 16:00:00,87.19,,,06/02/2025 16:00:00,839.52,06/02/2025 16:00:00,181.35,06/02/2025 16:00:00,77.5,18/02/2025 16:00:00,1.86,06/02/2025 16:00:00,215,06/02/2025 16:00:00,75.24,06/02/2025 16:00:00,99.54,06/02/2025 16:00:00,136.06,06/02/2025 16:00:00,91.26,06/02/2025 16:00:00,1050,06/02/2025 16:00:00,84.23,,,06/02/2025 16:00:00,395.2,06/02/2025 16:00:00,32.59,07/02/2025 16:00:00,128.24,06/02/2025 16:00:00,213,06/02/2025 16:00:00,83.26,06/02/2025 16:00:00,9.49,06/02/2025 16:00:00,38.22,11/07/2025 16:00:00,0.01,07/02/2025 16:00:00,111.43,06/02/2025 16:00:00,37.54,06/02/2025 16:00:00,145.18,07/02/2025 16:00:00,21.81,06/02/2025 16:00:00,181.28,06/02/2025 16:00:00,41.17,06/02/2025 16:00:00,16.49,06/02/2025 16:00:00,125.94,,,06/02/2025 16:00:00,130.2,06/02/2025 16:00:00,26.46,06/02/2025 16:00:00,205.6,07/02/2025 16:00:00,30.96,06/02/2025 16:00:00,13.76,06/02/2025 16:00:00,201.4,06/02/2025 16:00:00,471.35,06/02/2025 16:00:00,260.11,07/02/2025 16:00:00,1008.76,,,,,06/02/2025 16:00:00,54.25,07/02/2025 16:00:00,103.57,06/02/2025 16:00:00,138.73,07/02/2025 16:00:00,114.18,06/02/2025 16:00:00,128.33,06/02/2025 16:00:00,69.4
07/02/2025 16:00:00,232.6,07/02/2025 16:00:00,108.78,07/02/2025 16:00:00,416.48,07/02/2025 16:00:00,103,07/02/2025 16:00:00,255.28,07/02/2025 16:00:00,152.48,07/02/2025 16:00:00,206.48,07/02/2025 16:00:00,24.45,07/02/2025 16:00:00,192.74,10/02/2025 16:00:00,153.61,07/02/2025 16:00:00,169.09,07/02/2025 16:00:00,25.86,07/02/2025 16:00:00,81.27,07/02/2025 16:00:00,63.43,07/02/2025 16:00:00,145.5,07/02/2025 16:00:00,175,07/02/2025 16:00:00,277.27,07/02/2025 16:00:00,87.52,07/02/2025 16:00:00,19.35,07/02/2025 16:00:00,39.96,07/02/2025 16:00:00,145.01,07/02/2025 16:00:00,169.83,07/02/2025 16:00:00,232.5,07/02/2025 16:00:00,128.07,07/02/2025 16:00:00,40.19,07/02/2025 16:00:00,62.74,07/02/2025 16:00:00,34.62,10/02/2025 16:00:00,302.27,07/02/2025 16:00:00,111.61,07/02/2025 16:00:00,348,07/02/2025 16:00:00,82.43,07/02/2025 16:00:00,47.84,07/02/2025 16:00:00,413.2,10/02/2025 16:00:00,47.1,07/02/2025 16:00:00,113.87,,,12/02/2025 17:36:00,66.58,07/02/2025 16:00:00,52.77,07/02/2025 16:00:00,100.06,07/02/2025 16:00:00,152.5,07/02/2025 16:00:00,299.16,07/02/2025 16:00:00,320.83,07/02/2025 16:00:00,47.81,07/02/2025 16:00:00,74.72,07/02/2025 16:00:00,369.25,07/02/2025 16:00:00,243.99,10/02/2025 16:00:00,54.39,07/02/2025 16:00:00,67.38,07/02/2025 16:00:00,26.82,07/02/2025 16:00:00,28.73,07/02/2025 16:00:00,185.26,07/02/2025 16:00:00,529.2,07/02/2025 16:00:00,57.46,07/02/2025 16:00:00,568.06,07/02/2025 16:00:00,659.4,07/02/2025 16:00:00,85.6,,,07/02/2025 16:00:00,876.53,07/02/2025 16:00:00,180.51,07/02/2025 16:00:00,77.3,19/02/2025 16:00:00,1.89,07/02/2025 16:00:00,212,07/02/2025 16:00:00,70.56,07/02/2025 16:00:00,97.76,07/02/2025 16:00:00,134.68,07/02/2025 16:00:00,91.12,07/02/2025 16:00:00,1047,07/02/2025 16:00:00,83.59,,,07/02/2025 16:00:00,389,07/02/2025 16:00:00,32.85,10/02/2025 16:00:00,125.62,07/02/2025 16:00:00,210.37,07/02/2025 16:00:00,83.84,07/02/2025 16:00:00,9.33,07/02/2025 16:00:00,38.9,14/07/2025 16:00:00,0.01,10/02/2025 16:00:00,112.58,07/02/2025 16:00:00,38.49,07/02/2025 16:00:00,141.84,10/02/2025 16:00:00,21.98,07/02/2025 16:00:00,183.28,07/02/2025 16:00:00,41.02,07/02/2025 16:00:00,15.62,07/02/2025 16:00:00,126.1,,,07/02/2025 16:00:00,128.53,07/02/2025 16:00:00,25.59,07/02/2025 16:00:00,206.94,10/02/2025 16:00:00,30.86,07/02/2025 16:00:00,13.59,07/02/2025 16:00:00,202.61,07/02/2025 16:00:00,468.42,07/02/2025 16:00:00,256.82,10/02/2025 16:00:00,995,,,,,07/02/2025 16:00:00,54.19,10/02/2025 16:00:00,103.48,07/02/2025 16:00:00,141.69,10/02/2025 16:00:00,114.99,07/02/2025 16:00:00,126.87,07/02/2025 16:00:00,69.14
10/02/2025 16:00:00,229.57,10/02/2025 16:00:00,110.01,10/02/2025 16:00:00,413.71,10/02/2025 16:00:00,101.95,10/02/2025 16:00:00,250.86,10/02/2025 16:00:00,154.29,10/02/2025 16:00:00,206.14,10/02/2025 16:00:00,24.61,10/02/2025 16:00:00,189.06,11/02/2025 16:00:00,154.11,10/02/2025 16:00:00,167.69,10/02/2025 16:00:00,25.78,10/02/2025 16:00:00,80.46,10/02/2025 16:00:00,64.1,10/02/2025 16:00:00,144,10/02/2025 16:00:00,176,10/02/2025 16:00:00,276.15,10/02/2025 16:00:00,87.2,10/02/2025 16:00:00,19.25,10/02/2025 16:00:00,40.02,10/02/2025 16:00:00,144.35,10/02/2025 16:00:00,169.73,10/02/2025 16:00:00,230.55,10/02/2025 16:00:00,129.07,10/02/2025 16:00:00,40.6,10/02/2025 16:00:00,63.12,10/02/2025 16:00:00,34.73,11/02/2025 16:00:00,307.37,10/02/2025 16:00:00,111.14,10/02/2025 16:00:00,348.7,10/02/2025 16:00:00,81.63,10/02/2025 16:00:00,47.48,10/02/2025 16:00:00,410.64,11/02/2025 16:00:00,48.72,10/02/2025 16:00:00,113.52,,,13/02/2025 17:36:00,64.46,10/02/2025 16:00:00,52.72,10/02/2025 16:00:00,99.61,10/02/2025 16:00:00,150.16,10/02/2025 16:00:00,296.88,10/02/2025 16:00:00,318.45,10/02/2025 16:00:00,47.28,10/02/2025 16:00:00,74.81,10/02/2025 16:00:00,365.33,10/02/2025 16:00:00,243.77,11/02/2025 16:00:00,54.56,10/02/2025 16:00:00,68.04,10/02/2025 16:00:00,26.74,10/02/2025 16:00:00,29.13,10/02/2025 16:00:00,183.12,10/02/2025 16:00:00,527.67,10/02/2025 16:00:00,56.8,10/02/2025 16:00:00,565.25,10/02/2025 16:00:00,659.02,10/02/2025 16:00:00,86.52,,,10/02/2025 16:00:00,877.73,10/02/2025 16:00:00,180.77,10/02/2025 16:00:00,76.21,20/02/2025 16:00:00,1.89,10/02/2025 16:00:00,206.55,10/02/2025 16:00:00,69.36,10/02/2025 16:00:00,96.04,10/02/2025 16:00:00,131.78,10/02/2025 16:00:00,90.29,10/02/2025 16:00:00,1052,10/02/2025 16:00:00,84.7,,,10/02/2025 16:00:00,388.24,10/02/2025 16:00:00,32.59,11/02/2025 16:00:00,126.15,10/02/2025 16:00:00,205.85,10/02/2025 16:00:00,83.76,10/02/2025 16:00:00,9.25,10/02/2025 16:00:00,38.9,15/07/2025 16:00:00,0.01,11/02/2025 16:00:00,110.88,10/02/2025 16:00:00,38.88,10/02/2025 16:00:00,141.63,11/02/2025 16:00:00,23.16,10/02/2025 16:00:00,181.35,10/02/2025 16:00:00,41.44,10/02/2025 16:00:00,15.77,10/02/2025 16:00:00,125.12,,,10/02/2025 16:00:00,130.13,10/02/2025 16:00:00,25.55,10/02/2025 16:00:00,203.42,11/02/2025 16:00:00,30.81,10/02/2025 16:00:00,13.47,10/02/2025 16:00:00,200.72,10/02/2025 16:00:00,467.59,10/02/2025 16:00:00,255.32,11/02/2025 16:00:00,980,,,,,10/02/2025 16:00:00,54.5,11/02/2025 16:00:00,102.79,10/02/2025 16:00:00,144.92,11/02/2025 16:00:00,115.42,10/02/2025 16:00:00,127.44,10/02/2025 16:00:00,68.34
11/02/2025 16:00:00,228.2,11/02/2025 16:00:00,111.6,11/02/2025 16:00:00,409.64,11/02/2025 16:00:00,102.62,11/02/2025 16:00:00,251.1,11/02/2025 16:00:00,156.35,11/02/2025 16:00:00,205,11/02/2025 16:00:00,24.9,11/02/2025 16:00:00,186.84,12/02/2025 16:00:00,155.27,11/02/2025 16:00:00,167.69,11/02/2025 16:00:00,25.83,11/02/2025 16:00:00,78.77,11/02/2025 16:00:00,67.5,11/02/2025 16:00:00,146.57,11/02/2025 16:00:00,177.62,11/02/2025 16:00:00,270.26,11/02/2025 16:00:00,86.06,11/02/2025 16:00:00,19.87,11/02/2025 16:00:00,39.98,11/02/2025 16:00:00,144.37,11/02/2025 16:00:00,169.65,11/02/2025 16:00:00,231.92,11/02/2025 16:00:00,131.2,11/02/2025 16:00:00,41.28,11/02/2025 16:00:00,62.53,11/02/2025 16:00:00,34.08,12/02/2025 16:00:00,309.58,11/02/2025 16:00:00,108.38,11/02/2025 16:00:00,348.3,11/02/2025 16:00:00,80.46,11/02/2025 16:00:00,46.55,11/02/2025 16:00:00,414,12/02/2025 16:00:00,49.03,11/02/2025 16:00:00,114,,,14/02/2025 17:36:00,72.08,11/02/2025 16:00:00,53.85,11/02/2025 16:00:00,99.53,11/02/2025 16:00:00,149.31,11/02/2025 16:00:00,290.56,11/02/2025 16:00:00,308.53,11/02/2025 16:00:00,46.69,11/02/2025 16:00:00,75.21,11/02/2025 16:00:00,361.74,11/02/2025 16:00:00,244.79,12/02/2025 16:00:00,60.61,11/02/2025 16:00:00,67.82,11/02/2025 16:00:00,26.59,11/02/2025 16:00:00,28.66,11/02/2025 16:00:00,179.78,11/02/2025 16:00:00,535,11/02/2025 16:00:00,55.4,11/02/2025 16:00:00,564.99,11/02/2025 16:00:00,646.78,11/02/2025 16:00:00,86,,,11/02/2025 16:00:00,867.03,11/02/2025 16:00:00,180.34,11/02/2025 16:00:00,79.76,21/02/2025 16:00:00,1.89,11/02/2025 16:00:00,206.57,11/02/2025 16:00:00,70.57,11/02/2025 16:00:00,95.33,11/02/2025 16:00:00,130.92,11/02/2025 16:00:00,90.84,11/02/2025 16:00:00,1059.91,11/02/2025 16:00:00,85.24,,,11/02/2025 16:00:00,385,11/02/2025 16:00:00,32.66,12/02/2025 16:00:00,124.71,11/02/2025 16:00:00,202.25,11/02/2025 16:00:00,82.77,11/02/2025 16:00:00,9.21,11/02/2025 16:00:00,38.65,16/07/2025 16:00:00,0.01,12/02/2025 16:00:00,110.56,11/02/2025 16:00:00,37.71,11/02/2025 16:00:00,140.66,12/02/2025 16:00:00,23.06,11/02/2025 16:00:00,179.35,11/02/2025 16:00:00,41.65,11/02/2025 16:00:00,16.01,11/02/2025 16:00:00,124.47,,,11/02/2025 16:00:00,131.43,11/02/2025 16:00:00,26.13,11/02/2025 16:00:00,197.37,12/02/2025 16:00:00,30.53,11/02/2025 16:00:00,13.49,11/02/2025 16:00:00,196.91,11/02/2025 16:00:00,469.52,11/02/2025 16:00:00,256,12/02/2025 16:00:00,975.04,,,,,11/02/2025 16:00:00,55.1,12/02/2025 16:00:00,102.19,11/02/2025 16:00:00,147.52,12/02/2025 16:00:00,114.74,11/02/2025 16:00:00,131.27,11/02/2025 16:00:00,69.41
12/02/2025 16:00:00,231.2,12/02/2025 16:00:00,110.05,12/02/2025 16:00:00,407.21,12/02/2025 16:00:00,102.12,12/02/2025 16:00:00,252.72,12/02/2025 16:00:00,156.75,12/02/2025 16:00:00,206.7,12/02/2025 16:00:00,25.15,12/02/2025 16:00:00,185.23,13/02/2025 16:00:00,155.26,12/02/2025 16:00:00,168.35,12/02/2025 16:00:00,25.48,12/02/2025 16:00:00,79.2,12/02/2025 16:00:00,66.87,12/02/2025 16:00:00,146.66,12/02/2025 16:00:00,174.89,12/02/2025 16:00:00,274.08,12/02/2025 16:00:00,86.07,12/02/2025 16:00:00,21.98,12/02/2025 16:00:00,40.49,12/02/2025 16:00:00,144.04,12/02/2025 16:00:00,169.55,12/02/2025 16:00:00,230.46,12/02/2025 16:00:00,130.49,12/02/2025 16:00:00,41.53,12/02/2025 16:00:00,61.44,12/02/2025 16:00:00,34.92,13/02/2025 16:00:00,307.5,12/02/2025 16:00:00,108.25,12/02/2025 16:00:00,349.16,12/02/2025 16:00:00,80.17,12/02/2025 16:00:00,46.57,12/02/2025 16:00:00,408.58,13/02/2025 16:00:00,47.99,12/02/2025 16:00:00,113.35,,,17/02/2025 17:36:00,72.95,12/02/2025 16:00:00,53.51,12/02/2025 16:00:00,101,12/02/2025 16:00:00,148.7,12/02/2025 16:00:00,293.82,12/02/2025 16:00:00,306.85,12/02/2025 16:00:00,47.15,12/02/2025 16:00:00,75.24,12/02/2025 16:00:00,357,12/02/2025 16:00:00,243.35,13/02/2025 16:00:00,63.86,12/02/2025 16:00:00,67.63,12/02/2025 16:00:00,26.47,12/02/2025 16:00:00,29.21,12/02/2025 16:00:00,178.34,12/02/2025 16:00:00,539.85,12/02/2025 16:00:00,55.67,12/02/2025 16:00:00,562.01,12/02/2025 16:00:00,643.76,12/02/2025 16:00:00,86.76,,,12/02/2025 16:00:00,856.93,12/02/2025 16:00:00,180.95,12/02/2025 16:00:00,80.49,24/02/2025 16:00:00,1.89,12/02/2025 16:00:00,205.59,12/02/2025 16:00:00,70.6,12/02/2025 16:00:00,101.74,12/02/2025 16:00:00,129.21,12/02/2025 16:00:00,90.6,12/02/2025 16:00:00,1054.15,12/02/2025 16:00:00,85.46,,,12/02/2025 16:00:00,386.05,12/02/2025 16:00:00,32.83,13/02/2025 16:00:00,124.52,12/02/2025 16:00:00,199.46,12/02/2025 16:00:00,82.6,12/02/2025 16:00:00,9.17,12/02/2025 16:00:00,38.38,17/07/2025 16:00:00,0.01,13/02/2025 16:00:00,113.12,12/02/2025 16:00:00,37.67,12/02/2025 16:00:00,136.76,13/02/2025 16:00:00,22.38,12/02/2025 16:00:00,177.48,12/02/2025 16:00:00,40.88,12/02/2025 16:00:00,16.2,12/02/2025 16:00:00,123.83,,,12/02/2025 16:00:00,132.53,12/02/2025 16:00:00,26.18,12/02/2025 16:00:00,199.12,13/02/2025 16:00:00,30.48,12/02/2025 16:00:00,13.28,12/02/2025 16:00:00,197.29,12/02/2025 16:00:00,468.81,12/02/2025 16:00:00,250.75,13/02/2025 16:00:00,979.04,,,,,12/02/2025 16:00:00,55.29,13/02/2025 16:00:00,103,12/02/2025 16:00:00,146.41,13/02/2025 16:00:00,115.3,12/02/2025 16:00:00,132.08,12/02/2025 16:00:00,69.31
13/02/2025 16:00:00,236.91,13/02/2025 16:00:00,107.15,13/02/2025 16:00:00,407,13/02/2025 16:00:00,104,13/02/2025 16:00:00,255.66,13/02/2025 16:00:00,154.78,13/02/2025 16:00:00,211.12,13/02/2025 16:00:00,25.47,13/02/2025 16:00:00,185.93,14/02/2025 16:00:00,157.29,13/02/2025 16:00:00,169.63,13/02/2025 16:00:00,25.49,13/02/2025 16:00:00,79.43,13/02/2025 16:00:00,69,13/02/2025 16:00:00,149.08,13/02/2025 16:00:00,173,13/02/2025 16:00:00,275.5,13/02/2025 16:00:00,85.59,13/02/2025 16:00:00,22.84,13/02/2025 16:00:00,40.61,13/02/2025 16:00:00,144.23,13/02/2025 16:00:00,170.19,13/02/2025 16:00:00,228.85,13/02/2025 16:00:00,130.93,13/02/2025 16:00:00,41.5,13/02/2025 16:00:00,66.1,13/02/2025 16:00:00,35.04,14/02/2025 16:00:00,310.2,13/02/2025 16:00:00,108.92,13/02/2025 16:00:00,353.12,13/02/2025 16:00:00,81.4,13/02/2025 16:00:00,46.52,13/02/2025 16:00:00,408.71,14/02/2025 16:00:00,48.23,13/02/2025 16:00:00,114.54,,,18/02/2025 17:36:00,79.83,13/02/2025 16:00:00,53.33,13/02/2025 16:00:00,97.82,13/02/2025 16:00:00,149.11,13/02/2025 16:00:00,297.55,13/02/2025 16:00:00,307.55,13/02/2025 16:00:00,47.47,13/02/2025 16:00:00,77.13,13/02/2025 16:00:00,352.57,13/02/2025 16:00:00,249.17,14/02/2025 16:00:00,66.89,13/02/2025 16:00:00,67.95,13/02/2025 16:00:00,26.65,13/02/2025 16:00:00,29.38,13/02/2025 16:00:00,187,13/02/2025 16:00:00,530.9,13/02/2025 16:00:00,56.25,13/02/2025 16:00:00,565.6,13/02/2025 16:00:00,651.83,13/02/2025 16:00:00,86.79,,,13/02/2025 16:00:00,877.07,13/02/2025 16:00:00,184.57,13/02/2025 16:00:00,83,25/02/2025 16:00:00,1.89,13/02/2025 16:00:00,206.51,13/02/2025 16:00:00,72.45,13/02/2025 16:00:00,104.84,13/02/2025 16:00:00,127.61,13/02/2025 16:00:00,91.27,13/02/2025 16:00:00,1067.01,13/02/2025 16:00:00,86.79,,,13/02/2025 16:00:00,388.61,13/02/2025 16:00:00,33.1,14/02/2025 16:00:00,125.27,13/02/2025 16:00:00,202.63,13/02/2025 16:00:00,82.82,13/02/2025 16:00:00,9.29,13/02/2025 16:00:00,38.37,18/07/2025 16:00:00,0.01,14/02/2025 16:00:00,112.82,13/02/2025 16:00:00,38.69,13/02/2025 16:00:00,132.15,14/02/2025 16:00:00,22.65,13/02/2025 16:00:00,179.15,13/02/2025 16:00:00,42.87,13/02/2025 16:00:00,15.96,13/02/2025 16:00:00,124.5,,,13/02/2025 16:00:00,133.88,13/02/2025 16:00:00,25.91,13/02/2025 16:00:00,197.21,14/02/2025 16:00:00,30.96,13/02/2025 16:00:00,12.84,13/02/2025 16:00:00,195.72,13/02/2025 16:00:00,454.5,13/02/2025 16:00:00,251.64,14/02/2025 16:00:00,975,,,,,13/02/2025 16:00:00,56.18,14/02/2025 16:00:00,104.31,13/02/2025 16:00:00,146.8,14/02/2025 16:00:00,113.27,13/02/2025 16:00:00,128.7,13/02/2025 16:00:00,69.42
14/02/2025 16:00:00,241.25,14/02/2025 16:00:00,108.52,14/02/2025 16:00:00,407.79,14/02/2025 16:00:00,105.3,14/02/2025 16:00:00,259,14/02/2025 16:00:00,155.08,14/02/2025 16:00:00,208.66,14/02/2025 16:00:00,25.67,14/02/2025 16:00:00,186.83,18/02/2025 16:00:00,154.16,14/02/2025 16:00:00,169.79,14/02/2025 16:00:00,25.73,14/02/2025 16:00:00,79.23,14/02/2025 16:00:00,69.36,14/02/2025 16:00:00,148.76,14/02/2025 16:00:00,174.25,14/02/2025 16:00:00,277.37,14/02/2025 16:00:00,84.42,14/02/2025 16:00:00,24.36,14/02/2025 16:00:00,41.14,14/02/2025 16:00:00,144.67,14/02/2025 16:00:00,172.6,14/02/2025 16:00:00,229.2,14/02/2025 16:00:00,132.32,14/02/2025 16:00:00,42.26,14/02/2025 16:00:00,63.79,14/02/2025 16:00:00,35.4,18/02/2025 16:00:00,307,14/02/2025 16:00:00,109.86,14/02/2025 16:00:00,354.43,14/02/2025 16:00:00,82.41,14/02/2025 16:00:00,46.48,14/02/2025 16:00:00,415,18/02/2025 16:00:00,48.86,14/02/2025 16:00:00,116.06,,,19/02/2025 17:36:00,88.77,14/02/2025 16:00:00,53.57,14/02/2025 16:00:00,96.91,14/02/2025 16:00:00,147.89,14/02/2025 16:00:00,294.75,14/02/2025 16:00:00,307.43,14/02/2025 16:00:00,47.56,14/02/2025 16:00:00,76.1,14/02/2025 16:00:00,356.6,14/02/2025 16:00:00,251.49,18/02/2025 16:00:00,64.85,14/02/2025 16:00:00,70,14/02/2025 16:00:00,26.99,14/02/2025 16:00:00,29.66,14/02/2025 16:00:00,186.75,14/02/2025 16:00:00,529,14/02/2025 16:00:00,56.03,14/02/2025 16:00:00,566.01,14/02/2025 16:00:00,650.32,14/02/2025 16:00:00,87.27,,,14/02/2025 16:00:00,869.1,14/02/2025 16:00:00,186.86,14/02/2025 16:00:00,84.47,26/02/2025 16:00:00,1.92,14/02/2025 16:00:00,204.82,14/02/2025 16:00:00,73.17,14/02/2025 16:00:00,105.8,14/02/2025 16:00:00,128.93,14/02/2025 16:00:00,92.42,14/02/2025 16:00:00,1076.48,14/02/2025 16:00:00,87.02,,,14/02/2025 16:00:00,390,14/02/2025 16:00:00,33.38,18/02/2025 16:00:00,123.96,14/02/2025 16:00:00,204.1,14/02/2025 16:00:00,82.55,14/02/2025 16:00:00,9.43,14/02/2025 16:00:00,38.83,22/07/2025 16:00:00,0.01,18/02/2025 16:00:00,111.8,14/02/2025 16:00:00,40.53,14/02/2025 16:00:00,140.14,18/02/2025 16:00:00,23.35,14/02/2025 16:00:00,181.51,14/02/2025 16:00:00,42.95,14/02/2025 16:00:00,16.04,14/02/2025 16:00:00,126.55,,,14/02/2025 16:00:00,134.96,14/02/2025 16:00:00,26.49,14/02/2025 16:00:00,197.8,18/02/2025 16:00:00,30.79,14/02/2025 16:00:00,12.66,14/02/2025 16:00:00,196.14,14/02/2025 16:00:00,469.9,14/02/2025 16:00:00,254.5,18/02/2025 16:00:00,969.26,,,,,14/02/2025 16:00:00,56.92,18/02/2025 16:00:00,102.84,14/02/2025 16:00:00,149.05,18/02/2025 16:00:00,111.5,14/02/2025 16:00:00,129.42,14/02/2025 16:00:00,68.6
18/02/2025 16:00:00,244.15,18/02/2025 16:00:00,108.63,18/02/2025 16:00:00,408,18/02/2025 16:00:00,103.72,18/02/2025 16:00:00,261.93,18/02/2025 16:00:00,155.34,18/02/2025 16:00:00,209.87,18/02/2025 16:00:00,25.71,18/02/2025 16:00:00,187.44,19/02/2025 16:00:00,155,18/02/2025 16:00:00,163.35,18/02/2025 16:00:00,25.61,18/02/2025 16:00:00,80,18/02/2025 16:00:00,68.55,18/02/2025 16:00:00,149.75,18/02/2025 16:00:00,176.75,18/02/2025 16:00:00,277.57,18/02/2025 16:00:00,81.13,18/02/2025 16:00:00,24.6,18/02/2025 16:00:00,40.88,18/02/2025 16:00:00,142.9,18/02/2025 16:00:00,173.26,18/02/2025 16:00:00,228.82,18/02/2025 16:00:00,129.76,18/02/2025 16:00:00,42.01,18/02/2025 16:00:00,65.3,18/02/2025 16:00:00,35.26,19/02/2025 16:00:00,303.32,18/02/2025 16:00:00,109.78,18/02/2025 16:00:00,353.5,18/02/2025 16:00:00,83.94,18/02/2025 16:00:00,46.56,18/02/2025 16:00:00,408.27,19/02/2025 16:00:00,49.5,18/02/2025 16:00:00,114.55,,,20/02/2025 17:36:00,80.41,18/02/2025 16:00:00,53.3,18/02/2025 16:00:00,96.21,18/02/2025 16:00:00,148.18,18/02/2025 16:00:00,291.76,18/02/2025 16:00:00,313.5,18/02/2025 16:00:00,47.77,18/02/2025 16:00:00,74.35,18/02/2025 16:00:00,355.25,18/02/2025 16:00:00,249.9,19/02/2025 16:00:00,65.8,18/02/2025 16:00:00,69.99,18/02/2025 16:00:00,27.08,18/02/2025 16:00:00,30.31,18/02/2025 16:00:00,185.68,18/02/2025 16:00:00,510.94,18/02/2025 16:00:00,53.72,18/02/2025 16:00:00,564.72,18/02/2025 16:00:00,662,18/02/2025 16:00:00,85.74,,,18/02/2025 16:00:00,856.42,18/02/2025 16:00:00,185.88,18/02/2025 16:00:00,83.67,27/02/2025 16:00:00,1.92,18/02/2025 16:00:00,204.42,18/02/2025 16:00:00,74.5,18/02/2025 16:00:00,104.25,18/02/2025 16:00:00,128,18/02/2025 16:00:00,87.96,18/02/2025 16:00:00,1069.21,18/02/2025 16:00:00,84.9,,,18/02/2025 16:00:00,384,18/02/2025 16:00:00,33.87,19/02/2025 16:00:00,124.3,18/02/2025 16:00:00,205.44,18/02/2025 16:00:00,82.08,18/02/2025 16:00:00,9.32,18/02/2025 16:00:00,38.71,23/07/2025 16:00:00,0.01,19/02/2025 16:00:00,112.44,18/02/2025 16:00:00,39.47,18/02/2025 16:00:00,138.14,19/02/2025 16:00:00,23.61,18/02/2025 16:00:00,182.66,18/02/2025 16:00:00,42.87,18/02/2025 16:00:00,15.6,18/02/2025 16:00:00,124.02,,,18/02/2025 16:00:00,132.02,18/02/2025 16:00:00,26.2,18/02/2025 16:00:00,202.51,19/02/2025 16:00:00,31.07,18/02/2025 16:00:00,12.65,18/02/2025 16:00:00,193.56,18/02/2025 16:00:00,481,18/02/2025 16:00:00,250.47,19/02/2025 16:00:00,971,,,,,18/02/2025 16:00:00,55.48,19/02/2025 16:00:00,103.74,18/02/2025 16:00:00,147.04,19/02/2025 16:00:00,111.32,18/02/2025 16:00:00,130.35,18/02/2025 16:00:00,68
19/02/2025 16:00:00,244.66,19/02/2025 16:00:00,110.76,19/02/2025 16:00:00,407.88,19/02/2025 16:00:00,103.85,19/02/2025 16:00:00,262,19/02/2025 16:00:00,156.52,19/02/2025 16:00:00,209.04,19/02/2025 16:00:00,26.22,19/02/2025 16:00:00,186.19,20/02/2025 16:00:00,156.95,19/02/2025 16:00:00,166.1,19/02/2025 16:00:00,25.57,19/02/2025 16:00:00,80.32,19/02/2025 16:00:00,69.21,19/02/2025 16:00:00,149,19/02/2025 16:00:00,178.58,19/02/2025 16:00:00,278.38,19/02/2025 16:00:00,83.24,19/02/2025 16:00:00,25.98,19/02/2025 16:00:00,41.35,19/02/2025 16:00:00,144.23,19/02/2025 16:00:00,173.99,19/02/2025 16:00:00,225.52,19/02/2025 16:00:00,130.26,19/02/2025 16:00:00,42.45,19/02/2025 16:00:00,64.52,19/02/2025 16:00:00,36.44,20/02/2025 16:00:00,300.83,19/02/2025 16:00:00,109.14,19/02/2025 16:00:00,356.02,19/02/2025 16:00:00,84.06,19/02/2025 16:00:00,45.88,19/02/2025 16:00:00,397.22,20/02/2025 16:00:00,51.17,19/02/2025 16:00:00,114.96,,,21/02/2025 17:36:00,74.11,19/02/2025 16:00:00,53.04,19/02/2025 16:00:00,98.35,19/02/2025 16:00:00,148.07,19/02/2025 16:00:00,292,19/02/2025 16:00:00,310.38,19/02/2025 16:00:00,47.48,19/02/2025 16:00:00,75.12,19/02/2025 16:00:00,351.87,19/02/2025 16:00:00,249.65,20/02/2025 16:00:00,66.25,19/02/2025 16:00:00,68.81,19/02/2025 16:00:00,27.01,19/02/2025 16:00:00,30.33,19/02/2025 16:00:00,185.31,19/02/2025 16:00:00,501.33,19/02/2025 16:00:00,54.41,19/02/2025 16:00:00,567.49,19/02/2025 16:00:00,669.08,19/02/2025 16:00:00,87.03,,,19/02/2025 16:00:00,857.18,19/02/2025 16:00:00,185.5,19/02/2025 16:00:00,82.93,28/02/2025 16:00:00,1.95,19/02/2025 16:00:00,207.93,19/02/2025 16:00:00,76.82,19/02/2025 16:00:00,105.23,19/02/2025 16:00:00,130,19/02/2025 16:00:00,86,19/02/2025 16:00:00,1056.06,19/02/2025 16:00:00,86,,,19/02/2025 16:00:00,385.99,19/02/2025 16:00:00,34.19,20/02/2025 16:00:00,124.45,19/02/2025 16:00:00,203.46,19/02/2025 16:00:00,82.03,19/02/2025 16:00:00,9.27,19/02/2025 16:00:00,39,24/07/2025 16:00:00,0.01,20/02/2025 16:00:00,112.17,19/02/2025 16:00:00,38.95,19/02/2025 16:00:00,135.95,20/02/2025 16:00:00,23.39,19/02/2025 16:00:00,189.74,19/02/2025 16:00:00,42.64,19/02/2025 16:00:00,15.59,19/02/2025 16:00:00,123.92,,,19/02/2025 16:00:00,135.82,19/02/2025 16:00:00,26.67,19/02/2025 16:00:00,204,20/02/2025 16:00:00,33.28,19/02/2025 16:00:00,13.22,19/02/2025 16:00:00,194.4,19/02/2025 16:00:00,496.16,19/02/2025 16:00:00,247.25,20/02/2025 16:00:00,986.5,,,,,19/02/2025 16:00:00,55.71,20/02/2025 16:00:00,104,19/02/2025 16:00:00,146.66,20/02/2025 16:00:00,111.51,19/02/2025 16:00:00,132,19/02/2025 16:00:00,68.54
20/02/2025 16:00:00,244.94,20/02/2025 16:00:00,110.57,20/02/2025 16:00:00,415.29,20/02/2025 16:00:00,98.78,20/02/2025 16:00:00,263.65,20/02/2025 16:00:00,157.5,20/02/2025 16:00:00,209.73,20/02/2025 16:00:00,26.2,20/02/2025 16:00:00,186.5,21/02/2025 16:00:00,159.88,20/02/2025 16:00:00,163.15,20/02/2025 16:00:00,25.86,20/02/2025 16:00:00,80.11,20/02/2025 16:00:00,69.71,20/02/2025 16:00:00,148.53,20/02/2025 16:00:00,179.81,20/02/2025 16:00:00,278.68,20/02/2025 16:00:00,85.9,20/02/2025 16:00:00,25.56,20/02/2025 16:00:00,42,20/02/2025 16:00:00,145.11,20/02/2025 16:00:00,176,20/02/2025 16:00:00,224.78,20/02/2025 16:00:00,131.73,20/02/2025 16:00:00,42.11,20/02/2025 16:00:00,64.96,20/02/2025 16:00:00,36.39,21/02/2025 16:00:00,303.92,20/02/2025 16:00:00,111.24,20/02/2025 16:00:00,355.23,20/02/2025 16:00:00,83.84,20/02/2025 16:00:00,45.9,20/02/2025 16:00:00,393,21/02/2025 16:00:00,51.8,20/02/2025 16:00:00,114.97,,,24/02/2025 17:36:00,84.53,20/02/2025 16:00:00,53.05,20/02/2025 16:00:00,99.75,20/02/2025 16:00:00,149.99,20/02/2025 16:00:00,294.67,20/02/2025 16:00:00,309.72,20/02/2025 16:00:00,47.1,20/02/2025 16:00:00,75.05,20/02/2025 16:00:00,355,20/02/2025 16:00:00,246.58,21/02/2025 16:00:00,62.88,20/02/2025 16:00:00,69.4,20/02/2025 16:00:00,27.05,20/02/2025 16:00:00,30.38,20/02/2025 16:00:00,185.58,20/02/2025 16:00:00,505.19,20/02/2025 16:00:00,55.02,20/02/2025 16:00:00,568.15,20/02/2025 16:00:00,668.03,20/02/2025 16:00:00,86.63,,,20/02/2025 16:00:00,866.84,20/02/2025 16:00:00,185.43,20/02/2025 16:00:00,82.4,03/03/2025 16:00:00,1.98,20/02/2025 16:00:00,209.59,20/02/2025 16:00:00,76.91,20/02/2025 16:00:00,107.78,20/02/2025 16:00:00,128.78,20/02/2025 16:00:00,86.77,20/02/2025 16:00:00,1053.64,20/02/2025 16:00:00,84.5,,,20/02/2025 16:00:00,387.87,20/02/2025 16:00:00,34.85,21/02/2025 16:00:00,124.95,20/02/2025 16:00:00,206.57,20/02/2025 16:00:00,82.85,20/02/2025 16:00:00,9.33,20/02/2025 16:00:00,39,25/07/2025 16:00:00,0.01,21/02/2025 16:00:00,113.33,20/02/2025 16:00:00,38.94,20/02/2025 16:00:00,137.19,21/02/2025 16:00:00,23.55,20/02/2025 16:00:00,199.32,20/02/2025 16:00:00,42.49,20/02/2025 16:00:00,15.32,20/02/2025 16:00:00,123.09,,,20/02/2025 16:00:00,136.78,20/02/2025 16:00:00,26.79,20/02/2025 16:00:00,210,21/02/2025 16:00:00,33.51,20/02/2025 16:00:00,13.08,20/02/2025 16:00:00,194.38,20/02/2025 16:00:00,508.14,20/02/2025 16:00:00,246.18,21/02/2025 16:00:00,992.49,,,,,20/02/2025 16:00:00,55.5,21/02/2025 16:00:00,104.14,20/02/2025 16:00:00,148,21/02/2025 16:00:00,112.69,20/02/2025 16:00:00,134.53,20/02/2025 16:00:00,69.08
21/02/2025 16:00:00,245.95,21/02/2025 16:00:00,111.32,21/02/2025 16:00:00,417.34,21/02/2025 16:00:00,96.53,21/02/2025 16:00:00,263.85,21/02/2025 16:00:00,158.13,21/02/2025 16:00:00,208.36,21/02/2025 16:00:00,26.08,21/02/2025 16:00:00,187.29,24/02/2025 16:00:00,162.68,21/02/2025 16:00:00,167.44,21/02/2025 16:00:00,25.89,21/02/2025 16:00:00,78.91,21/02/2025 16:00:00,70.32,21/02/2025 16:00:00,151.17,21/02/2025 16:00:00,176.12,21/02/2025 16:00:00,268.32,21/02/2025 16:00:00,88,21/02/2025 16:00:00,25.96,21/02/2025 16:00:00,42.43,21/02/2025 16:00:00,149.99,21/02/2025 16:00:00,174.98,21/02/2025 16:00:00,223.28,21/02/2025 16:00:00,132.41,21/02/2025 16:00:00,42.3,21/02/2025 16:00:00,64.68,21/02/2025 16:00:00,36.56,24/02/2025 16:00:00,305,21/02/2025 16:00:00,111,21/02/2025 16:00:00,350.49,21/02/2025 16:00:00,81.8,21/02/2025 16:00:00,45.25,21/02/2025 16:00:00,396.4,24/02/2025 16:00:00,50.07,21/02/2025 16:00:00,116.45,,,25/02/2025 17:36:00,90.19,21/02/2025 16:00:00,54.33,21/02/2025 16:00:00,101.05,21/02/2025 16:00:00,149.08,21/02/2025 16:00:00,299.23,21/02/2025 16:00:00,304.94,21/02/2025 16:00:00,46.8,21/02/2025 16:00:00,76.4,21/02/2025 16:00:00,350.53,21/02/2025 16:00:00,246.77,24/02/2025 16:00:00,63.58,21/02/2025 16:00:00,69.79,21/02/2025 16:00:00,27.18,21/02/2025 16:00:00,28.94,21/02/2025 16:00:00,181.28,21/02/2025 16:00:00,439.55,21/02/2025 16:00:00,55.43,21/02/2025 16:00:00,561.43,21/02/2025 16:00:00,644.75,21/02/2025 16:00:00,87.96,,,21/02/2025 16:00:00,880.62,21/02/2025 16:00:00,187.21,21/02/2025 16:00:00,83.09,04/03/2025 16:00:00,1.98,21/02/2025 16:00:00,211.16,21/02/2025 16:00:00,77.4,21/02/2025 16:00:00,110.73,21/02/2025 16:00:00,125.91,21/02/2025 16:00:00,87.64,21/02/2025 16:00:00,1034.61,21/02/2025 16:00:00,87.55,,,21/02/2025 16:00:00,380,21/02/2025 16:00:00,34.91,24/02/2025 16:00:00,122.03,21/02/2025 16:00:00,210.61,21/02/2025 16:00:00,82.76,21/02/2025 16:00:00,9.38,21/02/2025 16:00:00,39.84,28/07/2025 16:00:00,0.01,24/02/2025 16:00:00,112.34,21/02/2025 16:00:00,38.95,21/02/2025 16:00:00,138,24/02/2025 16:00:00,22.86,21/02/2025 16:00:00,204.66,21/02/2025 16:00:00,43.2,21/02/2025 16:00:00,15.44,21/02/2025 16:00:00,122.93,,,21/02/2025 16:00:00,139,21/02/2025 16:00:00,26.93,21/02/2025 16:00:00,205.57,24/02/2025 16:00:00,34.02,21/02/2025 16:00:00,13.12,21/02/2025 16:00:00,192.45,21/02/2025 16:00:00,497.27,21/02/2025 16:00:00,247.38,24/02/2025 16:00:00,975.35,,,,,21/02/2025 16:00:00,56.25,24/02/2025 16:00:00,102.47,21/02/2025 16:00:00,150.06,24/02/2025 16:00:00,115.9,21/02/2025 16:00:00,134.71,21/02/2025 16:00:00,70.14
24/02/2025 16:00:00,244.93,24/02/2025 16:00:00,110.93,24/02/2025 16:00:00,408.51,24/02/2025 16:00:00,94.18,24/02/2025 16:00:00,261.5,24/02/2025 16:00:00,157.09,24/02/2025 16:00:00,202.63,24/02/2025 16:00:00,26.62,24/02/2025 16:00:00,183.8,25/02/2025 16:00:00,164.1,24/02/2025 16:00:00,170.22,24/02/2025 16:00:00,26.4,24/02/2025 16:00:00,77.97,24/02/2025 16:00:00,70.84,24/02/2025 16:00:00,154.4,24/02/2025 16:00:00,173.57,24/02/2025 16:00:00,265.49,24/02/2025 16:00:00,89.71,24/02/2025 16:00:00,24.55,24/02/2025 16:00:00,42.75,24/02/2025 16:00:00,152.34,24/02/2025 16:00:00,165.91,24/02/2025 16:00:00,217.45,24/02/2025 16:00:00,134.49,24/02/2025 16:00:00,41.94,24/02/2025 16:00:00,64.43,24/02/2025 16:00:00,36.39,25/02/2025 16:00:00,309.18,24/02/2025 16:00:00,108.84,24/02/2025 16:00:00,348.76,24/02/2025 16:00:00,80.22,24/02/2025 16:00:00,45.03,24/02/2025 16:00:00,386.09,25/02/2025 16:00:00,49.81,24/02/2025 16:00:00,116.58,,,26/02/2025 17:36:00,87.58,24/02/2025 16:00:00,55.17,24/02/2025 16:00:00,98.06,24/02/2025 16:00:00,144.98,24/02/2025 16:00:00,305.28,24/02/2025 16:00:00,297.11,24/02/2025 16:00:00,46.08,24/02/2025 16:00:00,76.96,24/02/2025 16:00:00,343.39,24/02/2025 16:00:00,245.24,25/02/2025 16:00:00,63.02,24/02/2025 16:00:00,69.68,24/02/2025 16:00:00,26.83,24/02/2025 16:00:00,28.79,24/02/2025 16:00:00,177.48,24/02/2025 16:00:00,466.68,24/02/2025 16:00:00,55.97,24/02/2025 16:00:00,558.43,24/02/2025 16:00:00,633.51,24/02/2025 16:00:00,89.1,,,24/02/2025 16:00:00,879.29,24/02/2025 16:00:00,184.42,24/02/2025 16:00:00,81.93,05/03/2025 16:00:00,1.95,24/02/2025 16:00:00,211.76,24/02/2025 16:00:00,78.88,24/02/2025 16:00:00,109.57,24/02/2025 16:00:00,124.31,24/02/2025 16:00:00,89.54,24/02/2025 16:00:00,1028.54,24/02/2025 16:00:00,88.88,,,24/02/2025 16:00:00,364.41,24/02/2025 16:00:00,34.84,25/02/2025 16:00:00,119.47,24/02/2025 16:00:00,209.61,24/02/2025 16:00:00,81.63,24/02/2025 16:00:00,9.31,24/02/2025 16:00:00,39.41,30/07/2025 16:00:00,0.01,25/02/2025 16:00:00,113.08,24/02/2025 16:00:00,37.19,24/02/2025 16:00:00,141.28,25/02/2025 16:00:00,22.9,24/02/2025 16:00:00,202.14,24/02/2025 16:00:00,43.31,24/02/2025 16:00:00,15.24,24/02/2025 16:00:00,121.54,,,24/02/2025 16:00:00,139.6,24/02/2025 16:00:00,26.3,24/02/2025 16:00:00,201.31,25/02/2025 16:00:00,34.99,24/02/2025 16:00:00,12.94,24/02/2025 16:00:00,188.82,24/02/2025 16:00:00,489.98,24/02/2025 16:00:00,238.84,25/02/2025 16:00:00,957.95,,,,,24/02/2025 16:00:00,57.6,25/02/2025 16:00:00,104.92,24/02/2025 16:00:00,149.1,25/02/2025 16:00:00,116.42,24/02/2025 16:00:00,133.15,24/02/2025 16:00:00,71.3
25/02/2025 16:00:00,248,25/02/2025 16:00:00,111.3,25/02/2025 16:00:00,401.1,25/02/2025 16:00:00,94.35,25/02/2025 16:00:00,261.08,25/02/2025 16:00:00,157.99,25/02/2025 16:00:00,198.98,25/02/2025 16:00:00,26.87,25/02/2025 16:00:00,180.16,26/02/2025 16:00:00,165.08,25/02/2025 16:00:00,171.28,25/02/2025 16:00:00,26.72,25/02/2025 16:00:00,77.87,25/02/2025 16:00:00,70.86,25/02/2025 16:00:00,157.14,25/02/2025 16:00:00,169.29,25/02/2025 16:00:00,262.23,25/02/2025 16:00:00,91.75,25/02/2025 16:00:00,24.21,25/02/2025 16:00:00,43.58,25/02/2025 16:00:00,154.79,25/02/2025 16:00:00,161.66,25/02/2025 16:00:00,211.63,25/02/2025 16:00:00,135.38,25/02/2025 16:00:00,41.44,25/02/2025 16:00:00,64.6,25/02/2025 16:00:00,36.45,26/02/2025 16:00:00,311.7,25/02/2025 16:00:00,111.43,25/02/2025 16:00:00,351.37,25/02/2025 16:00:00,79.18,25/02/2025 16:00:00,44.53,25/02/2025 16:00:00,385,26/02/2025 16:00:00,49.02,25/02/2025 16:00:00,116.46,,,27/02/2025 17:36:00,90.71,25/02/2025 16:00:00,55.36,25/02/2025 16:00:00,99.28,25/02/2025 16:00:00,145.43,25/02/2025 16:00:00,311.8,25/02/2025 16:00:00,296.99,25/02/2025 16:00:00,45.99,25/02/2025 16:00:00,79,25/02/2025 16:00:00,341,25/02/2025 16:00:00,242.89,26/02/2025 16:00:00,63.6,25/02/2025 16:00:00,70.38,25/02/2025 16:00:00,26.52,25/02/2025 16:00:00,28.58,25/02/2025 16:00:00,180.45,25/02/2025 16:00:00,460.77,25/02/2025 16:00:00,58.3,25/02/2025 16:00:00,562.44,25/02/2025 16:00:00,628.53,25/02/2025 16:00:00,90.65,,,25/02/2025 16:00:00,890.74,25/02/2025 16:00:00,184.8,25/02/2025 16:00:00,82.39,06/03/2025 16:00:00,1.89,25/02/2025 16:00:00,211.15,25/02/2025 16:00:00,80.31,25/02/2025 16:00:00,111.1,25/02/2025 16:00:00,126.28,25/02/2025 16:00:00,90.36,25/02/2025 16:00:00,1040.73,25/02/2025 16:00:00,89.22,,,25/02/2025 16:00:00,361.08,25/02/2025 16:00:00,34.78,26/02/2025 16:00:00,120.58,25/02/2025 16:00:00,210.9,25/02/2025 16:00:00,81.79,25/02/2025 16:00:00,9.37,25/02/2025 16:00:00,39.19,31/07/2025 16:00:00,0.01,26/02/2025 16:00:00,114.61,25/02/2025 16:00:00,37.19,25/02/2025 16:00:00,140,26/02/2025 16:00:00,22.48,25/02/2025 16:00:00,201.47,25/02/2025 16:00:00,43.56,25/02/2025 16:00:00,14.99,25/02/2025 16:00:00,121.52,,,25/02/2025 16:00:00,140.64,25/02/2025 16:00:00,26.75,25/02/2025 16:00:00,199.96,26/02/2025 16:00:00,35.94,25/02/2025 16:00:00,12.66,25/02/2025 16:00:00,188.32,25/02/2025 16:00:00,486.68,25/02/2025 16:00:00,238,26/02/2025 16:00:00,956.5,,,,,25/02/2025 16:00:00,57.45,26/02/2025 16:00:00,106.48,25/02/2025 16:00:00,150.7,26/02/2025 16:00:00,116.91,25/02/2025 16:00:00,133.32,25/02/2025 16:00:00,71.2
26/02/2025 16:00:00,244.33,26/02/2025 16:00:00,109.74,26/02/2025 16:00:00,398.01,26/02/2025 16:00:00,97.7,26/02/2025 16:00:00,258.1,26/02/2025 16:00:00,156.62,26/02/2025 16:00:00,201.76,26/02/2025 16:00:00,26.56,26/02/2025 16:00:00,176.95,27/02/2025 16:00:00,162.31,26/02/2025 16:00:00,172.28,26/02/2025 16:00:00,26.68,26/02/2025 16:00:00,76.35,26/02/2025 16:00:00,71.27,26/02/2025 16:00:00,157.4,26/02/2025 16:00:00,170.98,26/02/2025 16:00:00,257.16,26/02/2025 16:00:00,91.3,26/02/2025 16:00:00,23.25,26/02/2025 16:00:00,43.54,26/02/2025 16:00:00,155.57,26/02/2025 16:00:00,161.83,26/02/2025 16:00:00,214.94,26/02/2025 16:00:00,135.15,26/02/2025 16:00:00,41.17,26/02/2025 16:00:00,64.05,26/02/2025 16:00:00,35.78,27/02/2025 16:00:00,305.19,26/02/2025 16:00:00,110.06,26/02/2025 16:00:00,350,26/02/2025 16:00:00,78.8,26/02/2025 16:00:00,44.04,26/02/2025 16:00:00,395.24,27/02/2025 16:00:00,48.9,26/02/2025 16:00:00,118.1,,,28/02/2025 17:36:00,88,26/02/2025 16:00:00,55.77,26/02/2025 16:00:00,97.3,26/02/2025 16:00:00,144.39,26/02/2025 16:00:00,311.95,26/02/2025 16:00:00,295.14,26/02/2025 16:00:00,46.19,26/02/2025 16:00:00,79,26/02/2025 16:00:00,345.45,26/02/2025 16:00:00,245.93,27/02/2025 16:00:00,64.03,26/02/2025 16:00:00,71.11,26/02/2025 16:00:00,26.65,26/02/2025 16:00:00,28.34,26/02/2025 16:00:00,179.49,26/02/2025 16:00:00,464.65,26/02/2025 16:00:00,58.16,26/02/2025 16:00:00,562.59,26/02/2025 16:00:00,616.67,26/02/2025 16:00:00,91.69,,,26/02/2025 16:00:00,898.37,26/02/2025 16:00:00,184.68,26/02/2025 16:00:00,81.95,07/03/2025 16:00:00,1.89,26/02/2025 16:00:00,210.83,26/02/2025 16:00:00,82.1,26/02/2025 16:00:00,110.71,26/02/2025 16:00:00,127.72,26/02/2025 16:00:00,90.46,26/02/2025 16:00:00,1050.14,26/02/2025 16:00:00,89.38,,,26/02/2025 16:00:00,362.7,26/02/2025 16:00:00,33.97,27/02/2025 16:00:00,120.37,26/02/2025 16:00:00,210.07,26/02/2025 16:00:00,82.52,26/02/2025 16:00:00,9.46,26/02/2025 16:00:00,39.54,01/08/2025 16:00:00,0.01,27/02/2025 16:00:00,113,26/02/2025 16:00:00,38.54,26/02/2025 16:00:00,143.09,27/02/2025 16:00:00,22.07,26/02/2025 16:00:00,199.98,26/02/2025 16:00:00,43.97,26/02/2025 16:00:00,15,26/02/2025 16:00:00,125.88,,,26/02/2025 16:00:00,140.54,26/02/2025 16:00:00,26.33,26/02/2025 16:00:00,196.17,27/02/2025 16:00:00,35.05,26/02/2025 16:00:00,12.66,26/02/2025 16:00:00,187.11,26/02/2025 16:00:00,490,26/02/2025 16:00:00,251.93,27/02/2025 16:00:00,959.1,,,,,26/02/2025 16:00:00,57.27,27/02/2025 16:00:00,106.42,26/02/2025 16:00:00,154.9,27/02/2025 16:00:00,115.62,26/02/2025 16:00:00,131.06,26/02/2025 16:00:00,71.19
27/02/2025 16:00:00,239.41,27/02/2025 16:00:00,110.01,27/02/2025 16:00:00,401.27,27/02/2025 16:00:00,95.9,27/02/2025 16:00:00,255.22,27/02/2025 16:00:00,155.69,27/02/2025 16:00:00,204.42,27/02/2025 16:00:00,26.64,27/02/2025 16:00:00,175.94,28/02/2025 16:00:00,164.31,27/02/2025 16:00:00,170.85,27/02/2025 16:00:00,26.29,27/02/2025 16:00:00,76.99,27/02/2025 16:00:00,70.72,27/02/2025 16:00:00,154.88,27/02/2025 16:00:00,173,27/02/2025 16:00:00,260.18,27/02/2025 16:00:00,89.35,27/02/2025 16:00:00,23.7,27/02/2025 16:00:00,43.08,27/02/2025 16:00:00,150.9,27/02/2025 16:00:00,162.34,27/02/2025 16:00:00,218.35,27/02/2025 16:00:00,135.72,27/02/2025 16:00:00,40.86,27/02/2025 16:00:00,64.77,27/02/2025 16:00:00,35.09,28/02/2025 16:00:00,307.61,27/02/2025 16:00:00,112.32,27/02/2025 16:00:00,351.9,27/02/2025 16:00:00,79.56,27/02/2025 16:00:00,44.09,27/02/2025 16:00:00,389.91,28/02/2025 16:00:00,48.48,27/02/2025 16:00:00,117,,,03/03/2025 17:36:00,88.57,27/02/2025 16:00:00,54.75,27/02/2025 16:00:00,97.2,27/02/2025 16:00:00,148.77,27/02/2025 16:00:00,305.3,27/02/2025 16:00:00,296,27/02/2025 16:00:00,45.82,27/02/2025 16:00:00,78.51,27/02/2025 16:00:00,343.65,27/02/2025 16:00:00,244.99,28/02/2025 16:00:00,64.28,27/02/2025 16:00:00,64.29,27/02/2025 16:00:00,26.5,27/02/2025 16:00:00,28.17,27/02/2025 16:00:00,174.52,27/02/2025 16:00:00,466.17,27/02/2025 16:00:00,57.34,27/02/2025 16:00:00,565.57,27/02/2025 16:00:00,617.54,27/02/2025 16:00:00,89.96,,,27/02/2025 16:00:00,915.72,27/02/2025 16:00:00,185.04,27/02/2025 16:00:00,81.43,10/03/2025 16:00:00,1.95,27/02/2025 16:00:00,211.79,27/02/2025 16:00:00,81.49,27/02/2025 16:00:00,110.33,27/02/2025 16:00:00,123.74,27/02/2025 16:00:00,90.3,27/02/2025 16:00:00,1034,27/02/2025 16:00:00,88.25,,,27/02/2025 16:00:00,358.05,27/02/2025 16:00:00,33.69,28/02/2025 16:00:00,120.14,27/02/2025 16:00:00,207.94,27/02/2025 16:00:00,83,27/02/2025 16:00:00,9.44,27/02/2025 16:00:00,38.75,,,28/02/2025 16:00:00,115.06,27/02/2025 16:00:00,38.79,27/02/2025 16:00:00,140.06,28/02/2025 16:00:00,20.12,27/02/2025 16:00:00,197.5,27/02/2025 16:00:00,43.89,27/02/2025 16:00:00,14.99,27/02/2025 16:00:00,126,,,27/02/2025 16:00:00,138.81,27/02/2025 16:00:00,26.1,27/02/2025 16:00:00,198.57,28/02/2025 16:00:00,34.95,27/02/2025 16:00:00,12.85,27/02/2025 16:00:00,187.78,27/02/2025 16:00:00,482.32,27/02/2025 16:00:00,247.08,28/02/2025 16:00:00,943.18,,,,,27/02/2025 16:00:00,56.91,28/02/2025 16:00:00,108.49,27/02/2025 16:00:00,151.56,28/02/2025 16:00:00,117.1,27/02/2025 16:00:00,131.02,27/02/2025 16:00:00,70.57
28/02/2025 16:00:00,236.95,28/02/2025 16:00:00,110.11,28/02/2025 16:00:00,392.66,28/02/2025 16:00:00,97.79,28/02/2025 16:00:00,250.86,28/02/2025 16:00:00,156.7,28/02/2025 16:00:00,201.95,28/02/2025 16:00:00,27,28/02/2025 16:00:00,170.3,03/03/2025 16:00:00,164.96,28/02/2025 16:00:00,173.58,28/02/2025 16:00:00,26.06,28/02/2025 16:00:00,77.04,28/02/2025 16:00:00,71.45,28/02/2025 16:00:00,155.36,28/02/2025 16:00:00,163.11,28/02/2025 16:00:00,260.73,28/02/2025 16:00:00,90.71,28/02/2025 16:00:00,23.02,28/02/2025 16:00:00,43.43,28/02/2025 16:00:00,153.7,28/02/2025 16:00:00,155.1,28/02/2025 16:00:00,208.65,28/02/2025 16:00:00,136.4,28/02/2025 16:00:00,40.82,28/02/2025 16:00:00,63.93,28/02/2025 16:00:00,35.65,03/03/2025 16:00:00,308.11,28/02/2025 16:00:00,111.46,28/02/2025 16:00:00,354.71,28/02/2025 16:00:00,79.22,28/02/2025 16:00:00,44.32,28/02/2025 16:00:00,394.42,03/03/2025 16:00:00,49.15,28/02/2025 16:00:00,117.8,,,04/03/2025 17:36:00,74.99,28/02/2025 16:00:00,55.55,28/02/2025 16:00:00,97.13,28/02/2025 16:00:00,151.5,28/02/2025 16:00:00,308.51,28/02/2025 16:00:00,296.29,28/02/2025 16:00:00,46.45,28/02/2025 16:00:00,80,28/02/2025 16:00:00,341.98,28/02/2025 16:00:00,244.92,03/03/2025 16:00:00,65.76,28/02/2025 16:00:00,63.41,28/02/2025 16:00:00,25.69,28/02/2025 16:00:00,28.27,28/02/2025 16:00:00,174.36,28/02/2025 16:00:00,467,28/02/2025 16:00:00,58.97,28/02/2025 16:00:00,567.3,28/02/2025 16:00:00,607.79,28/02/2025 16:00:00,91.04,,,28/02/2025 16:00:00,901.84,28/02/2025 16:00:00,183.68,28/02/2025 16:00:00,81.44,11/03/2025 16:00:00,1.92,28/02/2025 16:00:00,212.99,28/02/2025 16:00:00,79.25,28/02/2025 16:00:00,112.15,28/02/2025 16:00:00,122.8,28/02/2025 16:00:00,91.55,28/02/2025 16:00:00,1030.61,28/02/2025 16:00:00,89.33,,,28/02/2025 16:00:00,357.15,28/02/2025 16:00:00,31.43,03/03/2025 16:00:00,122.84,28/02/2025 16:00:00,207.05,28/02/2025 16:00:00,84.79,28/02/2025 16:00:00,9.32,28/02/2025 16:00:00,37.8,,,03/03/2025 16:00:00,116.04,28/02/2025 16:00:00,36.71,28/02/2025 16:00:00,141.06,03/03/2025 16:00:00,20.89,28/02/2025 16:00:00,193.29,28/02/2025 16:00:00,44.23,28/02/2025 16:00:00,14.9,28/02/2025 16:00:00,123.6,,,28/02/2025 16:00:00,141.26,28/02/2025 16:00:00,26,28/02/2025 16:00:00,198.6,03/03/2025 16:00:00,34.87,28/02/2025 16:00:00,12.6,28/02/2025 16:00:00,190.18,28/02/2025 16:00:00,479.93,28/02/2025 16:00:00,248.17,03/03/2025 16:00:00,979.84,,,,,28/02/2025 16:00:00,56.4,03/03/2025 16:00:00,110,28/02/2025 16:00:00,154.17,03/03/2025 16:00:00,117.32,28/02/2025 16:00:00,128.1,28/02/2025 16:00:00,69.59
03/03/2025 16:00:00,241.79,03/03/2025 16:00:00,111.7,03/03/2025 16:00:00,398.82,03/03/2025 16:00:00,97.98,03/03/2025 16:00:00,254.74,03/03/2025 16:00:00,159.46,03/03/2025 16:00:00,207.09,03/03/2025 16:00:00,27.27,03/03/2025 16:00:00,173.73,04/03/2025 16:00:00,168.08,03/03/2025 16:00:00,173.58,03/03/2025 16:00:00,26.37,03/03/2025 16:00:00,78.86,03/03/2025 16:00:00,70.24,03/03/2025 16:00:00,154.82,03/03/2025 16:00:00,166.95,03/03/2025 16:00:00,264,03/03/2025 16:00:00,91.78,03/03/2025 16:00:00,25,03/03/2025 16:00:00,42.96,03/03/2025 16:00:00,151.35,03/03/2025 16:00:00,158.99,03/03/2025 16:00:00,213.35,03/03/2025 16:00:00,138.17,03/03/2025 16:00:00,41.98,03/03/2025 16:00:00,64.39,03/03/2025 16:00:00,35.87,04/03/2025 16:00:00,304.59,03/03/2025 16:00:00,114.07,03/03/2025 16:00:00,363,03/03/2025 16:00:00,80,03/03/2025 16:00:00,46.21,03/03/2025 16:00:00,396.95,04/03/2025 16:00:00,46.24,03/03/2025 16:00:00,119.82,,,05/03/2025 17:36:00,75.77,03/03/2025 16:00:00,55.8,03/03/2025 16:00:00,99.75,03/03/2025 16:00:00,155.5,03/03/2025 16:00:00,307.34,03/03/2025 16:00:00,301.43,03/03/2025 16:00:00,47.11,03/03/2025 16:00:00,82.94,03/03/2025 16:00:00,347.63,03/03/2025 16:00:00,248.34,04/03/2025 16:00:00,64.33,03/03/2025 16:00:00,65.01,03/03/2025 16:00:00,25.98,03/03/2025 16:00:00,28.67,03/03/2025 16:00:00,177.02,03/03/2025 16:00:00,474.37,03/03/2025 16:00:00,59.75,03/03/2025 16:00:00,577.33,03/03/2025 16:00:00,622.4,03/03/2025 16:00:00,90.99,,,03/03/2025 16:00:00,912.8,03/03/2025 16:00:00,187.29,03/03/2025 16:00:00,82.15,12/03/2025 16:00:00,1.95,03/03/2025 16:00:00,213.72,03/03/2025 16:00:00,79.99,03/03/2025 16:00:00,114.89,03/03/2025 16:00:00,125.27,03/03/2025 16:00:00,92.67,03/03/2025 16:00:00,1051.74,03/03/2025 16:00:00,89.61,,,03/03/2025 16:00:00,349.42,03/03/2025 16:00:00,31.08,04/03/2025 16:00:00,115.12,03/03/2025 16:00:00,209.46,03/03/2025 16:00:00,86.74,03/03/2025 16:00:00,9.71,03/03/2025 16:00:00,38.67,,,04/03/2025 16:00:00,114.99,03/03/2025 16:00:00,38.1,03/03/2025 16:00:00,140.41,04/03/2025 16:00:00,18.56,03/03/2025 16:00:00,199.01,03/03/2025 16:00:00,44.05,03/03/2025 16:00:00,15.06,03/03/2025 16:00:00,124.43,,,03/03/2025 16:00:00,141.2,03/03/2025 16:00:00,26.52,03/03/2025 16:00:00,200.3,04/03/2025 16:00:00,34.87,03/03/2025 16:00:00,12.88,03/03/2025 16:00:00,192.35,03/03/2025 16:00:00,484.07,03/03/2025 16:00:00,248.68,04/03/2025 16:00:00,952.36,,,,,03/03/2025 16:00:00,56.54,04/03/2025 16:00:00,109.83,03/03/2025 16:00:00,157.52,04/03/2025 16:00:00,119.27,03/03/2025 16:00:00,126.93,03/03/2025 16:00:00,70.05
04/03/2025 16:00:00,237.71,04/03/2025 16:00:00,106.36,04/03/2025 16:00:00,383.4,04/03/2025 16:00:00,95.76,04/03/2025 16:00:00,248.75,04/03/2025 16:00:00,151.21,04/03/2025 16:00:00,198,04/03/2025 16:00:00,27.8,04/03/2025 16:00:00,167.94,05/03/2025 16:00:00,164.51,04/03/2025 16:00:00,176.75,04/03/2025 16:00:00,26.25,04/03/2025 16:00:00,75.47,04/03/2025 16:00:00,72.07,04/03/2025 16:00:00,158.48,04/03/2025 16:00:00,159.22,04/03/2025 16:00:00,255.28,04/03/2025 16:00:00,93.57,04/03/2025 16:00:00,22.54,04/03/2025 16:00:00,44,04/03/2025 16:00:00,157.34,04/03/2025 16:00:00,155.27,04/03/2025 16:00:00,200.11,04/03/2025 16:00:00,141,04/03/2025 16:00:00,39.2,04/03/2025 16:00:00,63.74,04/03/2025 16:00:00,36.21,05/03/2025 16:00:00,304,04/03/2025 16:00:00,111.7,04/03/2025 16:00:00,360.11,04/03/2025 16:00:00,74.54,04/03/2025 16:00:00,44.73,04/03/2025 16:00:00,386.15,05/03/2025 16:00:00,46,04/03/2025 16:00:00,118.49,,,06/03/2025 17:36:00,84.67,04/03/2025 16:00:00,57.82,04/03/2025 16:00:00,91.06,04/03/2025 16:00:00,150.5,04/03/2025 16:00:00,316.53,04/03/2025 16:00:00,291.57,04/03/2025 16:00:00,45.5,04/03/2025 16:00:00,81.68,04/03/2025 16:00:00,327.39,04/03/2025 16:00:00,243.67,05/03/2025 16:00:00,64.2,04/03/2025 16:00:00,65.1,04/03/2025 16:00:00,25.7,04/03/2025 16:00:00,28.45,04/03/2025 16:00:00,167.37,04/03/2025 16:00:00,469.75,04/03/2025 16:00:00,59.96,04/03/2025 16:00:00,570.46,04/03/2025 16:00:00,595.98,04/03/2025 16:00:00,93.27,,,04/03/2025 16:00:00,922.24,04/03/2025 16:00:00,187.53,04/03/2025 16:00:00,78.83,13/03/2025 16:00:00,1.92,04/03/2025 16:00:00,211.7,04/03/2025 16:00:00,77.7,04/03/2025 16:00:00,117.25,04/03/2025 16:00:00,117.5,04/03/2025 16:00:00,94.75,04/03/2025 16:00:00,1045.73,04/03/2025 16:00:00,91.4,,,04/03/2025 16:00:00,342.18,04/03/2025 16:00:00,29.92,05/03/2025 16:00:00,114.74,04/03/2025 16:00:00,205.68,04/03/2025 16:00:00,84.48,04/03/2025 16:00:00,9.23,04/03/2025 16:00:00,35.89,,,05/03/2025 16:00:00,111.57,04/03/2025 16:00:00,35.4,04/03/2025 16:00:00,143.41,05/03/2025 16:00:00,18.37,04/03/2025 16:00:00,196.37,04/03/2025 16:00:00,44.85,04/03/2025 16:00:00,13.94,04/03/2025 16:00:00,122.79,,,04/03/2025 16:00:00,144.3,04/03/2025 16:00:00,24.51,04/03/2025 16:00:00,192.06,05/03/2025 16:00:00,34.85,04/03/2025 16:00:00,12.43,04/03/2025 16:00:00,187.05,04/03/2025 16:00:00,453.8,04/03/2025 16:00:00,244.61,05/03/2025 16:00:00,964,,,,,04/03/2025 16:00:00,56.92,05/03/2025 16:00:00,107.45,04/03/2025 16:00:00,158.25,05/03/2025 16:00:00,115.61,04/03/2025 16:00:00,119.14,04/03/2025 16:00:00,71.96
05/03/2025 16:00:00,235.42,05/03/2025 16:00:00,105.84,05/03/2025 16:00:00,389.34,05/03/2025 16:00:00,94.97,05/03/2025 16:00:00,251.58,05/03/2025 16:00:00,150.15,05/03/2025 16:00:00,198.87,05/03/2025 16:00:00,26.07,05/03/2025 16:00:00,172.32,06/03/2025 16:00:00,165,05/03/2025 16:00:00,173.38,05/03/2025 16:00:00,25.7,05/03/2025 16:00:00,73.21,05/03/2025 16:00:00,69.9,05/03/2025 16:00:00,153.34,05/03/2025 16:00:00,158.06,05/03/2025 16:00:00,251.25,05/03/2025 16:00:00,91.08,05/03/2025 16:00:00,21.33,05/03/2025 16:00:00,42.78,05/03/2025 16:00:00,152.93,05/03/2025 16:00:00,155.04,05/03/2025 16:00:00,204.8,05/03/2025 16:00:00,136.9,05/03/2025 16:00:00,38.7,05/03/2025 16:00:00,63.23,05/03/2025 16:00:00,35.32,06/03/2025 16:00:00,307.8,05/03/2025 16:00:00,109.34,05/03/2025 16:00:00,350.83,05/03/2025 16:00:00,72.6,05/03/2025 16:00:00,42.65,05/03/2025 16:00:00,379,06/03/2025 16:00:00,45.15,05/03/2025 16:00:00,117.48,,,07/03/2025 17:36:00,87.38,05/03/2025 16:00:00,56.15,05/03/2025 16:00:00,88.83,05/03/2025 16:00:00,146.76,05/03/2025 16:00:00,310.63,05/03/2025 16:00:00,283,05/03/2025 16:00:00,44.58,05/03/2025 16:00:00,80.83,05/03/2025 16:00:00,329.12,05/03/2025 16:00:00,241.82,06/03/2025 16:00:00,65.8,05/03/2025 16:00:00,66.66,05/03/2025 16:00:00,26.31,05/03/2025 16:00:00,27.91,05/03/2025 16:00:00,159.96,05/03/2025 16:00:00,471.07,05/03/2025 16:00:00,59.43,05/03/2025 16:00:00,552.58,05/03/2025 16:00:00,582.09,05/03/2025 16:00:00,90.4,,,05/03/2025 16:00:00,904.8,05/03/2025 16:00:00,182.07,05/03/2025 16:00:00,78.33,14/03/2025 16:00:00,1.92,05/03/2025 16:00:00,208,05/03/2025 16:00:00,77.33,05/03/2025 16:00:00,114.74,05/03/2025 16:00:00,116.37,05/03/2025 16:00:00,93.59,05/03/2025 16:00:00,1033.08,05/03/2025 16:00:00,89.21,,,05/03/2025 16:00:00,345.22,05/03/2025 16:00:00,29.5,06/03/2025 16:00:00,114.52,05/03/2025 16:00:00,205.44,05/03/2025 16:00:00,81.48,05/03/2025 16:00:00,9.26,05/03/2025 16:00:00,36.26,,,06/03/2025 16:00:00,110.01,05/03/2025 16:00:00,36.42,05/03/2025 16:00:00,142.85,06/03/2025 16:00:00,18.54,05/03/2025 16:00:00,195.22,05/03/2025 16:00:00,43.41,05/03/2025 16:00:00,14.03,05/03/2025 16:00:00,121.34,,,05/03/2025 16:00:00,140.73,05/03/2025 16:00:00,23.71,05/03/2025 16:00:00,184.98,06/03/2025 16:00:00,35.25,05/03/2025 16:00:00,12.04,05/03/2025 16:00:00,180.79,05/03/2025 16:00:00,460.39,05/03/2025 16:00:00,238,06/03/2025 16:00:00,957.63,,,,,05/03/2025 16:00:00,54.03,06/03/2025 16:00:00,107.6,05/03/2025 16:00:00,158.4,06/03/2025 16:00:00,115.5,05/03/2025 16:00:00,120,05/03/2025 16:00:00,70.53
06/03/2025 16:00:00,234.44,06/03/2025 16:00:00,105.43,06/03/2025 16:00:00,394.28,06/03/2025 16:00:00,94.8,06/03/2025 16:00:00,249.75,06/03/2025 16:00:00,150.51,06/03/2025 16:00:00,199,06/03/2025 16:00:00,26.22,06/03/2025 16:00:00,172.55,07/03/2025 16:00:00,165.13,06/03/2025 16:00:00,174.89,06/03/2025 16:00:00,25.93,06/03/2025 16:00:00,73.79,06/03/2025 16:00:00,70.41,06/03/2025 16:00:00,152.97,06/03/2025 16:00:00,157.16,06/03/2025 16:00:00,248.11,06/03/2025 16:00:00,93.13,06/03/2025 16:00:00,20.26,06/03/2025 16:00:00,43,06/03/2025 16:00:00,154.17,06/03/2025 16:00:00,154.11,06/03/2025 16:00:00,204.4,06/03/2025 16:00:00,137.06,06/03/2025 16:00:00,39.02,06/03/2025 16:00:00,63.8,06/03/2025 16:00:00,35.53,07/03/2025 16:00:00,310.82,06/03/2025 16:00:00,108.38,06/03/2025 16:00:00,345.96,06/03/2025 16:00:00,71.81,06/03/2025 16:00:00,41.59,06/03/2025 16:00:00,383.5,07/03/2025 16:00:00,46.35,06/03/2025 16:00:00,118.94,,,10/03/2025 17:36:00,85.73,06/03/2025 16:00:00,56.1,06/03/2025 16:00:00,88.8,06/03/2025 16:00:00,146.39,06/03/2025 16:00:00,316.42,06/03/2025 16:00:00,279.8,06/03/2025 16:00:00,44.21,06/03/2025 16:00:00,80.91,06/03/2025 16:00:00,335.27,06/03/2025 16:00:00,243.3,07/03/2025 16:00:00,64.41,06/03/2025 16:00:00,66.19,06/03/2025 16:00:00,26.67,06/03/2025 16:00:00,27.94,06/03/2025 16:00:00,161.42,06/03/2025 16:00:00,476,06/03/2025 16:00:00,59.94,06/03/2025 16:00:00,548.5,06/03/2025 16:00:00,580.59,06/03/2025 16:00:00,91.8,,,06/03/2025 16:00:00,920.42,06/03/2025 16:00:00,181.17,06/03/2025 16:00:00,79.19,17/03/2025 16:00:00,1.89,06/03/2025 16:00:00,208.94,06/03/2025 16:00:00,76.74,06/03/2025 16:00:00,115.46,06/03/2025 16:00:00,114.98,06/03/2025 16:00:00,93.74,06/03/2025 16:00:00,1032.95,06/03/2025 16:00:00,88.25,,,06/03/2025 16:00:00,344.52,06/03/2025 16:00:00,29.25,07/03/2025 16:00:00,115.33,06/03/2025 16:00:00,210.72,06/03/2025 16:00:00,82.03,06/03/2025 16:00:00,9.52,06/03/2025 16:00:00,37.33,,,07/03/2025 16:00:00,104.73,06/03/2025 16:00:00,38,06/03/2025 16:00:00,143.65,07/03/2025 16:00:00,19.01,06/03/2025 16:00:00,191.76,06/03/2025 16:00:00,43.37,06/03/2025 16:00:00,14.19,06/03/2025 16:00:00,121.56,,,06/03/2025 16:00:00,141.92,06/03/2025 16:00:00,24.07,06/03/2025 16:00:00,179.79,07/03/2025 16:00:00,35.34,06/03/2025 16:00:00,11.88,06/03/2025 16:00:00,178.27,06/03/2025 16:00:00,468,06/03/2025 16:00:00,241.82,07/03/2025 16:00:00,953.03,,,,,06/03/2025 16:00:00,54.08,07/03/2025 16:00:00,107.63,06/03/2025 16:00:00,159.07,07/03/2025 16:00:00,114.81,06/03/2025 16:00:00,122.21,06/03/2025 16:00:00,70.02
07/03/2025 16:00:00,235.11,07/03/2025 16:00:00,108.41,07/03/2025 16:00:00,392.32,07/03/2025 16:00:00,93.94,07/03/2025 16:00:00,245.95,07/03/2025 16:00:00,153.95,07/03/2025 16:00:00,195.07,07/03/2025 16:00:00,26.67,07/03/2025 16:00:00,173.24,10/03/2025 16:00:00,167.31,07/03/2025 16:00:00,174.09,07/03/2025 16:00:00,26.37,07/03/2025 16:00:00,72.25,07/03/2025 16:00:00,69.65,07/03/2025 16:00:00,153.12,07/03/2025 16:00:00,150.33,07/03/2025 16:00:00,245.23,07/03/2025 16:00:00,94.26,07/03/2025 16:00:00,20.27,07/03/2025 16:00:00,44.3,07/03/2025 16:00:00,153.25,07/03/2025 16:00:00,155.22,07/03/2025 16:00:00,199.49,07/03/2025 16:00:00,134.51,07/03/2025 16:00:00,39.94,07/03/2025 16:00:00,62.9,07/03/2025 16:00:00,36.08,10/03/2025 16:00:00,320,07/03/2025 16:00:00,105,07/03/2025 16:00:00,340.87,07/03/2025 16:00:00,70.18,07/03/2025 16:00:00,41.31,07/03/2025 16:00:00,379.5,10/03/2025 16:00:00,47.1,07/03/2025 16:00:00,119.6,,,11/03/2025 17:36:00,83.3,07/03/2025 16:00:00,56.85,07/03/2025 16:00:00,89.39,07/03/2025 16:00:00,144.69,07/03/2025 16:00:00,318.95,07/03/2025 16:00:00,273.66,07/03/2025 16:00:00,44.38,07/03/2025 16:00:00,80.72,07/03/2025 16:00:00,339.4,07/03/2025 16:00:00,246.09,10/03/2025 16:00:00,65.73,07/03/2025 16:00:00,67.61,07/03/2025 16:00:00,26.47,07/03/2025 16:00:00,28.03,07/03/2025 16:00:00,157.19,07/03/2025 16:00:00,483.83,07/03/2025 16:00:00,60.45,07/03/2025 16:00:00,547.07,07/03/2025 16:00:00,568.17,07/03/2025 16:00:00,92.84,,,07/03/2025 16:00:00,905.39,07/03/2025 16:00:00,174.32,07/03/2025 16:00:00,78.34,18/03/2025 16:00:00,1.89,07/03/2025 16:00:00,211.25,07/03/2025 16:00:00,77.48,07/03/2025 16:00:00,115.65,07/03/2025 16:00:00,113.52,07/03/2025 16:00:00,92.6,07/03/2025 16:00:00,995.15,07/03/2025 16:00:00,88.55,,,07/03/2025 16:00:00,339,07/03/2025 16:00:00,29.83,10/03/2025 16:00:00,113.1,07/03/2025 16:00:00,213.34,07/03/2025 16:00:00,81.79,07/03/2025 16:00:00,9.54,07/03/2025 16:00:00,37.19,,,10/03/2025 16:00:00,105.73,07/03/2025 16:00:00,37.18,07/03/2025 16:00:00,147.42,10/03/2025 16:00:00,18.58,07/03/2025 16:00:00,189.26,07/03/2025 16:00:00,42.76,07/03/2025 16:00:00,14.45,07/03/2025 16:00:00,120.01,,,07/03/2025 16:00:00,140.67,07/03/2025 16:00:00,24.6,07/03/2025 16:00:00,175,10/03/2025 16:00:00,36.69,07/03/2025 16:00:00,11.58,07/03/2025 16:00:00,178.83,07/03/2025 16:00:00,478.27,07/03/2025 16:00:00,242.06,10/03/2025 16:00:00,918.1,,,,,07/03/2025 16:00:00,53.73,10/03/2025 16:00:00,106.33,07/03/2025 16:00:00,159.55,10/03/2025 16:00:00,116.95,07/03/2025 16:00:00,122.99,07/03/2025 16:00:00,70.18
10/03/2025 16:00:00,235.54,10/03/2025 16:00:00,109.28,10/03/2025 16:00:00,385.84,10/03/2025 16:00:00,89.76,10/03/2025 16:00:00,261.14,10/03/2025 16:00:00,157.19,10/03/2025 16:00:00,189.44,10/03/2025 16:00:00,27.11,10/03/2025 16:00:00,170.16,11/03/2025 16:00:00,167.2,10/03/2025 16:00:00,176.76,10/03/2025 16:00:00,26.64,10/03/2025 16:00:00,69.55,10/03/2025 16:00:00,71.96,10/03/2025 16:00:00,151.25,10/03/2025 16:00:00,150.53,10/03/2025 16:00:00,236.34,10/03/2025 16:00:00,94.69,10/03/2025 16:00:00,20.24,10/03/2025 16:00:00,46.06,10/03/2025 16:00:00,155.88,10/03/2025 16:00:00,157.35,10/03/2025 16:00:00,195.6,10/03/2025 16:00:00,136.43,10/03/2025 16:00:00,41.22,10/03/2025 16:00:00,63.48,10/03/2025 16:00:00,37.41,11/03/2025 16:00:00,317.62,10/03/2025 16:00:00,104.43,10/03/2025 16:00:00,340.48,10/03/2025 16:00:00,68.49,10/03/2025 16:00:00,40.45,10/03/2025 16:00:00,376.03,11/03/2025 16:00:00,47.49,10/03/2025 16:00:00,121.04,,,12/03/2025 17:36:00,82.63,10/03/2025 16:00:00,58,10/03/2025 16:00:00,91.45,10/03/2025 16:00:00,143.12,10/03/2025 16:00:00,324.13,10/03/2025 16:00:00,267.71,10/03/2025 16:00:00,43.79,10/03/2025 16:00:00,80.88,10/03/2025 16:00:00,345.5,10/03/2025 16:00:00,247.62,11/03/2025 16:00:00,65.63,10/03/2025 16:00:00,70.34,10/03/2025 16:00:00,26,10/03/2025 16:00:00,27.67,10/03/2025 16:00:00,150.03,10/03/2025 16:00:00,492,10/03/2025 16:00:00,60.95,10/03/2025 16:00:00,538.15,10/03/2025 16:00:00,544.42,10/03/2025 16:00:00,97.33,,,10/03/2025 16:00:00,853.91,10/03/2025 16:00:00,168.1,10/03/2025 16:00:00,77.57,19/03/2025 16:00:00,1.89,10/03/2025 16:00:00,214.29,10/03/2025 16:00:00,77.51,10/03/2025 16:00:00,117,10/03/2025 16:00:00,114.69,10/03/2025 16:00:00,93.68,10/03/2025 16:00:00,955.47,10/03/2025 16:00:00,91.24,,,10/03/2025 16:00:00,338.01,10/03/2025 16:00:00,30.31,11/03/2025 16:00:00,112.13,10/03/2025 16:00:00,209.19,10/03/2025 16:00:00,79.76,10/03/2025 16:00:00,9.77,10/03/2025 16:00:00,37.35,,,11/03/2025 16:00:00,101.89,10/03/2025 16:00:00,35.6,10/03/2025 16:00:00,150.29,11/03/2025 16:00:00,19.1,10/03/2025 16:00:00,187.62,10/03/2025 16:00:00,43.31,10/03/2025 16:00:00,15,10/03/2025 16:00:00,118.78,,,10/03/2025 16:00:00,145.71,10/03/2025 16:00:00,25.02,10/03/2025 16:00:00,167.99,11/03/2025 16:00:00,36.44,10/03/2025 16:00:00,11.4,10/03/2025 16:00:00,176.39,10/03/2025 16:00:00,498,10/03/2025 16:00:00,242.5,11/03/2025 16:00:00,912.13,,,,,10/03/2025 16:00:00,55.05,11/03/2025 16:00:00,106.57,10/03/2025 16:00:00,161.31,11/03/2025 16:00:00,118.28,10/03/2025 16:00:00,126.84,10/03/2025 16:00:00,72.83
11/03/2025 16:00:00,223.81,11/03/2025 16:00:00,111.92,11/03/2025 16:00:00,379,11/03/2025 16:00:00,87.29,11/03/2025 16:00:00,255.99,11/03/2025 16:00:00,158.43,11/03/2025 16:00:00,189.93,11/03/2025 16:00:00,26.47,11/03/2025 16:00:00,166.68,12/03/2025 16:00:00,163.73,11/03/2025 16:00:00,175.83,11/03/2025 16:00:00,26.57,11/03/2025 16:00:00,66.83,11/03/2025 16:00:00,71.88,11/03/2025 16:00:00,150.85,11/03/2025 16:00:00,143.42,11/03/2025 16:00:00,231.75,11/03/2025 16:00:00,94.98,11/03/2025 16:00:00,19.97,11/03/2025 16:00:00,43.24,11/03/2025 16:00:00,155.79,11/03/2025 16:00:00,154.85,11/03/2025 16:00:00,193.9,11/03/2025 16:00:00,137.06,11/03/2025 16:00:00,41.39,11/03/2025 16:00:00,62.28,11/03/2025 16:00:00,36.07,12/03/2025 16:00:00,303.69,11/03/2025 16:00:00,99.79,11/03/2025 16:00:00,338.41,11/03/2025 16:00:00,67.29,11/03/2025 16:00:00,39.7,11/03/2025 16:00:00,374.22,12/03/2025 16:00:00,46.27,11/03/2025 16:00:00,120.27,,,13/03/2025 17:36:00,87.47,11/03/2025 16:00:00,58.8,11/03/2025 16:00:00,92.9,11/03/2025 16:00:00,145.73,11/03/2025 16:00:00,328.8,11/03/2025 16:00:00,257.46,11/03/2025 16:00:00,42.4,11/03/2025 16:00:00,81.92,11/03/2025 16:00:00,343.92,11/03/2025 16:00:00,247.45,12/03/2025 16:00:00,64.74,11/03/2025 16:00:00,68.3,11/03/2025 16:00:00,26.1,11/03/2025 16:00:00,27.15,11/03/2025 16:00:00,148,11/03/2025 16:00:00,482.5,11/03/2025 16:00:00,62.8,11/03/2025 16:00:00,537.2,11/03/2025 16:00:00,532.47,11/03/2025 16:00:00,96.22,,,11/03/2025 16:00:00,827.2,11/03/2025 16:00:00,165.6,11/03/2025 16:00:00,77.03,20/03/2025 16:00:00,1.89,11/03/2025 16:00:00,213.49,11/03/2025 16:00:00,75.91,11/03/2025 16:00:00,116.65,11/03/2025 16:00:00,113.92,11/03/2025 16:00:00,93.4,11/03/2025 16:00:00,931,11/03/2025 16:00:00,92.5,,,11/03/2025 16:00:00,333.08,11/03/2025 16:00:00,29.83,12/03/2025 16:00:00,112.46,11/03/2025 16:00:00,205.17,11/03/2025 16:00:00,78.68,11/03/2025 16:00:00,9.92,11/03/2025 16:00:00,37.6,,,12/03/2025 16:00:00,100.3,11/03/2025 16:00:00,34.76,11/03/2025 16:00:00,151.13,12/03/2025 16:00:00,19.27,11/03/2025 16:00:00,188.11,11/03/2025 16:00:00,43.82,11/03/2025 16:00:00,14.87,11/03/2025 16:00:00,117.46,,,11/03/2025 16:00:00,147.31,11/03/2025 16:00:00,24.93,11/03/2025 16:00:00,165.13,12/03/2025 16:00:00,35.49,11/03/2025 16:00:00,11.11,11/03/2025 16:00:00,173.94,11/03/2025 16:00:00,483.95,11/03/2025 16:00:00,241.82,12/03/2025 16:00:00,920,,,,,11/03/2025 16:00:00,56.69,12/03/2025 16:00:00,106.38,11/03/2025 16:00:00,158.4,12/03/2025 16:00:00,116.72,11/03/2025 16:00:00,126.94,11/03/2025 16:00:00,75.9
12/03/2025 16:00:00,220.14,12/03/2025 16:00:00,109.05,12/03/2025 16:00:00,382.95,12/03/2025 16:00:00,87.88,12/03/2025 16:00:00,250.35,12/03/2025 16:00:00,153.64,12/03/2025 16:00:00,194.92,12/03/2025 16:00:00,25.63,12/03/2025 16:00:00,168.47,13/03/2025 16:00:00,163.43,12/03/2025 16:00:00,169.7,12/03/2025 16:00:00,25.94,12/03/2025 16:00:00,68.8,12/03/2025 16:00:00,70.37,12/03/2025 16:00:00,151.84,12/03/2025 16:00:00,146.23,12/03/2025 16:00:00,234,12/03/2025 16:00:00,94.07,12/03/2025 16:00:00,20.79,12/03/2025 16:00:00,42.1,12/03/2025 16:00:00,147.54,12/03/2025 16:00:00,154.21,12/03/2025 16:00:00,200.72,12/03/2025 16:00:00,132.29,12/03/2025 16:00:00,40.21,12/03/2025 16:00:00,60.96,12/03/2025 16:00:00,35.76,13/03/2025 16:00:00,300.43,12/03/2025 16:00:00,98.68,12/03/2025 16:00:00,335.97,12/03/2025 16:00:00,68.79,12/03/2025 16:00:00,40.31,12/03/2025 16:00:00,371.97,13/03/2025 16:00:00,45.8,12/03/2025 16:00:00,115.9,,,14/03/2025 17:36:00,81.54,12/03/2025 16:00:00,57.86,12/03/2025 16:00:00,95.18,12/03/2025 16:00:00,148.31,12/03/2025 16:00:00,311.39,12/03/2025 16:00:00,260.18,12/03/2025 16:00:00,42.12,12/03/2025 16:00:00,81.71,12/03/2025 16:00:00,343.03,12/03/2025 16:00:00,236.69,13/03/2025 16:00:00,64.4,12/03/2025 16:00:00,65.48,12/03/2025 16:00:00,26.22,12/03/2025 16:00:00,27.05,12/03/2025 16:00:00,157,12/03/2025 16:00:00,483.14,12/03/2025 16:00:00,60.72,12/03/2025 16:00:00,530.51,12/03/2025 16:00:00,544,12/03/2025 16:00:00,92.6,,,12/03/2025 16:00:00,814.95,12/03/2025 16:00:00,164.46,12/03/2025 16:00:00,77.06,21/03/2025 16:00:00,1.86,12/03/2025 16:00:00,207.09,12/03/2025 16:00:00,74.36,12/03/2025 16:00:00,113.15,12/03/2025 16:00:00,112.99,12/03/2025 16:00:00,92.89,12/03/2025 16:00:00,938,12/03/2025 16:00:00,89.42,,,12/03/2025 16:00:00,328.5,12/03/2025 16:00:00,28.51,13/03/2025 16:00:00,110.56,12/03/2025 16:00:00,205.52,12/03/2025 16:00:00,79.12,12/03/2025 16:00:00,9.7,12/03/2025 16:00:00,36.8,,,13/03/2025 16:00:00,98.71,12/03/2025 16:00:00,36.81,12/03/2025 16:00:00,142.01,13/03/2025 16:00:00,19.5,12/03/2025 16:00:00,178.25,12/03/2025 16:00:00,42.95,12/03/2025 16:00:00,14.29,12/03/2025 16:00:00,117.4,,,12/03/2025 16:00:00,141.51,12/03/2025 16:00:00,24.69,12/03/2025 16:00:00,169.5,13/03/2025 16:00:00,34.22,12/03/2025 16:00:00,11.41,12/03/2025 16:00:00,172.08,12/03/2025 16:00:00,474.99,12/03/2025 16:00:00,233.01,13/03/2025 16:00:00,913.02,,,,,12/03/2025 16:00:00,54.52,13/03/2025 16:00:00,105.16,12/03/2025 16:00:00,155.73,13/03/2025 16:00:00,116.95,12/03/2025 16:00:00,124.05,12/03/2025 16:00:00,73
13/03/2025 16:00:00,215.95,13/03/2025 16:00:00,108.33,13/03/2025 16:00:00,383.16,13/03/2025 16:00:00,84.94,13/03/2025 16:00:00,248.8,13/03/2025 16:00:00,152.26,13/03/2025 16:00:00,194.55,13/03/2025 16:00:00,25.79,13/03/2025 16:00:00,167.98,14/03/2025 16:00:00,162.12,13/03/2025 16:00:00,167.7,13/03/2025 16:00:00,25.76,13/03/2025 16:00:00,69.63,13/03/2025 16:00:00,70.25,13/03/2025 16:00:00,151.72,13/03/2025 16:00:00,149.79,13/03/2025 16:00:00,229.3,13/03/2025 16:00:00,93.4,13/03/2025 16:00:00,23.5,13/03/2025 16:00:00,42.77,13/03/2025 16:00:00,148.37,13/03/2025 16:00:00,152.6,13/03/2025 16:00:00,198.17,13/03/2025 16:00:00,130.28,13/03/2025 16:00:00,40.08,13/03/2025 16:00:00,60.41,13/03/2025 16:00:00,35.17,14/03/2025 16:00:00,296.97,13/03/2025 16:00:00,97.77,13/03/2025 16:00:00,330.99,13/03/2025 16:00:00,68.4,13/03/2025 16:00:00,39.97,13/03/2025 16:00:00,361.91,14/03/2025 16:00:00,45.75,13/03/2025 16:00:00,115.77,,,17/03/2025 17:36:00,82.9,13/03/2025 16:00:00,58.12,13/03/2025 16:00:00,97,13/03/2025 16:00:00,150.28,13/03/2025 16:00:00,313.66,13/03/2025 16:00:00,259.65,13/03/2025 16:00:00,41.93,13/03/2025 16:00:00,80.75,13/03/2025 16:00:00,336.03,13/03/2025 16:00:00,237.15,14/03/2025 16:00:00,66.35,13/03/2025 16:00:00,65.13,13/03/2025 16:00:00,26.1,13/03/2025 16:00:00,26.78,13/03/2025 16:00:00,159.22,13/03/2025 16:00:00,479.45,13/03/2025 16:00:00,59.99,13/03/2025 16:00:00,524.5,13/03/2025 16:00:00,535.67,13/03/2025 16:00:00,90.96,,,13/03/2025 16:00:00,818.24,13/03/2025 16:00:00,165.99,13/03/2025 16:00:00,75.16,24/03/2025 16:00:00,1.86,13/03/2025 16:00:00,205.66,13/03/2025 16:00:00,73.18,13/03/2025 16:00:00,113.79,13/03/2025 16:00:00,107.78,13/03/2025 16:00:00,91.77,13/03/2025 16:00:00,922,13/03/2025 16:00:00,89.11,,,13/03/2025 16:00:00,323.69,13/03/2025 16:00:00,28.5,14/03/2025 16:00:00,110.9,13/03/2025 16:00:00,204.06,13/03/2025 16:00:00,79.44,13/03/2025 16:00:00,9.57,13/03/2025 16:00:00,35.68,,,14/03/2025 16:00:00,96.52,13/03/2025 16:00:00,36.73,13/03/2025 16:00:00,140.36,14/03/2025 16:00:00,19.25,13/03/2025 16:00:00,175.08,13/03/2025 16:00:00,42.84,13/03/2025 16:00:00,14.12,13/03/2025 16:00:00,114.97,,,13/03/2025 16:00:00,139.7,13/03/2025 16:00:00,24.69,13/03/2025 16:00:00,171.69,14/03/2025 16:00:00,34.63,13/03/2025 16:00:00,11.33,13/03/2025 16:00:00,172.16,13/03/2025 16:00:00,473.54,13/03/2025 16:00:00,227.73,14/03/2025 16:00:00,915.02,,,,,13/03/2025 16:00:00,53.92,14/03/2025 16:00:00,105.47,13/03/2025 16:00:00,154.36,14/03/2025 16:00:00,118.16,13/03/2025 16:00:00,123.13,13/03/2025 16:00:00,73.2
14/03/2025 16:00:00,211.25,14/03/2025 16:00:00,108.94,14/03/2025 16:00:00,379.78,14/03/2025 16:00:00,84.96,14/03/2025 16:00:00,242.75,14/03/2025 16:00:00,153.99,14/03/2025 16:00:00,195.37,14/03/2025 16:00:00,25.8,14/03/2025 16:00:00,165.32,17/03/2025 16:00:00,162.41,14/03/2025 16:00:00,167.79,14/03/2025 16:00:00,25.62,14/03/2025 16:00:00,69.46,14/03/2025 16:00:00,68.51,14/03/2025 16:00:00,150.55,14/03/2025 16:00:00,148.92,14/03/2025 16:00:00,228.12,14/03/2025 16:00:00,94.28,14/03/2025 16:00:00,23.68,14/03/2025 16:00:00,43.16,14/03/2025 16:00:00,147.13,14/03/2025 16:00:00,153.56,14/03/2025 16:00:00,197.41,14/03/2025 16:00:00,125,14/03/2025 16:00:00,40.4,14/03/2025 16:00:00,60.32,14/03/2025 16:00:00,35.08,17/03/2025 16:00:00,301.3,14/03/2025 16:00:00,97.44,14/03/2025 16:00:00,327.21,14/03/2025 16:00:00,67.97,14/03/2025 16:00:00,40.26,14/03/2025 16:00:00,350.65,17/03/2025 16:00:00,46.53,14/03/2025 16:00:00,115.79,,,18/03/2025 17:36:00,89,14/03/2025 16:00:00,58.15,14/03/2025 16:00:00,96.94,14/03/2025 16:00:00,147.92,14/03/2025 16:00:00,312.23,14/03/2025 16:00:00,260.15,14/03/2025 16:00:00,41.32,14/03/2025 16:00:00,81.55,14/03/2025 16:00:00,337.72,14/03/2025 16:00:00,235.64,17/03/2025 16:00:00,65.59,14/03/2025 16:00:00,64.68,14/03/2025 16:00:00,26.52,14/03/2025 16:00:00,26.62,14/03/2025 16:00:00,160.92,14/03/2025 16:00:00,481,14/03/2025 16:00:00,59.84,14/03/2025 16:00:00,522.6,14/03/2025 16:00:00,533.99,14/03/2025 16:00:00,89.73,,,14/03/2025 16:00:00,803.11,14/03/2025 16:00:00,160.9,14/03/2025 16:00:00,76.04,25/03/2025 16:00:00,1.8,14/03/2025 16:00:00,208.47,14/03/2025 16:00:00,73.28,14/03/2025 16:00:00,112.89,14/03/2025 16:00:00,105.23,14/03/2025 16:00:00,92.31,14/03/2025 16:00:00,891.81,14/03/2025 16:00:00,89.36,,,14/03/2025 16:00:00,316.41,14/03/2025 16:00:00,28.25,17/03/2025 16:00:00,112.1,14/03/2025 16:00:00,206.13,14/03/2025 16:00:00,78.42,14/03/2025 16:00:00,9.66,14/03/2025 16:00:00,36.78,,,17/03/2025 16:00:00,97.71,14/03/2025 16:00:00,38.09,14/03/2025 16:00:00,139.66,17/03/2025 16:00:00,19.71,14/03/2025 16:00:00,175.6,14/03/2025 16:00:00,43.46,14/03/2025 16:00:00,14.1,14/03/2025 16:00:00,113.56,,,14/03/2025 16:00:00,139.13,14/03/2025 16:00:00,24.6,14/03/2025 16:00:00,168.61,17/03/2025 16:00:00,34.51,14/03/2025 16:00:00,11.21,14/03/2025 16:00:00,171.15,14/03/2025 16:00:00,471.87,14/03/2025 16:00:00,224.34,17/03/2025 16:00:00,937.13,,,,,14/03/2025 16:00:00,53.92,17/03/2025 16:00:00,106.75,14/03/2025 16:00:00,153.42,17/03/2025 16:00:00,119.66,14/03/2025 16:00:00,121,14/03/2025 16:00:00,72.78
17/03/2025 16:00:00,213.31,17/03/2025 16:00:00,111.8,17/03/2025 16:00:00,386.7,17/03/2025 16:00:00,85.13,17/03/2025 16:00:00,249.25,17/03/2025 16:00:00,157.22,17/03/2025 16:00:00,197,17/03/2025 16:00:00,26.57,17/03/2025 16:00:00,167.33,18/03/2025 16:00:00,163.44,17/03/2025 16:00:00,168.37,17/03/2025 16:00:00,25.74,17/03/2025 16:00:00,70.47,17/03/2025 16:00:00,69.24,17/03/2025 16:00:00,152.85,17/03/2025 16:00:00,150.4,17/03/2025 16:00:00,231.18,17/03/2025 16:00:00,93.65,17/03/2025 16:00:00,24.42,17/03/2025 16:00:00,43.59,17/03/2025 16:00:00,149.23,17/03/2025 16:00:00,155.6,17/03/2025 16:00:00,198.77,17/03/2025 16:00:00,126.72,17/03/2025 16:00:00,41.1,17/03/2025 16:00:00,60.4,17/03/2025 16:00:00,35.49,18/03/2025 16:00:00,304.97,17/03/2025 16:00:00,98.74,17/03/2025 16:00:00,330.03,17/03/2025 16:00:00,68.89,17/03/2025 16:00:00,40.92,17/03/2025 16:00:00,351.76,18/03/2025 16:00:00,47.7,17/03/2025 16:00:00,117,,,19/03/2025 17:36:00,93.5,17/03/2025 16:00:00,59.08,17/03/2025 16:00:00,99.25,17/03/2025 16:00:00,150.37,17/03/2025 16:00:00,314.64,17/03/2025 16:00:00,265.19,17/03/2025 16:00:00,41.98,17/03/2025 16:00:00,82.63,17/03/2025 16:00:00,339.74,17/03/2025 16:00:00,237.46,18/03/2025 16:00:00,66.65,17/03/2025 16:00:00,65.32,17/03/2025 16:00:00,26.77,17/03/2025 16:00:00,26.88,17/03/2025 16:00:00,160.5,17/03/2025 16:00:00,487.51,17/03/2025 16:00:00,59.16,17/03/2025 16:00:00,523.25,17/03/2025 16:00:00,541.23,17/03/2025 16:00:00,90.19,,,17/03/2025 16:00:00,816.95,17/03/2025 16:00:00,162.25,17/03/2025 16:00:00,77.1,26/03/2025 16:00:00,1.83,17/03/2025 16:00:00,208.44,17/03/2025 16:00:00,72.14,17/03/2025 16:00:00,110.53,17/03/2025 16:00:00,105.66,17/03/2025 16:00:00,93.07,17/03/2025 16:00:00,901.63,17/03/2025 16:00:00,90.35,,,17/03/2025 16:00:00,320,17/03/2025 16:00:00,28.4,18/03/2025 16:00:00,112.85,17/03/2025 16:00:00,211.37,17/03/2025 16:00:00,80.15,17/03/2025 16:00:00,9.74,17/03/2025 16:00:00,37.01,,,18/03/2025 16:00:00,99.23,17/03/2025 16:00:00,38.99,17/03/2025 16:00:00,140.05,18/03/2025 16:00:00,20.25,17/03/2025 16:00:00,176.1,17/03/2025 16:00:00,44.2,17/03/2025 16:00:00,14.42,17/03/2025 16:00:00,113.89,,,17/03/2025 16:00:00,139.72,17/03/2025 16:00:00,25.16,17/03/2025 16:00:00,170,18/03/2025 16:00:00,34.9,17/03/2025 16:00:00,11.46,17/03/2025 16:00:00,172.62,17/03/2025 16:00:00,477.33,17/03/2025 16:00:00,225,18/03/2025 16:00:00,957.63,,,,,17/03/2025 16:00:00,54.79,18/03/2025 16:00:00,108.48,17/03/2025 16:00:00,154.34,18/03/2025 16:00:00,119.83,17/03/2025 16:00:00,123.8,17/03/2025 16:00:00,73.43
18/03/2025 16:00:00,214.16,18/03/2025 16:00:00,114.09,18/03/2025 16:00:00,387.07,18/03/2025 16:00:00,87.44,18/03/2025 16:00:00,252.51,18/03/2025 16:00:00,159.74,18/03/2025 16:00:00,201.8,18/03/2025 16:00:00,26.8,18/03/2025 16:00:00,165.96,19/03/2025 16:00:00,163.97,18/03/2025 16:00:00,170.07,18/03/2025 16:00:00,26.21,18/03/2025 16:00:00,71.01,18/03/2025 16:00:00,70.11,18/03/2025 16:00:00,155.5,18/03/2025 16:00:00,152.37,18/03/2025 16:00:00,234.32,18/03/2025 16:00:00,95.23,18/03/2025 16:00:00,25.55,18/03/2025 16:00:00,43.72,18/03/2025 16:00:00,150,18/03/2025 16:00:00,157.95,18/03/2025 16:00:00,192.52,18/03/2025 16:00:00,127.95,18/03/2025 16:00:00,41.6,18/03/2025 16:00:00,60.67,18/03/2025 16:00:00,35.82,19/03/2025 16:00:00,303.99,18/03/2025 16:00:00,99.27,18/03/2025 16:00:00,335.29,18/03/2025 16:00:00,69.97,18/03/2025 16:00:00,41.72,18/03/2025 16:00:00,353.53,19/03/2025 16:00:00,47.56,18/03/2025 16:00:00,118.04,,,20/03/2025 17:36:00,91.25,18/03/2025 16:00:00,58.9,18/03/2025 16:00:00,100.46,18/03/2025 16:00:00,152.57,18/03/2025 16:00:00,317.56,18/03/2025 16:00:00,264.6,18/03/2025 16:00:00,42.36,18/03/2025 16:00:00,83.92,18/03/2025 16:00:00,342,18/03/2025 16:00:00,238.48,19/03/2025 16:00:00,67.85,18/03/2025 16:00:00,67.31,18/03/2025 16:00:00,27,18/03/2025 16:00:00,27.16,18/03/2025 16:00:00,161.44,18/03/2025 16:00:00,502.24,18/03/2025 16:00:00,59.88,18/03/2025 16:00:00,532.34,18/03/2025 16:00:00,550.29,18/03/2025 16:00:00,90.55,,,18/03/2025 16:00:00,833.42,18/03/2025 16:00:00,166.56,18/03/2025 16:00:00,77.72,27/03/2025 16:00:00,1.77,18/03/2025 16:00:00,210.41,18/03/2025 16:00:00,73.89,18/03/2025 16:00:00,112.19,18/03/2025 16:00:00,105.46,18/03/2025 16:00:00,93.67,18/03/2025 16:00:00,913,18/03/2025 16:00:00,90.13,,,18/03/2025 16:00:00,323.64,18/03/2025 16:00:00,28.76,19/03/2025 16:00:00,111.89,18/03/2025 16:00:00,213.6,18/03/2025 16:00:00,82.31,18/03/2025 16:00:00,9.95,18/03/2025 16:00:00,37.77,,,19/03/2025 16:00:00,98.27,18/03/2025 16:00:00,40.12,18/03/2025 16:00:00,143.17,19/03/2025 16:00:00,20.2,18/03/2025 16:00:00,179.7,18/03/2025 16:00:00,44.4,18/03/2025 16:00:00,14.69,18/03/2025 16:00:00,114.56,,,18/03/2025 16:00:00,139.89,18/03/2025 16:00:00,25.38,18/03/2025 16:00:00,165.61,19/03/2025 16:00:00,34.38,18/03/2025 16:00:00,11.71,18/03/2025 16:00:00,174.28,18/03/2025 16:00:00,482.13,18/03/2025 16:00:00,224.87,19/03/2025 16:00:00,959.68,,,,,18/03/2025 16:00:00,54.45,19/03/2025 16:00:00,107.23,18/03/2025 16:00:00,156.71,19/03/2025 16:00:00,120.51,18/03/2025 16:00:00,124.71,18/03/2025 16:00:00,72.21
19/03/2025 16:00:00,214.22,19/03/2025 16:00:00,114.2,19/03/2025 16:00:00,385.53,19/03/2025 16:00:00,85.95,19/03/2025 16:00:00,248.33,19/03/2025 16:00:00,160.97,19/03/2025 16:00:00,201.32,19/03/2025 16:00:00,26.65,19/03/2025 16:00:00,163.92,20/03/2025 16:00:00,163,19/03/2025 16:00:00,167.87,19/03/2025 16:00:00,26.33,19/03/2025 16:00:00,71.14,19/03/2025 16:00:00,68.55,19/03/2025 16:00:00,153.93,19/03/2025 16:00:00,150.06,19/03/2025 16:00:00,235.74,19/03/2025 16:00:00,95.25,19/03/2025 16:00:00,24.9,19/03/2025 16:00:00,44.3,19/03/2025 16:00:00,148.16,19/03/2025 16:00:00,156.43,19/03/2025 16:00:00,193.38,19/03/2025 16:00:00,126.33,19/03/2025 16:00:00,41.37,19/03/2025 16:00:00,60.63,19/03/2025 16:00:00,36.05,20/03/2025 16:00:00,308.03,19/03/2025 16:00:00,99.66,19/03/2025 16:00:00,336.8,19/03/2025 16:00:00,70.36,19/03/2025 16:00:00,41.72,19/03/2025 16:00:00,352,20/03/2025 16:00:00,47.63,19/03/2025 16:00:00,118.37,,,21/03/2025 17:36:00,88.01,19/03/2025 16:00:00,58.28,19/03/2025 16:00:00,100.5,19/03/2025 16:00:00,151.19,19/03/2025 16:00:00,317.51,19/03/2025 16:00:00,263.03,19/03/2025 16:00:00,42.28,19/03/2025 16:00:00,84.07,19/03/2025 16:00:00,336.93,19/03/2025 16:00:00,237.01,20/03/2025 16:00:00,67.93,19/03/2025 16:00:00,65.5,19/03/2025 16:00:00,27.25,19/03/2025 16:00:00,26.82,19/03/2025 16:00:00,165.32,19/03/2025 16:00:00,505.04,19/03/2025 16:00:00,59.86,19/03/2025 16:00:00,531.57,19/03/2025 16:00:00,549,19/03/2025 16:00:00,89.38,,,19/03/2025 16:00:00,821.72,19/03/2025 16:00:00,164.8,19/03/2025 16:00:00,77.12,28/03/2025 16:00:00,1.83,19/03/2025 16:00:00,210.29,19/03/2025 16:00:00,72.64,19/03/2025 16:00:00,109.69,19/03/2025 16:00:00,104,19/03/2025 16:00:00,92.26,19/03/2025 16:00:00,902.86,19/03/2025 16:00:00,90,,,19/03/2025 16:00:00,325.19,19/03/2025 16:00:00,28.8,20/03/2025 16:00:00,110.87,19/03/2025 16:00:00,211.98,19/03/2025 16:00:00,81.92,19/03/2025 16:00:00,9.96,19/03/2025 16:00:00,37.5,,,20/03/2025 16:00:00,98.85,19/03/2025 16:00:00,39.8,19/03/2025 16:00:00,143.09,20/03/2025 16:00:00,20.65,19/03/2025 16:00:00,179.67,19/03/2025 16:00:00,44.42,19/03/2025 16:00:00,14.71,19/03/2025 16:00:00,115.73,,,19/03/2025 16:00:00,139.37,19/03/2025 16:00:00,25.09,19/03/2025 16:00:00,168,20/03/2025 16:00:00,34.08,19/03/2025 16:00:00,11.66,19/03/2025 16:00:00,173.4,19/03/2025 16:00:00,478.76,19/03/2025 16:00:00,223.8,20/03/2025 16:00:00,952.69,,,,,19/03/2025 16:00:00,54.73,20/03/2025 16:00:00,108.05,19/03/2025 16:00:00,157.39,20/03/2025 16:00:00,119.59,19/03/2025 16:00:00,122.74,19/03/2025 16:00:00,71.02
20/03/2025 16:00:00,213.99,20/03/2025 16:00:00,114.72,20/03/2025 16:00:00,385.74,20/03/2025 16:00:00,85.81,20/03/2025 16:00:00,244.24,20/03/2025 16:00:00,163.13,20/03/2025 16:00:00,205,20/03/2025 16:00:00,26.9,20/03/2025 16:00:00,163.82,21/03/2025 16:00:00,163,20/03/2025 16:00:00,168.89,20/03/2025 16:00:00,26.25,20/03/2025 16:00:00,71.84,20/03/2025 16:00:00,69.31,20/03/2025 16:00:00,152.71,20/03/2025 16:00:00,151.58,20/03/2025 16:00:00,236.56,20/03/2025 16:00:00,94,20/03/2025 16:00:00,23.77,20/03/2025 16:00:00,43.96,20/03/2025 16:00:00,147.56,20/03/2025 16:00:00,158,20/03/2025 16:00:00,193.07,20/03/2025 16:00:00,127.33,20/03/2025 16:00:00,40.76,20/03/2025 16:00:00,60.48,20/03/2025 16:00:00,35.9,21/03/2025 16:00:00,306.39,20/03/2025 16:00:00,99.57,20/03/2025 16:00:00,339,20/03/2025 16:00:00,70.98,20/03/2025 16:00:00,41.76,20/03/2025 16:00:00,354.69,21/03/2025 16:00:00,47.73,20/03/2025 16:00:00,116.27,,,24/03/2025 17:36:00,92.05,20/03/2025 16:00:00,57.98,20/03/2025 16:00:00,101.15,20/03/2025 16:00:00,151.65,20/03/2025 16:00:00,314.18,20/03/2025 16:00:00,269.03,20/03/2025 16:00:00,42.26,20/03/2025 16:00:00,83.09,20/03/2025 16:00:00,334.57,20/03/2025 16:00:00,234.28,21/03/2025 16:00:00,68.46,20/03/2025 16:00:00,66.78,20/03/2025 16:00:00,27,20/03/2025 16:00:00,27.02,20/03/2025 16:00:00,171.14,20/03/2025 16:00:00,505.25,20/03/2025 16:00:00,59.86,20/03/2025 16:00:00,533.6,20/03/2025 16:00:00,553.1,20/03/2025 16:00:00,90.55,,,20/03/2025 16:00:00,839.03,20/03/2025 16:00:00,164.63,20/03/2025 16:00:00,76.97,31/03/2025 16:00:00,1.8,20/03/2025 16:00:00,207.59,20/03/2025 16:00:00,72.92,20/03/2025 16:00:00,106.83,20/03/2025 16:00:00,104.4,20/03/2025 16:00:00,92,20/03/2025 16:00:00,901.5,20/03/2025 16:00:00,89.92,,,20/03/2025 16:00:00,296.15,20/03/2025 16:00:00,28.6,21/03/2025 16:00:00,110.66,20/03/2025 16:00:00,210.24,20/03/2025 16:00:00,82.25,20/03/2025 16:00:00,10.07,20/03/2025 16:00:00,36.76,,,21/03/2025 16:00:00,97.94,20/03/2025 16:00:00,41.05,20/03/2025 16:00:00,141.14,21/03/2025 16:00:00,20.4,20/03/2025 16:00:00,179.41,20/03/2025 16:00:00,44.42,20/03/2025 16:00:00,14.89,20/03/2025 16:00:00,117.3,,,20/03/2025 16:00:00,139.34,20/03/2025 16:00:00,24.89,20/03/2025 16:00:00,170.44,21/03/2025 16:00:00,33.22,20/03/2025 16:00:00,11.82,20/03/2025 16:00:00,172.31,20/03/2025 16:00:00,476,20/03/2025 16:00:00,225.54,21/03/2025 16:00:00,948,,,,,20/03/2025 16:00:00,55.04,21/03/2025 16:00:00,108.56,20/03/2025 16:00:00,157.82,21/03/2025 16:00:00,119.98,20/03/2025 16:00:00,123.95,20/03/2025 16:00:00,71.04
21/03/2025 16:00:00,211.56,21/03/2025 16:00:00,115.5,21/03/2025 16:00:00,383.22,21/03/2025 16:00:00,85.28,21/03/2025 16:00:00,241.69,21/03/2025 16:00:00,164.49,21/03/2025 16:00:00,202.6,21/03/2025 16:00:00,26.81,21/03/2025 16:00:00,163.38,24/03/2025 16:00:00,162.84,21/03/2025 16:00:00,167.14,21/03/2025 16:00:00,26.13,21/03/2025 16:00:00,71.96,21/03/2025 16:00:00,69.71,21/03/2025 16:00:00,152.38,21/03/2025 16:00:00,151.65,21/03/2025 16:00:00,237.81,21/03/2025 16:00:00,94.58,21/03/2025 16:00:00,23.6,21/03/2025 16:00:00,43.79,21/03/2025 16:00:00,147,21/03/2025 16:00:00,154.98,21/03/2025 16:00:00,192.9,21/03/2025 16:00:00,126.33,21/03/2025 16:00:00,40.98,21/03/2025 16:00:00,60.17,21/03/2025 16:00:00,36.24,24/03/2025 16:00:00,306.3,21/03/2025 16:00:00,98.38,21/03/2025 16:00:00,337.37,21/03/2025 16:00:00,71.28,21/03/2025 16:00:00,42.16,21/03/2025 16:00:00,352.09,24/03/2025 16:00:00,47.62,21/03/2025 16:00:00,114.36,,,25/03/2025 17:36:00,91.1,21/03/2025 16:00:00,58.13,21/03/2025 16:00:00,102.41,21/03/2025 16:00:00,149.9,21/03/2025 16:00:00,311.82,21/03/2025 16:00:00,267.85,21/03/2025 16:00:00,42.35,21/03/2025 16:00:00,83.27,21/03/2025 16:00:00,331.21,21/03/2025 16:00:00,233.08,24/03/2025 16:00:00,67.57,21/03/2025 16:00:00,66.18,21/03/2025 16:00:00,26.81,21/03/2025 16:00:00,27,21/03/2025 16:00:00,172.06,21/03/2025 16:00:00,511.68,21/03/2025 16:00:00,60.23,21/03/2025 16:00:00,535.44,21/03/2025 16:00:00,555.33,21/03/2025 16:00:00,90.11,,,21/03/2025 16:00:00,837.8,21/03/2025 16:00:00,163.3,21/03/2025 16:00:00,76.49,01/04/2025 16:00:00,1.8,21/03/2025 16:00:00,209.13,21/03/2025 16:00:00,66.59,21/03/2025 16:00:00,105.16,21/03/2025 16:00:00,103.36,21/03/2025 16:00:00,90.56,21/03/2025 16:00:00,888.75,21/03/2025 16:00:00,89.84,,,21/03/2025 16:00:00,298.05,21/03/2025 16:00:00,28.24,24/03/2025 16:00:00,114.59,21/03/2025 16:00:00,210.73,21/03/2025 16:00:00,82.07,21/03/2025 16:00:00,9.91,21/03/2025 16:00:00,36.25,,,24/03/2025 16:00:00,98.03,21/03/2025 16:00:00,39.96,21/03/2025 16:00:00,141.24,24/03/2025 16:00:00,20.66,21/03/2025 16:00:00,178.53,21/03/2025 16:00:00,44.54,21/03/2025 16:00:00,14.96,21/03/2025 16:00:00,115.34,,,21/03/2025 16:00:00,139.08,21/03/2025 16:00:00,24.82,21/03/2025 16:00:00,172.67,24/03/2025 16:00:00,33.3,21/03/2025 16:00:00,11.86,21/03/2025 16:00:00,172,21/03/2025 16:00:00,473.6,21/03/2025 16:00:00,224.34,24/03/2025 16:00:00,960.65,,,,,21/03/2025 16:00:00,54.8,24/03/2025 16:00:00,108.14,21/03/2025 16:00:00,156.95,24/03/2025 16:00:00,118.84,21/03/2025 16:00:00,123.54,21/03/2025 16:00:00,71.02
24/03/2025 16:00:00,221,24/03/2025 16:00:00,115.68,24/03/2025 16:00:00,395.4,24/03/2025 16:00:00,86.47,24/03/2025 16:00:00,247.31,24/03/2025 16:00:00,164.69,24/03/2025 16:00:00,206.92,24/03/2025 16:00:00,26.86,24/03/2025 16:00:00,169.27,25/03/2025 16:00:00,163.52,24/03/2025 16:00:00,166.43,24/03/2025 16:00:00,26.1,24/03/2025 16:00:00,73.64,24/03/2025 16:00:00,68.8,24/03/2025 16:00:00,152,24/03/2025 16:00:00,156.34,24/03/2025 16:00:00,245.48,24/03/2025 16:00:00,92.9,24/03/2025 16:00:00,24.72,24/03/2025 16:00:00,43.63,24/03/2025 16:00:00,145.49,24/03/2025 16:00:00,160,24/03/2025 16:00:00,200,24/03/2025 16:00:00,127.21,24/03/2025 16:00:00,41.32,24/03/2025 16:00:00,61.04,24/03/2025 16:00:00,36.79,25/03/2025 16:00:00,306.93,24/03/2025 16:00:00,100.22,24/03/2025 16:00:00,338.65,24/03/2025 16:00:00,73.26,24/03/2025 16:00:00,42.93,24/03/2025 16:00:00,354.62,25/03/2025 16:00:00,48.36,24/03/2025 16:00:00,115.72,,,26/03/2025 17:36:00,91.11,24/03/2025 16:00:00,57.57,24/03/2025 16:00:00,102.03,24/03/2025 16:00:00,151.7,24/03/2025 16:00:00,315,24/03/2025 16:00:00,275.23,24/03/2025 16:00:00,43.22,24/03/2025 16:00:00,83.87,24/03/2025 16:00:00,340.55,24/03/2025 16:00:00,236.96,25/03/2025 16:00:00,67.99,24/03/2025 16:00:00,66.34,24/03/2025 16:00:00,27.03,24/03/2025 16:00:00,27.34,24/03/2025 16:00:00,182.03,24/03/2025 16:00:00,515.08,24/03/2025 16:00:00,60.79,24/03/2025 16:00:00,539.35,24/03/2025 16:00:00,575,24/03/2025 16:00:00,90.08,,,24/03/2025 16:00:00,845.32,24/03/2025 16:00:00,162.5,24/03/2025 16:00:00,76.03,02/04/2025 16:00:00,1.8,24/03/2025 16:00:00,211.64,24/03/2025 16:00:00,68.56,24/03/2025 16:00:00,107.01,24/03/2025 16:00:00,104.99,24/03/2025 16:00:00,90.69,24/03/2025 16:00:00,920,24/03/2025 16:00:00,89.16,,,24/03/2025 16:00:00,308.1,24/03/2025 16:00:00,29.06,25/03/2025 16:00:00,115.61,24/03/2025 16:00:00,213,24/03/2025 16:00:00,83.43,24/03/2025 16:00:00,10.04,24/03/2025 16:00:00,36.53,,,25/03/2025 16:00:00,96.19,24/03/2025 16:00:00,41.49,24/03/2025 16:00:00,141.47,25/03/2025 16:00:00,21.04,24/03/2025 16:00:00,182.95,24/03/2025 16:00:00,43.98,24/03/2025 16:00:00,14.96,24/03/2025 16:00:00,117,,,24/03/2025 16:00:00,138.31,24/03/2025 16:00:00,25.11,24/03/2025 16:00:00,178.33,25/03/2025 16:00:00,33.76,24/03/2025 16:00:00,12.07,24/03/2025 16:00:00,175.02,24/03/2025 16:00:00,476.64,24/03/2025 16:00:00,228.38,25/03/2025 16:00:00,970.48,,,,,24/03/2025 16:00:00,54.39,25/03/2025 16:00:00,110,24/03/2025 16:00:00,157.07,25/03/2025 16:00:00,118.1,24/03/2025 16:00:00,125.25,24/03/2025 16:00:00,70.95
25/03/2025 16:00:00,220.77,25/03/2025 16:00:00,116.43,25/03/2025 16:00:00,393.92,25/03/2025 16:00:00,86.76,25/03/2025 16:00:00,248.36,25/03/2025 16:00:00,166.08,25/03/2025 16:00:00,210.77,25/03/2025 16:00:00,26.97,25/03/2025 16:00:00,171.18,26/03/2025 16:00:00,161.21,25/03/2025 16:00:00,165.3,25/03/2025 16:00:00,26.16,25/03/2025 16:00:00,74.47,25/03/2025 16:00:00,68.95,25/03/2025 16:00:00,152,25/03/2025 16:00:00,154.51,25/03/2025 16:00:00,249.31,25/03/2025 16:00:00,92.31,25/03/2025 16:00:00,24.18,25/03/2025 16:00:00,43.5,25/03/2025 16:00:00,146.15,25/03/2025 16:00:00,159.88,25/03/2025 16:00:00,203.6,25/03/2025 16:00:00,127.68,25/03/2025 16:00:00,42,25/03/2025 16:00:00,60.84,25/03/2025 16:00:00,36.47,26/03/2025 16:00:00,307.9,25/03/2025 16:00:00,100.65,25/03/2025 16:00:00,344.56,25/03/2025 16:00:00,74.35,25/03/2025 16:00:00,43.35,25/03/2025 16:00:00,361.53,26/03/2025 16:00:00,49.52,25/03/2025 16:00:00,115.83,,,27/03/2025 17:36:00,89.27,25/03/2025 16:00:00,56.5,25/03/2025 16:00:00,102.58,25/03/2025 16:00:00,153.13,25/03/2025 16:00:00,313.98,25/03/2025 16:00:00,278.9,25/03/2025 16:00:00,43.78,25/03/2025 16:00:00,84.48,25/03/2025 16:00:00,343.58,25/03/2025 16:00:00,235.2,26/03/2025 16:00:00,66.83,25/03/2025 16:00:00,66.86,25/03/2025 16:00:00,27,25/03/2025 16:00:00,27.27,25/03/2025 16:00:00,182.16,25/03/2025 16:00:00,518.28,25/03/2025 16:00:00,61.21,25/03/2025 16:00:00,545.95,25/03/2025 16:00:00,584.69,25/03/2025 16:00:00,90.97,,,25/03/2025 16:00:00,869.55,25/03/2025 16:00:00,166.29,25/03/2025 16:00:00,77,03/04/2025 16:00:00,1.77,25/03/2025 16:00:00,211.09,25/03/2025 16:00:00,67.56,25/03/2025 16:00:00,106.74,25/03/2025 16:00:00,108.16,25/03/2025 16:00:00,90.28,25/03/2025 16:00:00,926.63,25/03/2025 16:00:00,88.92,,,25/03/2025 16:00:00,307.55,25/03/2025 16:00:00,29.05,26/03/2025 16:00:00,115,25/03/2025 16:00:00,212.85,25/03/2025 16:00:00,84.48,25/03/2025 16:00:00,10.3,25/03/2025 16:00:00,36.29,,,26/03/2025 16:00:00,96,25/03/2025 16:00:00,42.2,25/03/2025 16:00:00,142.21,26/03/2025 16:00:00,21.12,25/03/2025 16:00:00,184.49,25/03/2025 16:00:00,43.41,25/03/2025 16:00:00,15.19,25/03/2025 16:00:00,119.6,,,25/03/2025 16:00:00,137.75,25/03/2025 16:00:00,25.76,25/03/2025 16:00:00,183.94,26/03/2025 16:00:00,32.96,25/03/2025 16:00:00,12.41,25/03/2025 16:00:00,176.71,25/03/2025 16:00:00,481.71,25/03/2025 16:00:00,232.31,26/03/2025 16:00:00,975,,,,,25/03/2025 16:00:00,54.1,26/03/2025 16:00:00,110.42,25/03/2025 16:00:00,156.15,26/03/2025 16:00:00,116.3,25/03/2025 16:00:00,128.4,25/03/2025 16:00:00,70.48
26/03/2025 16:00:00,223.51,26/03/2025 16:00:00,117.68,26/03/2025 16:00:00,395,26/03/2025 16:00:00,85.19,26/03/2025 16:00:00,251.25,26/03/2025 16:00:00,167.37,26/03/2025 16:00:00,212.29,26/03/2025 16:00:00,27.41,26/03/2025 16:00:00,171.3,27/03/2025 16:00:00,162.35,26/03/2025 16:00:00,163.35,26/03/2025 16:00:00,25.52,26/03/2025 16:00:00,74.39,26/03/2025 16:00:00,68.92,26/03/2025 16:00:00,152,26/03/2025 16:00:00,152.89,26/03/2025 16:00:00,252.6,26/03/2025 16:00:00,88.24,26/03/2025 16:00:00,24.25,26/03/2025 16:00:00,43.71,26/03/2025 16:00:00,146,26/03/2025 16:00:00,159.45,26/03/2025 16:00:00,205.84,26/03/2025 16:00:00,125.74,26/03/2025 16:00:00,42.74,26/03/2025 16:00:00,61.03,26/03/2025 16:00:00,37,27/03/2025 16:00:00,315.16,26/03/2025 16:00:00,101.7,26/03/2025 16:00:00,345.99,26/03/2025 16:00:00,74.82,26/03/2025 16:00:00,43.46,26/03/2025 16:00:00,360.39,27/03/2025 16:00:00,49.6,26/03/2025 16:00:00,110.7,,,28/03/2025 17:36:00,86.91,26/03/2025 16:00:00,56.68,26/03/2025 16:00:00,103.65,26/03/2025 16:00:00,153.45,26/03/2025 16:00:00,306.44,26/03/2025 16:00:00,280,26/03/2025 16:00:00,43.92,26/03/2025 16:00:00,84.22,26/03/2025 16:00:00,343.36,26/03/2025 16:00:00,235.86,27/03/2025 16:00:00,67.06,26/03/2025 16:00:00,66.21,26/03/2025 16:00:00,26.81,26/03/2025 16:00:00,27.51,26/03/2025 16:00:00,182.53,26/03/2025 16:00:00,515.2,26/03/2025 16:00:00,59.32,26/03/2025 16:00:00,547.14,26/03/2025 16:00:00,588.39,26/03/2025 16:00:00,89.83,,,26/03/2025 16:00:00,845.69,26/03/2025 16:00:00,166.19,26/03/2025 16:00:00,76.62,04/04/2025 16:00:00,1.74,26/03/2025 16:00:00,212.73,26/03/2025 16:00:00,66.38,26/03/2025 16:00:00,107.99,26/03/2025 16:00:00,105.76,26/03/2025 16:00:00,88.63,26/03/2025 16:00:00,934.33,26/03/2025 16:00:00,88,,,26/03/2025 16:00:00,309.03,26/03/2025 16:00:00,28.81,27/03/2025 16:00:00,113.6,26/03/2025 16:00:00,211.06,26/03/2025 16:00:00,84.26,26/03/2025 16:00:00,10.27,26/03/2025 16:00:00,35.27,,,27/03/2025 16:00:00,97.9,26/03/2025 16:00:00,43.24,26/03/2025 16:00:00,139.34,27/03/2025 16:00:00,21.12,26/03/2025 16:00:00,184.26,26/03/2025 16:00:00,42.86,26/03/2025 16:00:00,15.54,26/03/2025 16:00:00,119.87,,,26/03/2025 16:00:00,137.27,26/03/2025 16:00:00,25.96,26/03/2025 16:00:00,183.4,27/03/2025 16:00:00,33.68,26/03/2025 16:00:00,12.29,26/03/2025 16:00:00,177.77,26/03/2025 16:00:00,481.47,26/03/2025 16:00:00,230.8,27/03/2025 16:00:00,965.51,,,,,26/03/2025 16:00:00,53.12,27/03/2025 16:00:00,110.91,26/03/2025 16:00:00,156.39,27/03/2025 16:00:00,117.87,26/03/2025 16:00:00,128.75,26/03/2025 16:00:00,68.77
27/03/2025 16:00:00,221.39,27/03/2025 16:00:00,118.1,27/03/2025 16:00:00,390.13,27/03/2025 16:00:00,84.78,27/03/2025 16:00:00,249.71,27/03/2025 16:00:00,167.25,27/03/2025 16:00:00,206.36,27/03/2025 16:00:00,27.77,27/03/2025 16:00:00,166.71,28/03/2025 16:00:00,163.59,27/03/2025 16:00:00,167.87,27/03/2025 16:00:00,25.2,27/03/2025 16:00:00,73.57,27/03/2025 16:00:00,70.18,27/03/2025 16:00:00,154.36,27/03/2025 16:00:00,145.85,27/03/2025 16:00:00,249.53,27/03/2025 16:00:00,88.5,27/03/2025 16:00:00,23.29,27/03/2025 16:00:00,44.48,27/03/2025 16:00:00,149.59,27/03/2025 16:00:00,158.21,27/03/2025 16:00:00,200.89,27/03/2025 16:00:00,127.17,27/03/2025 16:00:00,42.38,27/03/2025 16:00:00,61.89,27/03/2025 16:00:00,37.28,28/03/2025 16:00:00,309,27/03/2025 16:00:00,100.71,27/03/2025 16:00:00,344,27/03/2025 16:00:00,72.99,27/03/2025 16:00:00,42.82,27/03/2025 16:00:00,361.9,28/03/2025 16:00:00,49.47,27/03/2025 16:00:00,110.82,,,31/03/2025 17:36:00,85.84,27/03/2025 16:00:00,57.86,27/03/2025 16:00:00,102.9,27/03/2025 16:00:00,152.67,27/03/2025 16:00:00,306.22,27/03/2025 16:00:00,274.86,27/03/2025 16:00:00,43.74,27/03/2025 16:00:00,84.57,27/03/2025 16:00:00,341.08,27/03/2025 16:00:00,238.33,28/03/2025 16:00:00,67.7,27/03/2025 16:00:00,65.68,27/03/2025 16:00:00,26.7,27/03/2025 16:00:00,27.33,27/03/2025 16:00:00,178.53,27/03/2025 16:00:00,516.29,27/03/2025 16:00:00,59.18,27/03/2025 16:00:00,549.07,27/03/2025 16:00:00,565,27/03/2025 16:00:00,92.87,,,27/03/2025 16:00:00,822.82,27/03/2025 16:00:00,168.46,27/03/2025 16:00:00,75.96,07/04/2025 16:00:00,1.65,27/03/2025 16:00:00,213.1,27/03/2025 16:00:00,65.5,27/03/2025 16:00:00,110,27/03/2025 16:00:00,105.8,27/03/2025 16:00:00,88.66,27/03/2025 16:00:00,929.56,27/03/2025 16:00:00,89.47,,,27/03/2025 16:00:00,309.22,27/03/2025 16:00:00,28.49,28/03/2025 16:00:00,111.57,27/03/2025 16:00:00,210.15,27/03/2025 16:00:00,83.91,27/03/2025 16:00:00,10.26,27/03/2025 16:00:00,35,,,28/03/2025 16:00:00,98,27/03/2025 16:00:00,40.69,27/03/2025 16:00:00,142.77,28/03/2025 16:00:00,21.18,27/03/2025 16:00:00,183.02,27/03/2025 16:00:00,43.93,27/03/2025 16:00:00,15.41,27/03/2025 16:00:00,119.81,,,27/03/2025 16:00:00,140.64,27/03/2025 16:00:00,25.63,27/03/2025 16:00:00,178.04,28/03/2025 16:00:00,33.6,27/03/2025 16:00:00,11.96,27/03/2025 16:00:00,177.07,27/03/2025 16:00:00,481.91,27/03/2025 16:00:00,232.74,28/03/2025 16:00:00,966.24,,,,,27/03/2025 16:00:00,53.95,28/03/2025 16:00:00,110.98,27/03/2025 16:00:00,158.99,28/03/2025 16:00:00,118.68,27/03/2025 16:00:00,128.92,27/03/2025 16:00:00,69.76
28/03/2025 16:00:00,221.67,28/03/2025 16:00:00,118.1,28/03/2025 16:00:00,388.08,28/03/2025 16:00:00,85.43,28/03/2025 16:00:00,246.27,28/03/2025 16:00:00,166.7,28/03/2025 16:00:00,205.6,28/03/2025 16:00:00,28.35,28/03/2025 16:00:00,162.36,31/03/2025 16:00:00,164.29,28/03/2025 16:00:00,169.38,28/03/2025 16:00:00,25.03,28/03/2025 16:00:00,72.27,28/03/2025 16:00:00,70.81,28/03/2025 16:00:00,155.09,28/03/2025 16:00:00,143.78,28/03/2025 16:00:00,246.94,28/03/2025 16:00:00,88.2,28/03/2025 16:00:00,23.35,28/03/2025 16:00:00,45.13,28/03/2025 16:00:00,150.44,28/03/2025 16:00:00,156.92,28/03/2025 16:00:00,198.42,28/03/2025 16:00:00,131.26,28/03/2025 16:00:00,42.15,28/03/2025 16:00:00,61.66,28/03/2025 16:00:00,37.3,31/03/2025 16:00:00,305,28/03/2025 16:00:00,100.05,28/03/2025 16:00:00,349.19,28/03/2025 16:00:00,71.59,28/03/2025 16:00:00,42.44,28/03/2025 16:00:00,363.16,31/03/2025 16:00:00,48.41,28/03/2025 16:00:00,111.26,,,01/04/2025 17:36:00,80.32,28/03/2025 16:00:00,58.5,28/03/2025 16:00:00,102.44,28/03/2025 16:00:00,147.86,28/03/2025 16:00:00,307.44,28/03/2025 16:00:00,270.63,28/03/2025 16:00:00,43.16,28/03/2025 16:00:00,84.64,28/03/2025 16:00:00,337,28/03/2025 16:00:00,235.61,31/03/2025 16:00:00,66.91,28/03/2025 16:00:00,67.3,28/03/2025 16:00:00,26.39,28/03/2025 16:00:00,26.97,28/03/2025 16:00:00,177.75,28/03/2025 16:00:00,516.87,28/03/2025 16:00:00,59.4,28/03/2025 16:00:00,554.23,28/03/2025 16:00:00,555.95,28/03/2025 16:00:00,93.9,,,28/03/2025 16:00:00,820,28/03/2025 16:00:00,166.89,28/03/2025 16:00:00,75.79,09/04/2025 16:00:00,1.77,28/03/2025 16:00:00,214.27,28/03/2025 16:00:00,65.86,28/03/2025 16:00:00,111.15,28/03/2025 16:00:00,104.49,28/03/2025 16:00:00,87.85,28/03/2025 16:00:00,937.5,28/03/2025 16:00:00,90.88,,,28/03/2025 16:00:00,308.38,28/03/2025 16:00:00,28.39,31/03/2025 16:00:00,107.27,28/03/2025 16:00:00,210.07,28/03/2025 16:00:00,82.52,28/03/2025 16:00:00,9.84,28/03/2025 16:00:00,35.06,,,31/03/2025 16:00:00,96.62,28/03/2025 16:00:00,39.89,28/03/2025 16:00:00,140.6,31/03/2025 16:00:00,20.69,28/03/2025 16:00:00,179.66,28/03/2025 16:00:00,44.52,28/03/2025 16:00:00,15.2,28/03/2025 16:00:00,120.02,,,28/03/2025 16:00:00,142.09,28/03/2025 16:00:00,25.35,28/03/2025 16:00:00,177.26,31/03/2025 16:00:00,33.65,28/03/2025 16:00:00,11.81,28/03/2025 16:00:00,174.78,28/03/2025 16:00:00,477.59,28/03/2025 16:00:00,232.49,31/03/2025 16:00:00,934.8,,,,,28/03/2025 16:00:00,54.81,31/03/2025 16:00:00,109.16,28/03/2025 16:00:00,157.61,31/03/2025 16:00:00,120.17,28/03/2025 16:00:00,126.54,28/03/2025 16:00:00,70.44
31/03/2025 16:00:00,217.01,31/03/2025 16:00:00,117.79,31/03/2025 16:00:00,372.54,31/03/2025 16:00:00,84.76,31/03/2025 16:00:00,242.74,31/03/2025 16:00:00,166.19,31/03/2025 16:00:00,197,31/03/2025 16:00:00,28.26,31/03/2025 16:00:00,154.81,01/04/2025 16:00:00,160.73,31/03/2025 16:00:00,168.1,31/03/2025 16:00:00,24.8,31/03/2025 16:00:00,69.9,31/03/2025 16:00:00,70.73,31/03/2025 16:00:00,156.08,31/03/2025 16:00:00,138.64,31/03/2025 16:00:00,238.65,31/03/2025 16:00:00,89.25,31/03/2025 16:00:00,22.38,31/03/2025 16:00:00,45.3,31/03/2025 16:00:00,150.2,31/03/2025 16:00:00,150.81,31/03/2025 16:00:00,188.19,31/03/2025 16:00:00,130.81,31/03/2025 16:00:00,41.37,31/03/2025 16:00:00,60.63,31/03/2025 16:00:00,36.83,01/04/2025 16:00:00,313.08,31/03/2025 16:00:00,96.83,31/03/2025 16:00:00,339.35,31/03/2025 16:00:00,69.5,31/03/2025 16:00:00,40.77,31/03/2025 16:00:00,353.5,01/04/2025 16:00:00,49.12,31/03/2025 16:00:00,109.01,,,02/04/2025 17:36:00,78.28,31/03/2025 16:00:00,58.45,31/03/2025 16:00:00,102.22,31/03/2025 16:00:00,143.99,31/03/2025 16:00:00,307.58,31/03/2025 16:00:00,260.87,31/03/2025 16:00:00,41.42,31/03/2025 16:00:00,84.54,31/03/2025 16:00:00,325.63,31/03/2025 16:00:00,231.03,01/04/2025 16:00:00,67.84,31/03/2025 16:00:00,67.02,31/03/2025 16:00:00,25.92,31/03/2025 16:00:00,26.89,31/03/2025 16:00:00,170.49,31/03/2025 16:00:00,519.03,31/03/2025 16:00:00,59.84,31/03/2025 16:00:00,532.16,31/03/2025 16:00:00,533.75,31/03/2025 16:00:00,93.3,,,31/03/2025 16:00:00,809,31/03/2025 16:00:00,163.58,31/03/2025 16:00:00,73.53,10/04/2025 16:00:00,1.89,31/03/2025 16:00:00,210.83,31/03/2025 16:00:00,62.84,31/03/2025 16:00:00,109.67,31/03/2025 16:00:00,102,31/03/2025 16:00:00,87,31/03/2025 16:00:00,922.36,31/03/2025 16:00:00,91.55,,,31/03/2025 16:00:00,302.45,31/03/2025 16:00:00,27.46,01/04/2025 16:00:00,109.35,31/03/2025 16:00:00,204.46,31/03/2025 16:00:00,78.39,31/03/2025 16:00:00,9.57,31/03/2025 16:00:00,34.1,,,01/04/2025 16:00:00,97.85,31/03/2025 16:00:00,37.26,31/03/2025 16:00:00,137.9,01/04/2025 16:00:00,20.94,31/03/2025 16:00:00,175.42,31/03/2025 16:00:00,45.33,31/03/2025 16:00:00,14.85,31/03/2025 16:00:00,117.75,,,31/03/2025 16:00:00,141.27,31/03/2025 16:00:00,24.89,31/03/2025 16:00:00,171.76,01/04/2025 16:00:00,34.11,31/03/2025 16:00:00,11.5,31/03/2025 16:00:00,172.68,31/03/2025 16:00:00,460.63,31/03/2025 16:00:00,226.74,01/04/2025 16:00:00,945.91,,,,,31/03/2025 16:00:00,55.12,01/04/2025 16:00:00,111.36,31/03/2025 16:00:00,154.04,01/04/2025 16:00:00,122.04,31/03/2025 16:00:00,126.8,31/03/2025 16:00:00,70.74
01/04/2025 16:00:00,219.81,01/04/2025 16:00:00,119.22,01/04/2025 16:00:00,374.65,01/04/2025 16:00:00,87.54,01/04/2025 16:00:00,248.03,01/04/2025 16:00:00,167.29,01/04/2025 16:00:00,199.56,01/04/2025 16:00:00,28.4,01/04/2025 16:00:00,155.3,02/04/2025 16:00:00,154.01,01/04/2025 16:00:00,170.57,01/04/2025 16:00:00,25.29,01/04/2025 16:00:00,70.84,01/04/2025 16:00:00,71.68,01/04/2025 16:00:00,158.5,01/04/2025 16:00:00,139.76,01/04/2025 16:00:00,242.62,01/04/2025 16:00:00,89.75,01/04/2025 16:00:00,22.56,01/04/2025 16:00:00,45.49,01/04/2025 16:00:00,150.49,01/04/2025 16:00:00,152.39,01/04/2025 16:00:00,187.86,01/04/2025 16:00:00,132.48,01/04/2025 16:00:00,41.78,01/04/2025 16:00:00,61.38,01/04/2025 16:00:00,36.94,02/04/2025 16:00:00,312.71,01/04/2025 16:00:00,98.32,01/04/2025 16:00:00,350.44,01/04/2025 16:00:00,70.38,01/04/2025 16:00:00,41.32,01/04/2025 16:00:00,364.14,02/04/2025 16:00:00,48.69,01/04/2025 16:00:00,110.01,,,03/04/2025 17:36:00,78.2,01/04/2025 16:00:00,59.91,01/04/2025 16:00:00,104.91,01/04/2025 16:00:00,145.7,01/04/2025 16:00:00,310.58,01/04/2025 16:00:00,265.74,01/04/2025 16:00:00,41.86,01/04/2025 16:00:00,86.97,01/04/2025 16:00:00,327.01,01/04/2025 16:00:00,234.66,02/04/2025 16:00:00,67.51,01/04/2025 16:00:00,67.6,01/04/2025 16:00:00,26.14,01/04/2025 16:00:00,27.02,01/04/2025 16:00:00,170,01/04/2025 16:00:00,525.74,01/04/2025 16:00:00,60.77,01/04/2025 16:00:00,546.8,01/04/2025 16:00:00,543.25,01/04/2025 16:00:00,94.24,,,01/04/2025 16:00:00,818.6,01/04/2025 16:00:00,166.64,01/04/2025 16:00:00,74.57,16/04/2025 16:00:00,1.86,01/04/2025 16:00:00,211.11,01/04/2025 16:00:00,63.83,01/04/2025 16:00:00,112,01/04/2025 16:00:00,104.98,01/04/2025 16:00:00,88.79,01/04/2025 16:00:00,942.42,01/04/2025 16:00:00,91.6,,,01/04/2025 16:00:00,311.6,01/04/2025 16:00:00,27.88,02/04/2025 16:00:00,108.34,01/04/2025 16:00:00,205,01/04/2025 16:00:00,80.25,01/04/2025 16:00:00,10.1,01/04/2025 16:00:00,34.48,,,02/04/2025 16:00:00,97.41,01/04/2025 16:00:00,38.06,01/04/2025 16:00:00,136.8,02/04/2025 16:00:00,20.85,01/04/2025 16:00:00,179.28,01/04/2025 16:00:00,45.76,01/04/2025 16:00:00,15.14,01/04/2025 16:00:00,121.44,,,01/04/2025 16:00:00,142.86,01/04/2025 16:00:00,25.25,01/04/2025 16:00:00,177.18,02/04/2025 16:00:00,33.72,01/04/2025 16:00:00,11.71,01/04/2025 16:00:00,174.16,01/04/2025 16:00:00,469.36,01/04/2025 16:00:00,232.4,02/04/2025 16:00:00,934.03,,,,,01/04/2025 16:00:00,56.11,02/04/2025 16:00:00,112.41,01/04/2025 16:00:00,157.54,02/04/2025 16:00:00,121.06,01/04/2025 16:00:00,127.76,01/04/2025 16:00:00,71
02/04/2025 16:00:00,221.32,02/04/2025 16:00:00,118.39,02/04/2025 16:00:00,377.97,02/04/2025 16:00:00,88.2,02/04/2025 16:00:00,248.22,02/04/2025 16:00:00,167.4,02/04/2025 16:00:00,199.48,02/04/2025 16:00:00,28.41,02/04/2025 16:00:00,156.96,03/04/2025 16:00:00,158.75,02/04/2025 16:00:00,170.07,02/04/2025 16:00:00,24.5,02/04/2025 16:00:00,70.56,02/04/2025 16:00:00,71.96,02/04/2025 16:00:00,158.09,02/04/2025 16:00:00,139.86,02/04/2025 16:00:00,241.6,02/04/2025 16:00:00,86.88,02/04/2025 16:00:00,21.89,02/04/2025 16:00:00,45.37,02/04/2025 16:00:00,150.23,02/04/2025 16:00:00,150.79,02/04/2025 16:00:00,187.66,02/04/2025 16:00:00,130.64,02/04/2025 16:00:00,41.62,02/04/2025 16:00:00,61.2,02/04/2025 16:00:00,36.31,03/04/2025 16:00:00,311.38,02/04/2025 16:00:00,96.62,02/04/2025 16:00:00,343.44,02/04/2025 16:00:00,69.67,02/04/2025 16:00:00,40.88,02/04/2025 16:00:00,362.56,03/04/2025 16:00:00,46.5,02/04/2025 16:00:00,108.85,,,04/04/2025 17:36:00,73.79,02/04/2025 16:00:00,58.78,02/04/2025 16:00:00,104.4,02/04/2025 16:00:00,145.71,02/04/2025 16:00:00,305.41,02/04/2025 16:00:00,266.89,02/04/2025 16:00:00,41.27,02/04/2025 16:00:00,86.02,02/04/2025 16:00:00,326.13,02/04/2025 16:00:00,235.14,03/04/2025 16:00:00,65.97,02/04/2025 16:00:00,67.01,02/04/2025 16:00:00,26.31,02/04/2025 16:00:00,26.78,02/04/2025 16:00:00,166.4,02/04/2025 16:00:00,522.95,02/04/2025 16:00:00,59.81,02/04/2025 16:00:00,542.86,02/04/2025 16:00:00,539.8,02/04/2025 16:00:00,93.99,,,02/04/2025 16:00:00,795.04,02/04/2025 16:00:00,165.82,02/04/2025 16:00:00,74.21,17/04/2025 16:00:00,1.92,02/04/2025 16:00:00,212.49,02/04/2025 16:00:00,64.3,02/04/2025 16:00:00,111.13,02/04/2025 16:00:00,104.02,02/04/2025 16:00:00,88.43,02/04/2025 16:00:00,950.84,02/04/2025 16:00:00,92,,,02/04/2025 16:00:00,309.75,02/04/2025 16:00:00,27.49,03/04/2025 16:00:00,105.99,02/04/2025 16:00:00,199.24,02/04/2025 16:00:00,79.8,02/04/2025 16:00:00,9.84,02/04/2025 16:00:00,34.32,,,03/04/2025 16:00:00,93.35,02/04/2025 16:00:00,37.6,02/04/2025 16:00:00,132.58,03/04/2025 16:00:00,19.76,02/04/2025 16:00:00,175.82,02/04/2025 16:00:00,45.84,02/04/2025 16:00:00,15.14,02/04/2025 16:00:00,122,,,02/04/2025 16:00:00,142.97,02/04/2025 16:00:00,25.18,02/04/2025 16:00:00,175,03/04/2025 16:00:00,33.3,02/04/2025 16:00:00,11.49,02/04/2025 16:00:00,173.48,02/04/2025 16:00:00,473.44,02/04/2025 16:00:00,232.14,03/04/2025 16:00:00,918.56,,,,,02/04/2025 16:00:00,56.51,03/04/2025 16:00:00,110.51,02/04/2025 16:00:00,158.54,03/04/2025 16:00:00,123,02/04/2025 16:00:00,128.28,02/04/2025 16:00:00,71.09
03/04/2025 16:00:00,205.54,03/04/2025 16:00:00,114.37,03/04/2025 16:00:00,374.79,03/04/2025 16:00:00,86.28,03/04/2025 16:00:00,242.71,03/04/2025 16:00:00,160.12,03/04/2025 16:00:00,189.84,03/04/2025 16:00:00,28.54,03/04/2025 16:00:00,152.84,04/04/2025 16:00:00,159.16,03/04/2025 16:00:00,174.23,03/04/2025 16:00:00,24.74,03/04/2025 16:00:00,67.78,03/04/2025 16:00:00,72.48,03/04/2025 16:00:00,159.44,03/04/2025 16:00:00,139.25,03/04/2025 16:00:00,234.27,03/04/2025 16:00:00,88.73,03/04/2025 16:00:00,21.4,03/04/2025 16:00:00,45.49,03/04/2025 16:00:00,151.69,03/04/2025 16:00:00,147,03/04/2025 16:00:00,183,03/04/2025 16:00:00,131.91,03/04/2025 16:00:00,39.91,03/04/2025 16:00:00,59.38,03/04/2025 16:00:00,36.61,04/04/2025 16:00:00,314.57,03/04/2025 16:00:00,94.51,03/04/2025 16:00:00,333.9,03/04/2025 16:00:00,66.17,03/04/2025 16:00:00,38.63,03/04/2025 16:00:00,355.78,04/04/2025 16:00:00,42.41,03/04/2025 16:00:00,106.74,,,07/04/2025 17:36:00,72.35,03/04/2025 16:00:00,58,03/04/2025 16:00:00,100.33,03/04/2025 16:00:00,142.84,03/04/2025 16:00:00,311.18,03/04/2025 16:00:00,260.2,03/04/2025 16:00:00,41.15,03/04/2025 16:00:00,86,03/04/2025 16:00:00,319.67,03/04/2025 16:00:00,231.35,04/04/2025 16:00:00,65.62,03/04/2025 16:00:00,66.22,03/04/2025 16:00:00,25.95,03/04/2025 16:00:00,26.26,03/04/2025 16:00:00,160,03/04/2025 16:00:00,529.99,03/04/2025 16:00:00,60.6,03/04/2025 16:00:00,528.42,03/04/2025 16:00:00,525.43,03/04/2025 16:00:00,95.26,,,03/04/2025 16:00:00,810.51,03/04/2025 16:00:00,163.74,03/04/2025 16:00:00,72.5,21/04/2025 16:00:00,1.89,03/04/2025 16:00:00,213.59,03/04/2025 16:00:00,56.37,03/04/2025 16:00:00,113.02,03/04/2025 16:00:00,97.75,03/04/2025 16:00:00,88.6,03/04/2025 16:00:00,931.08,03/04/2025 16:00:00,92.73,,,03/04/2025 16:00:00,308,03/04/2025 16:00:00,25.88,04/04/2025 16:00:00,97.05,03/04/2025 16:00:00,202.3,03/04/2025 16:00:00,78.38,03/04/2025 16:00:00,9.99,03/04/2025 16:00:00,33.48,,,04/04/2025 16:00:00,84.66,03/04/2025 16:00:00,35.98,03/04/2025 16:00:00,132.37,04/04/2025 16:00:00,16.88,03/04/2025 16:00:00,171.84,03/04/2025 16:00:00,46.84,03/04/2025 16:00:00,14.37,03/04/2025 16:00:00,123.79,,,03/04/2025 16:00:00,145,03/04/2025 16:00:00,24.11,03/04/2025 16:00:00,166,04/04/2025 16:00:00,30.73,03/04/2025 16:00:00,11.32,03/04/2025 16:00:00,168.5,03/04/2025 16:00:00,456.55,03/04/2025 16:00:00,222.79,04/04/2025 16:00:00,852.88,,,,,03/04/2025 16:00:00,57,04/04/2025 16:00:00,109.34,03/04/2025 16:00:00,158.19,04/04/2025 16:00:00,125,03/04/2025 16:00:00,122.74,03/04/2025 16:00:00,71.67
04/04/2025 16:00:00,193.89,04/04/2025 16:00:00,109.87,04/04/2025 16:00:00,364.13,04/04/2025 16:00:00,85.64,04/04/2025 16:00:00,238,04/04/2025 16:00:00,151.76,04/04/2025 16:00:00,179.68,04/04/2025 16:00:00,28,04/04/2025 16:00:00,149.9,07/04/2025 16:00:00,151.28,04/04/2025 16:00:00,171.77,04/04/2025 16:00:00,23.94,04/04/2025 16:00:00,62.75,04/04/2025 16:00:00,72.42,04/04/2025 16:00:00,161.27,04/04/2025 16:00:00,132.91,04/04/2025 16:00:00,215.31,04/04/2025 16:00:00,86.12,04/04/2025 16:00:00,21.7,04/04/2025 16:00:00,44.76,04/04/2025 16:00:00,152.99,04/04/2025 16:00:00,134.34,04/04/2025 16:00:00,167.15,04/04/2025 16:00:00,131.23,04/04/2025 16:00:00,37.41,04/04/2025 16:00:00,56.66,04/04/2025 16:00:00,34.93,07/04/2025 16:00:00,292.6,04/04/2025 16:00:00,86,04/04/2025 16:00:00,330,04/04/2025 16:00:00,60.25,04/04/2025 16:00:00,35.29,04/04/2025 16:00:00,350.71,07/04/2025 16:00:00,38.93,04/04/2025 16:00:00,98.33,,,08/04/2025 17:36:00,71.5,04/04/2025 16:00:00,57.65,04/04/2025 16:00:00,92.1,04/04/2025 16:00:00,134.19,04/04/2025 16:00:00,312.11,04/04/2025 16:00:00,237.92,04/04/2025 16:00:00,37.37,04/04/2025 16:00:00,84.17,04/04/2025 16:00:00,285,04/04/2025 16:00:00,220,07/04/2025 16:00:00,62,04/04/2025 16:00:00,64.68,04/04/2025 16:00:00,24.78,04/04/2025 16:00:00,25.36,04/04/2025 16:00:00,143.3,04/04/2025 16:00:00,540.64,04/04/2025 16:00:00,56.82,04/04/2025 16:00:00,519.62,04/04/2025 16:00:00,487,04/04/2025 16:00:00,96.95,,,04/04/2025 16:00:00,762.11,04/04/2025 16:00:00,147.88,04/04/2025 16:00:00,59.91,22/04/2025 16:00:00,1.89,04/04/2025 16:00:00,203.25,04/04/2025 16:00:00,53.22,04/04/2025 16:00:00,110.51,04/04/2025 16:00:00,91.84,04/04/2025 16:00:00,87.99,04/04/2025 16:00:00,955,04/04/2025 16:00:00,93.21,,,04/04/2025 16:00:00,296.8,04/04/2025 16:00:00,23.32,07/04/2025 16:00:00,94,04/04/2025 16:00:00,195.46,04/04/2025 16:00:00,72.85,04/04/2025 16:00:00,9.32,04/04/2025 16:00:00,30.21,,,07/04/2025 16:00:00,78.63,04/04/2025 16:00:00,31.15,04/04/2025 16:00:00,129.22,07/04/2025 16:00:00,14.85,04/04/2025 16:00:00,159.67,04/04/2025 16:00:00,48.06,04/04/2025 16:00:00,12.63,04/04/2025 16:00:00,125.37,,,04/04/2025 16:00:00,145.82,04/04/2025 16:00:00,21.35,04/04/2025 16:00:00,156.9,07/04/2025 16:00:00,28.35,04/04/2025 16:00:00,10.06,04/04/2025 16:00:00,155.27,04/04/2025 16:00:00,426.46,04/04/2025 16:00:00,220.65,07/04/2025 16:00:00,789.63,,,,,04/04/2025 16:00:00,56.98,07/04/2025 16:00:00,99.62,04/04/2025 16:00:00,157.21,07/04/2025 16:00:00,117.72,04/04/2025 16:00:00,115.58,04/04/2025 16:00:00,72.79
07/04/2025 16:00:00,177.2,07/04/2025 16:00:00,100.39,07/04/2025 16:00:00,350.88,07/04/2025 16:00:00,80.24,07/04/2025 16:00:00,219.24,07/04/2025 16:00:00,138.73,07/04/2025 16:00:00,163.21,07/04/2025 16:00:00,25.18,07/04/2025 16:00:00,143.39,08/04/2025 16:00:00,153.59,07/04/2025 16:00:00,163.66,07/04/2025 16:00:00,22.14,07/04/2025 16:00:00,60.69,07/04/2025 16:00:00,66.23,07/04/2025 16:00:00,147.17,07/04/2025 16:00:00,118.86,07/04/2025 16:00:00,205.77,07/04/2025 16:00:00,81.01,07/04/2025 16:00:00,19.14,07/04/2025 16:00:00,41.53,07/04/2025 16:00:00,141.32,07/04/2025 16:00:00,124.59,07/04/2025 16:00:00,162,07/04/2025 16:00:00,122.29,07/04/2025 16:00:00,33.04,07/04/2025 16:00:00,53.38,07/04/2025 16:00:00,32.97,08/04/2025 16:00:00,303.78,07/04/2025 16:00:00,80.99,07/04/2025 16:00:00,302.07,07/04/2025 16:00:00,56.16,07/04/2025 16:00:00,34.97,07/04/2025 16:00:00,344.3,08/04/2025 16:00:00,39.7,07/04/2025 16:00:00,95,,,09/04/2025 17:36:00,77.76,07/04/2025 16:00:00,53,07/04/2025 16:00:00,84.01,07/04/2025 16:00:00,124.73,07/04/2025 16:00:00,287.69,07/04/2025 16:00:00,225.29,07/04/2025 16:00:00,35.8,07/04/2025 16:00:00,77.78,07/04/2025 16:00:00,276,07/04/2025 16:00:00,211.11,08/04/2025 16:00:00,71.11,07/04/2025 16:00:00,61.2,07/04/2025 16:00:00,23.32,07/04/2025 16:00:00,24.16,07/04/2025 16:00:00,132.05,07/04/2025 16:00:00,513.4,07/04/2025 16:00:00,53.9,07/04/2025 16:00:00,478.5,07/04/2025 16:00:00,446.9,07/04/2025 16:00:00,89.75,,,07/04/2025 16:00:00,697.93,07/04/2025 16:00:00,140,07/04/2025 16:00:00,56.83,23/04/2025 16:00:00,1.89,07/04/2025 16:00:00,190.81,07/04/2025 16:00:00,55.4,07/04/2025 16:00:00,104.75,07/04/2025 16:00:00,91.27,07/04/2025 16:00:00,81.22,07/04/2025 16:00:00,887.75,07/04/2025 16:00:00,87.75,,,07/04/2025 16:00:00,278.94,07/04/2025 16:00:00,21.82,08/04/2025 16:00:00,99.89,07/04/2025 16:00:00,176.42,07/04/2025 16:00:00,67.19,07/04/2025 16:00:00,9.27,07/04/2025 16:00:00,27.22,,,08/04/2025 16:00:00,83.07,07/04/2025 16:00:00,28.03,07/04/2025 16:00:00,121.81,08/04/2025 16:00:00,15.44,07/04/2025 16:00:00,150.91,07/04/2025 16:00:00,44.99,07/04/2025 16:00:00,11.51,07/04/2025 16:00:00,120.04,,,07/04/2025 16:00:00,135.17,07/04/2025 16:00:00,19.28,07/04/2025 16:00:00,144.94,08/04/2025 16:00:00,29.37,07/04/2025 16:00:00,8.98,07/04/2025 16:00:00,150.63,07/04/2025 16:00:00,417.13,07/04/2025 16:00:00,218.05,08/04/2025 16:00:00,849.3,,,,,07/04/2025 16:00:00,51.51,08/04/2025 16:00:00,103.55,07/04/2025 16:00:00,144.64,08/04/2025 16:00:00,118.17,07/04/2025 16:00:00,107.28,07/04/2025 16:00:00,65.5
08/04/2025 16:00:00,186.7,08/04/2025 16:00:00,105.46,08/04/2025 16:00:00,368.26,08/04/2025 16:00:00,85.85,08/04/2025 16:00:00,232.56,08/04/2025 16:00:00,144.15,08/04/2025 16:00:00,176,08/04/2025 16:00:00,27.02,08/04/2025 16:00:00,153.57,09/04/2025 16:00:00,142.2,08/04/2025 16:00:00,162.31,08/04/2025 16:00:00,22.9,08/04/2025 16:00:00,64.69,08/04/2025 16:00:00,68.96,08/04/2025 16:00:00,152.75,08/04/2025 16:00:00,132.54,08/04/2025 16:00:00,223.52,08/04/2025 16:00:00,83.21,08/04/2025 16:00:00,20.06,08/04/2025 16:00:00,43,08/04/2025 16:00:00,143.95,08/04/2025 16:00:00,131.13,08/04/2025 16:00:00,185.23,08/04/2025 16:00:00,127.07,08/04/2025 16:00:00,34.43,08/04/2025 16:00:00,54.74,08/04/2025 16:00:00,33.47,09/04/2025 16:00:00,297.41,08/04/2025 16:00:00,85.95,08/04/2025 16:00:00,322.24,08/04/2025 16:00:00,61.24,08/04/2025 16:00:00,36.86,08/04/2025 16:00:00,350.38,09/04/2025 16:00:00,35.54,08/04/2025 16:00:00,97.8,,,10/04/2025 17:36:00,74.45,08/04/2025 16:00:00,56.44,08/04/2025 16:00:00,87.15,08/04/2025 16:00:00,132.24,08/04/2025 16:00:00,289.25,08/04/2025 16:00:00,245.83,08/04/2025 16:00:00,37.94,08/04/2025 16:00:00,79.04,08/04/2025 16:00:00,289.89,08/04/2025 16:00:00,217.53,09/04/2025 16:00:00,66.44,08/04/2025 16:00:00,62.2,08/04/2025 16:00:00,24.2,08/04/2025 16:00:00,24.84,08/04/2025 16:00:00,146.85,08/04/2025 16:00:00,582.17,08/04/2025 16:00:00,55.17,08/04/2025 16:00:00,501,08/04/2025 16:00:00,488.25,08/04/2025 16:00:00,90.3,,,08/04/2025 16:00:00,754.98,08/04/2025 16:00:00,148.51,08/04/2025 16:00:00,59.54,24/04/2025 16:00:00,1.89,08/04/2025 16:00:00,188.24,08/04/2025 16:00:00,58.77,08/04/2025 16:00:00,105.4,08/04/2025 16:00:00,96.54,08/04/2025 16:00:00,84.5,08/04/2025 16:00:00,932.05,08/04/2025 16:00:00,88.69,,,08/04/2025 16:00:00,290.29,08/04/2025 16:00:00,23.7,09/04/2025 16:00:00,93.29,08/04/2025 16:00:00,185.04,08/04/2025 16:00:00,72.49,08/04/2025 16:00:00,9.52,08/04/2025 16:00:00,29,,,09/04/2025 16:00:00,79.22,08/04/2025 16:00:00,31.66,08/04/2025 16:00:00,119.77,09/04/2025 16:00:00,13.72,08/04/2025 16:00:00,156.75,08/04/2025 16:00:00,44.52,08/04/2025 16:00:00,12.38,08/04/2025 16:00:00,122.36,,,08/04/2025 16:00:00,136.59,08/04/2025 16:00:00,20.67,08/04/2025 16:00:00,162.94,09/04/2025 16:00:00,27.3,08/04/2025 16:00:00,10.6,08/04/2025 16:00:00,157.9,08/04/2025 16:00:00,433.46,08/04/2025 16:00:00,220.02,09/04/2025 16:00:00,800.54,,,,,08/04/2025 16:00:00,51.13,09/04/2025 16:00:00,97.94,08/04/2025 16:00:00,148.44,09/04/2025 16:00:00,114.75,08/04/2025 16:00:00,110.76,08/04/2025 16:00:00,66.43
09/04/2025 16:00:00,171.95,09/04/2025 16:00:00,99.37,09/04/2025 16:00:00,353.54,09/04/2025 16:00:00,83.33,09/04/2025 16:00:00,217.12,09/04/2025 16:00:00,135.02,09/04/2025 16:00:00,165.81,09/04/2025 16:00:00,26.09,09/04/2025 16:00:00,146.33,10/04/2025 16:00:00,150.37,09/04/2025 16:00:00,157.36,09/04/2025 16:00:00,21.11,09/04/2025 16:00:00,60.64,09/04/2025 16:00:00,67.92,09/04/2025 16:00:00,148.63,09/04/2025 16:00:00,123.4,09/04/2025 16:00:00,212.5,09/04/2025 16:00:00,76.76,09/04/2025 16:00:00,18.07,09/04/2025 16:00:00,41.68,09/04/2025 16:00:00,140.25,09/04/2025 16:00:00,125.16,09/04/2025 16:00:00,172.12,09/04/2025 16:00:00,121.63,09/04/2025 16:00:00,31.29,09/04/2025 16:00:00,53.08,09/04/2025 16:00:00,32.5,10/04/2025 16:00:00,301.34,09/04/2025 16:00:00,81.29,09/04/2025 16:00:00,305.64,09/04/2025 16:00:00,56.76,09/04/2025 16:00:00,34.05,09/04/2025 16:00:00,328.6,10/04/2025 16:00:00,38.66,09/04/2025 16:00:00,91.18,,,11/04/2025 17:36:00,77.2,09/04/2025 16:00:00,55.01,09/04/2025 16:00:00,81.11,09/04/2025 16:00:00,125,09/04/2025 16:00:00,268.91,09/04/2025 16:00:00,226.96,09/04/2025 16:00:00,35.82,09/04/2025 16:00:00,76.53,09/04/2025 16:00:00,270.76,09/04/2025 16:00:00,206.62,10/04/2025 16:00:00,69.68,09/04/2025 16:00:00,59.27,09/04/2025 16:00:00,23.32,09/04/2025 16:00:00,23.78,09/04/2025 16:00:00,138.85,09/04/2025 16:00:00,560.14,09/04/2025 16:00:00,51.2,09/04/2025 16:00:00,470.11,09/04/2025 16:00:00,451.36,09/04/2025 16:00:00,87.73,,,09/04/2025 16:00:00,704.4,09/04/2025 16:00:00,139.21,09/04/2025 16:00:00,54.28,25/04/2025 16:00:00,1.89,09/04/2025 16:00:00,180.5,09/04/2025 16:00:00,53.28,09/04/2025 16:00:00,97.97,09/04/2025 16:00:00,88,09/04/2025 16:00:00,80.5,09/04/2025 16:00:00,908,09/04/2025 16:00:00,86.31,,,09/04/2025 16:00:00,280,09/04/2025 16:00:00,21.5,10/04/2025 16:00:00,101.53,09/04/2025 16:00:00,172.06,09/04/2025 16:00:00,67.89,09/04/2025 16:00:00,8.5,09/04/2025 16:00:00,25.35,,,10/04/2025 16:00:00,86.11,09/04/2025 16:00:00,29.93,09/04/2025 16:00:00,110.31,10/04/2025 16:00:00,15.71,09/04/2025 16:00:00,145.17,09/04/2025 16:00:00,44.05,09/04/2025 16:00:00,10.88,09/04/2025 16:00:00,119.75,,,09/04/2025 16:00:00,131.85,09/04/2025 16:00:00,18.86,09/04/2025 16:00:00,149.37,10/04/2025 16:00:00,30.1,09/04/2025 16:00:00,9.5,09/04/2025 16:00:00,146.83,09/04/2025 16:00:00,407.72,09/04/2025 16:00:00,208.8,10/04/2025 16:00:00,879.49,,,,,09/04/2025 16:00:00,49.23,10/04/2025 16:00:00,104.88,09/04/2025 16:00:00,140.3,10/04/2025 16:00:00,116.31,09/04/2025 16:00:00,102.54,09/04/2025 16:00:00,63.39
10/04/2025 16:00:00,189.07,10/04/2025 16:00:00,103.71,10/04/2025 16:00:00,382.06,10/04/2025 16:00:00,88.73,10/04/2025 16:00:00,231,10/04/2025 16:00:00,143.22,10/04/2025 16:00:00,181.9,10/04/2025 16:00:00,26.24,10/04/2025 16:00:00,158.76,11/04/2025 16:00:00,149.33,10/04/2025 16:00:00,162.9,10/04/2025 16:00:00,22.26,10/04/2025 16:00:00,64.95,10/04/2025 16:00:00,70.19,10/04/2025 16:00:00,152.8,10/04/2025 16:00:00,136.65,10/04/2025 16:00:00,230,10/04/2025 16:00:00,80.61,10/04/2025 16:00:00,20.68,10/04/2025 16:00:00,42.49,10/04/2025 16:00:00,145.42,10/04/2025 16:00:00,137.01,10/04/2025 16:00:00,185.44,10/04/2025 16:00:00,126,10/04/2025 16:00:00,34.78,10/04/2025 16:00:00,57.82,10/04/2025 16:00:00,34.78,11/04/2025 16:00:00,306.47,10/04/2025 16:00:00,88.92,10/04/2025 16:00:00,328.02,10/04/2025 16:00:00,62.09,10/04/2025 16:00:00,36.32,10/04/2025 16:00:00,352.85,11/04/2025 16:00:00,36.62,10/04/2025 16:00:00,98.12,,,14/04/2025 17:36:00,78.44,10/04/2025 16:00:00,56.53,10/04/2025 16:00:00,88.5,10/04/2025 16:00:00,135.75,10/04/2025 16:00:00,287.98,10/04/2025 16:00:00,255.02,10/04/2025 16:00:00,38.46,10/04/2025 16:00:00,81.15,10/04/2025 16:00:00,296.68,10/04/2025 16:00:00,221.38,11/04/2025 16:00:00,69,10/04/2025 16:00:00,61.41,10/04/2025 16:00:00,24.81,10/04/2025 16:00:00,25.95,10/04/2025 16:00:00,154.98,10/04/2025 16:00:00,580.24,10/04/2025 16:00:00,53.33,10/04/2025 16:00:00,506.83,10/04/2025 16:00:00,503.1,10/04/2025 16:00:00,90.14,,,10/04/2025 16:00:00,738.9,10/04/2025 16:00:00,150,10/04/2025 16:00:00,58.6,28/04/2025 16:00:00,1.89,10/04/2025 16:00:00,196.99,10/04/2025 16:00:00,57.23,10/04/2025 16:00:00,104.82,10/04/2025 16:00:00,95.69,10/04/2025 16:00:00,84.83,10/04/2025 16:00:00,966.5,10/04/2025 16:00:00,87.98,,,10/04/2025 16:00:00,292.47,10/04/2025 16:00:00,23.42,11/04/2025 16:00:00,99.19,10/04/2025 16:00:00,192.45,10/04/2025 16:00:00,73.17,10/04/2025 16:00:00,9.1,10/04/2025 16:00:00,28.8,,,11/04/2025 16:00:00,84.43,10/04/2025 16:00:00,32.72,10/04/2025 16:00:00,117.45,11/04/2025 16:00:00,14.49,10/04/2025 16:00:00,160.79,10/04/2025 16:00:00,44.33,10/04/2025 16:00:00,12.2,10/04/2025 16:00:00,125.97,,,10/04/2025 16:00:00,135.36,10/04/2025 16:00:00,21.18,10/04/2025 16:00:00,169.5,11/04/2025 16:00:00,28.26,10/04/2025 16:00:00,10.25,10/04/2025 16:00:00,156.84,10/04/2025 16:00:00,444.36,10/04/2025 16:00:00,220.96,11/04/2025 16:00:00,848.17,,,,,10/04/2025 16:00:00,52.2,11/04/2025 16:00:00,104.68,10/04/2025 16:00:00,143.96,11/04/2025 16:00:00,116.88,10/04/2025 16:00:00,110,10/04/2025 16:00:00,66.8
11/04/2025 16:00:00,186.1,11/04/2025 16:00:00,100.3,11/04/2025 16:00:00,380.64,11/04/2025 16:00:00,90.68,11/04/2025 16:00:00,229.72,11/04/2025 16:00:00,135.01,11/04/2025 16:00:00,179.01,11/04/2025 16:00:00,26.58,11/04/2025 16:00:00,155.59,14/04/2025 16:00:00,151.59,11/04/2025 16:00:00,163.37,11/04/2025 16:00:00,21.59,11/04/2025 16:00:00,61.54,11/04/2025 16:00:00,70.91,11/04/2025 16:00:00,151.88,11/04/2025 16:00:00,132.11,11/04/2025 16:00:00,226.31,11/04/2025 16:00:00,77.87,11/04/2025 16:00:00,19.25,11/04/2025 16:00:00,43.85,11/04/2025 16:00:00,145.15,11/04/2025 16:00:00,134,11/04/2025 16:00:00,179.93,11/04/2025 16:00:00,126.06,11/04/2025 16:00:00,32.53,11/04/2025 16:00:00,56.67,11/04/2025 16:00:00,33.96,14/04/2025 16:00:00,312.43,11/04/2025 16:00:00,85.11,11/04/2025 16:00:00,324.43,11/04/2025 16:00:00,60.88,11/04/2025 16:00:00,35.2,11/04/2025 16:00:00,350.31,14/04/2025 16:00:00,38.7,11/04/2025 16:00:00,95.75,,,15/04/2025 17:36:00,76,11/04/2025 16:00:00,56.56,11/04/2025 16:00:00,83.3,11/04/2025 16:00:00,133.13,11/04/2025 16:00:00,282.5,11/04/2025 16:00:00,246.89,11/04/2025 16:00:00,37,11/04/2025 16:00:00,81.13,11/04/2025 16:00:00,288.95,11/04/2025 16:00:00,218.76,14/04/2025 16:00:00,70,11/04/2025 16:00:00,62.49,11/04/2025 16:00:00,24.68,11/04/2025 16:00:00,25.52,11/04/2025 16:00:00,154.62,11/04/2025 16:00:00,588.92,11/04/2025 16:00:00,50.47,11/04/2025 16:00:00,498.26,11/04/2025 16:00:00,487,11/04/2025 16:00:00,91.44,,,11/04/2025 16:00:00,722.89,11/04/2025 16:00:00,146.77,11/04/2025 16:00:00,57.24,29/04/2025 16:00:00,1.89,11/04/2025 16:00:00,192.78,11/04/2025 16:00:00,54.4,11/04/2025 16:00:00,102.18,11/04/2025 16:00:00,92.41,11/04/2025 16:00:00,83.16,11/04/2025 16:00:00,963.96,11/04/2025 16:00:00,88.46,,,11/04/2025 16:00:00,282.58,11/04/2025 16:00:00,22.99,14/04/2025 16:00:00,102.16,11/04/2025 16:00:00,181.14,11/04/2025 16:00:00,70.74,11/04/2025 16:00:00,9.11,11/04/2025 16:00:00,27.01,,,14/04/2025 16:00:00,86.32,11/04/2025 16:00:00,31.92,11/04/2025 16:00:00,114.32,14/04/2025 16:00:00,15.42,11/04/2025 16:00:00,144,11/04/2025 16:00:00,45.21,11/04/2025 16:00:00,11.6,11/04/2025 16:00:00,126.53,,,11/04/2025 16:00:00,136.71,11/04/2025 16:00:00,20.39,11/04/2025 16:00:00,161.42,14/04/2025 16:00:00,28.38,11/04/2025 16:00:00,10.39,11/04/2025 16:00:00,150.63,11/04/2025 16:00:00,444.25,11/04/2025 16:00:00,219.35,14/04/2025 16:00:00,897.27,,,,,11/04/2025 16:00:00,51.96,14/04/2025 16:00:00,107.77,11/04/2025 16:00:00,145.34,14/04/2025 16:00:00,118.69,11/04/2025 16:00:00,105.84,11/04/2025 16:00:00,66.45
14/04/2025 16:00:00,211.44,14/04/2025 16:00:00,105.03,14/04/2025 16:00:00,393.22,14/04/2025 16:00:00,93.27,14/04/2025 16:00:00,239.77,14/04/2025 16:00:00,138.48,14/04/2025 16:00:00,185.35,14/04/2025 16:00:00,26.63,14/04/2025 16:00:00,162.31,15/04/2025 16:00:00,155.7,14/04/2025 16:00:00,167.04,14/04/2025 16:00:00,22.08,14/04/2025 16:00:00,63.16,14/04/2025 16:00:00,71.3,14/04/2025 16:00:00,155.44,14/04/2025 16:00:00,136.8,14/04/2025 16:00:00,237.1,14/04/2025 16:00:00,80.02,14/04/2025 16:00:00,20.59,14/04/2025 16:00:00,43.9,14/04/2025 16:00:00,144.16,14/04/2025 16:00:00,142.75,14/04/2025 16:00:00,186.84,14/04/2025 16:00:00,127,14/04/2025 16:00:00,34.7,14/04/2025 16:00:00,57.89,14/04/2025 16:00:00,33.38,15/04/2025 16:00:00,316.13,14/04/2025 16:00:00,85.83,14/04/2025 16:00:00,336.41,14/04/2025 16:00:00,63.35,14/04/2025 16:00:00,36.49,14/04/2025 16:00:00,357.8,15/04/2025 16:00:00,37.64,14/04/2025 16:00:00,98.47,,,16/04/2025 17:36:00,77.16,14/04/2025 16:00:00,56.79,14/04/2025 16:00:00,88.6,14/04/2025 16:00:00,138.11,14/04/2025 16:00:00,286.77,14/04/2025 16:00:00,256.52,14/04/2025 16:00:00,38.51,14/04/2025 16:00:00,83,14/04/2025 16:00:00,298.67,14/04/2025 16:00:00,221.15,15/04/2025 16:00:00,69.54,14/04/2025 16:00:00,65.04,14/04/2025 16:00:00,25.27,14/04/2025 16:00:00,26.33,14/04/2025 16:00:00,159.82,14/04/2025 16:00:00,595,14/04/2025 16:00:00,51.53,14/04/2025 16:00:00,515.87,14/04/2025 16:00:00,510,14/04/2025 16:00:00,94.04,,,14/04/2025 16:00:00,750.45,14/04/2025 16:00:00,150.98,14/04/2025 16:00:00,61.99,30/04/2025 16:00:00,1.86,14/04/2025 16:00:00,199.02,14/04/2025 16:00:00,55.64,14/04/2025 16:00:00,103.98,14/04/2025 16:00:00,94.42,14/04/2025 16:00:00,83.97,14/04/2025 16:00:00,970,14/04/2025 16:00:00,89.77,,,14/04/2025 16:00:00,289.92,14/04/2025 16:00:00,24.69,15/04/2025 16:00:00,100.86,14/04/2025 16:00:00,192.89,14/04/2025 16:00:00,73.04,14/04/2025 16:00:00,9.38,14/04/2025 16:00:00,29.15,,,15/04/2025 16:00:00,85.5,14/04/2025 16:00:00,34.07,14/04/2025 16:00:00,116.51,15/04/2025 16:00:00,15.17,14/04/2025 16:00:00,151.04,14/04/2025 16:00:00,45.83,14/04/2025 16:00:00,12.16,14/04/2025 16:00:00,129.26,,,14/04/2025 16:00:00,139.83,14/04/2025 16:00:00,21.59,14/04/2025 16:00:00,166.16,15/04/2025 16:00:00,28.29,14/04/2025 16:00:00,10.77,14/04/2025 16:00:00,154.09,14/04/2025 16:00:00,464.33,14/04/2025 16:00:00,222.92,15/04/2025 16:00:00,888.9,,,,,14/04/2025 16:00:00,53,15/04/2025 16:00:00,109.01,14/04/2025 16:00:00,147,15/04/2025 16:00:00,121.07,14/04/2025 16:00:00,111.16,14/04/2025 16:00:00,66.48
15/04/2025 16:00:00,201.86,15/04/2025 16:00:00,103.64,15/04/2025 16:00:00,388.51,15/04/2025 16:00:00,94.82,15/04/2025 16:00:00,239.55,15/04/2025 16:00:00,134.32,15/04/2025 16:00:00,183.88,15/04/2025 16:00:00,27.5,15/04/2025 16:00:00,161.57,16/04/2025 16:00:00,155.37,15/04/2025 16:00:00,169.14,15/04/2025 16:00:00,22.17,15/04/2025 16:00:00,63.44,15/04/2025 16:00:00,72.62,15/04/2025 16:00:00,158.54,15/04/2025 16:00:00,134.76,15/04/2025 16:00:00,236.1,15/04/2025 16:00:00,79.55,15/04/2025 16:00:00,20.2,15/04/2025 16:00:00,44.5,15/04/2025 16:00:00,145.84,15/04/2025 16:00:00,139.46,15/04/2025 16:00:00,181.41,15/04/2025 16:00:00,127.62,15/04/2025 16:00:00,33.84,15/04/2025 16:00:00,57.87,15/04/2025 16:00:00,34.44,16/04/2025 16:00:00,313.57,15/04/2025 16:00:00,84.75,15/04/2025 16:00:00,336.72,15/04/2025 16:00:00,64.19,15/04/2025 16:00:00,37.8,15/04/2025 16:00:00,356.56,16/04/2025 16:00:00,38,15/04/2025 16:00:00,98.49,,,17/04/2025 17:36:00,75.96,15/04/2025 16:00:00,57.65,15/04/2025 16:00:00,86.6,15/04/2025 16:00:00,136.01,15/04/2025 16:00:00,294.31,15/04/2025 16:00:00,256,15/04/2025 16:00:00,38.24,15/04/2025 16:00:00,81.95,15/04/2025 16:00:00,296.83,15/04/2025 16:00:00,222.79,16/04/2025 16:00:00,69.21,15/04/2025 16:00:00,66.22,15/04/2025 16:00:00,25.36,15/04/2025 16:00:00,26.4,15/04/2025 16:00:00,155.28,15/04/2025 16:00:00,592.24,15/04/2025 16:00:00,51.22,15/04/2025 16:00:00,513.4,15/04/2025 16:00:00,507.41,15/04/2025 16:00:00,94.98,,,15/04/2025 16:00:00,755.57,15/04/2025 16:00:00,149.6,15/04/2025 16:00:00,60.36,01/05/2025 16:00:00,1.86,15/04/2025 16:00:00,200.83,15/04/2025 16:00:00,54.68,15/04/2025 16:00:00,106.4,15/04/2025 16:00:00,94.04,15/04/2025 16:00:00,84.63,15/04/2025 16:00:00,985.35,15/04/2025 16:00:00,91.56,,,15/04/2025 16:00:00,288.91,15/04/2025 16:00:00,24,16/04/2025 16:00:00,99.52,15/04/2025 16:00:00,192.2,15/04/2025 16:00:00,73.02,15/04/2025 16:00:00,9.62,15/04/2025 16:00:00,28.07,,,16/04/2025 16:00:00,83.3,15/04/2025 16:00:00,33.29,15/04/2025 16:00:00,118.81,16/04/2025 16:00:00,14.95,15/04/2025 16:00:00,151.42,15/04/2025 16:00:00,46.53,15/04/2025 16:00:00,11.94,15/04/2025 16:00:00,130.51,,,15/04/2025 16:00:00,142.23,15/04/2025 16:00:00,21.22,15/04/2025 16:00:00,163.67,16/04/2025 16:00:00,27.87,15/04/2025 16:00:00,10.85,15/04/2025 16:00:00,152.51,15/04/2025 16:00:00,464.68,15/04/2025 16:00:00,224,16/04/2025 16:00:00,881.24,,,,,15/04/2025 16:00:00,54.29,16/04/2025 16:00:00,108.72,15/04/2025 16:00:00,146.7,16/04/2025 16:00:00,121.49,15/04/2025 16:00:00,107.74,15/04/2025 16:00:00,67.86
16/04/2025 16:00:00,198.36,16/04/2025 16:00:00,103.95,16/04/2025 16:00:00,380.67,16/04/2025 16:00:00,94,16/04/2025 16:00:00,240.28,16/04/2025 16:00:00,135.4,16/04/2025 16:00:00,184.07,16/04/2025 16:00:00,27.74,16/04/2025 16:00:00,155.47,17/04/2025 16:00:00,154.16,16/04/2025 16:00:00,169.29,16/04/2025 16:00:00,22.49,16/04/2025 16:00:00,63.89,16/04/2025 16:00:00,72.36,16/04/2025 16:00:00,161.65,16/04/2025 16:00:00,132.28,16/04/2025 16:00:00,232,16/04/2025 16:00:00,78.47,16/04/2025 16:00:00,19.34,16/04/2025 16:00:00,44.74,16/04/2025 16:00:00,144.11,16/04/2025 16:00:00,133.68,16/04/2025 16:00:00,176.29,16/04/2025 16:00:00,129.7,16/04/2025 16:00:00,34,16/04/2025 16:00:00,56.57,16/04/2025 16:00:00,34.3,17/04/2025 16:00:00,309.22,16/04/2025 16:00:00,84.28,16/04/2025 16:00:00,335,16/04/2025 16:00:00,63.06,16/04/2025 16:00:00,37.86,16/04/2025 16:00:00,351.84,17/04/2025 16:00:00,38.95,16/04/2025 16:00:00,96.45,,,22/04/2025 17:36:00,76.21,16/04/2025 16:00:00,57.99,16/04/2025 16:00:00,86.38,16/04/2025 16:00:00,133.51,16/04/2025 16:00:00,294.74,16/04/2025 16:00:00,255.16,16/04/2025 16:00:00,38.22,16/04/2025 16:00:00,82.38,16/04/2025 16:00:00,292.71,16/04/2025 16:00:00,219.7,17/04/2025 16:00:00,65.42,16/04/2025 16:00:00,65.5,16/04/2025 16:00:00,25.11,16/04/2025 16:00:00,26.19,16/04/2025 16:00:00,154.37,16/04/2025 16:00:00,585.32,16/04/2025 16:00:00,50.1,16/04/2025 16:00:00,516.05,16/04/2025 16:00:00,501.72,16/04/2025 16:00:00,94.91,,,16/04/2025 16:00:00,755.64,16/04/2025 16:00:00,149.25,16/04/2025 16:00:00,60.33,02/05/2025 16:00:00,1.89,16/04/2025 16:00:00,197.5,16/04/2025 16:00:00,54.72,16/04/2025 16:00:00,105.93,16/04/2025 16:00:00,91,16/04/2025 16:00:00,83.2,16/04/2025 16:00:00,972.13,16/04/2025 16:00:00,91.9,,,16/04/2025 16:00:00,289.45,16/04/2025 16:00:00,23.38,17/04/2025 16:00:00,99.2,16/04/2025 16:00:00,192.46,16/04/2025 16:00:00,72.38,16/04/2025 16:00:00,9.47,16/04/2025 16:00:00,27.7,,,17/04/2025 16:00:00,81.25,16/04/2025 16:00:00,33.37,16/04/2025 16:00:00,117,17/04/2025 16:00:00,15.66,16/04/2025 16:00:00,147.23,16/04/2025 16:00:00,46.89,16/04/2025 16:00:00,12.1,16/04/2025 16:00:00,128.73,,,16/04/2025 16:00:00,142.15,16/04/2025 16:00:00,21.38,16/04/2025 16:00:00,161.5,17/04/2025 16:00:00,27.97,16/04/2025 16:00:00,10.89,16/04/2025 16:00:00,152.08,16/04/2025 16:00:00,458.03,16/04/2025 16:00:00,219.35,17/04/2025 16:00:00,871.05,,,,,16/04/2025 16:00:00,54.1,17/04/2025 16:00:00,107.83,16/04/2025 16:00:00,145,17/04/2025 16:00:00,120.94,16/04/2025 16:00:00,107.15,16/04/2025 16:00:00,67.95
17/04/2025 16:00:00,197.2,17/04/2025 16:00:00,104.69,17/04/2025 16:00:00,373.75,17/04/2025 16:00:00,91.83,17/04/2025 16:00:00,239.68,17/04/2025 16:00:00,136.69,17/04/2025 16:00:00,183.39,17/04/2025 16:00:00,27.18,17/04/2025 16:00:00,156.61,21/04/2025 16:00:00,157.73,17/04/2025 16:00:00,167.53,17/04/2025 16:00:00,22.15,17/04/2025 16:00:00,64.38,17/04/2025 16:00:00,71.9,17/04/2025 16:00:00,161.3,17/04/2025 16:00:00,130.9,17/04/2025 16:00:00,230.8,17/04/2025 16:00:00,76.89,17/04/2025 16:00:00,18.91,17/04/2025 16:00:00,43.76,17/04/2025 16:00:00,140.34,17/04/2025 16:00:00,137.38,17/04/2025 16:00:00,176,17/04/2025 16:00:00,130.38,17/04/2025 16:00:00,34.55,17/04/2025 16:00:00,56.2,17/04/2025 16:00:00,33.78,21/04/2025 16:00:00,310.64,17/04/2025 16:00:00,83.37,17/04/2025 16:00:00,331.07,17/04/2025 16:00:00,62.18,17/04/2025 16:00:00,37.51,17/04/2025 16:00:00,348.55,21/04/2025 16:00:00,39.1,17/04/2025 16:00:00,94.94,,,23/04/2025 17:36:00,85.15,17/04/2025 16:00:00,57.48,17/04/2025 16:00:00,87.81,17/04/2025 16:00:00,130.34,17/04/2025 16:00:00,277.04,17/04/2025 16:00:00,252.95,17/04/2025 16:00:00,37.94,17/04/2025 16:00:00,81.31,17/04/2025 16:00:00,292.17,17/04/2025 16:00:00,217.5,21/04/2025 16:00:00,67.18,17/04/2025 16:00:00,66.1,17/04/2025 16:00:00,25.28,17/04/2025 16:00:00,25.87,17/04/2025 16:00:00,157.13,17/04/2025 16:00:00,481.95,17/04/2025 16:00:00,49.18,17/04/2025 16:00:00,510.95,17/04/2025 16:00:00,503.24,17/04/2025 16:00:00,93.39,,,17/04/2025 16:00:00,840.8,17/04/2025 16:00:00,149.09,17/04/2025 16:00:00,59.69,05/05/2025 16:00:00,1.93,17/04/2025 16:00:00,195.25,17/04/2025 16:00:00,53.82,17/04/2025 16:00:00,104.74,17/04/2025 16:00:00,90.23,17/04/2025 16:00:00,82.51,17/04/2025 16:00:00,973.28,17/04/2025 16:00:00,90.89,,,17/04/2025 16:00:00,285.52,17/04/2025 16:00:00,23.72,21/04/2025 16:00:00,98.32,17/04/2025 16:00:00,188.99,17/04/2025 16:00:00,72.3,17/04/2025 16:00:00,9.41,17/04/2025 16:00:00,27.73,,,21/04/2025 16:00:00,80.36,17/04/2025 16:00:00,33.35,17/04/2025 16:00:00,115.02,21/04/2025 16:00:00,15.63,17/04/2025 16:00:00,147.32,17/04/2025 16:00:00,46.88,17/04/2025 16:00:00,12.25,17/04/2025 16:00:00,126.77,,,17/04/2025 16:00:00,140.43,17/04/2025 16:00:00,21.88,17/04/2025 16:00:00,161.32,21/04/2025 16:00:00,28.75,17/04/2025 16:00:00,10.9,17/04/2025 16:00:00,152.31,17/04/2025 16:00:00,455.31,17/04/2025 16:00:00,217.02,21/04/2025 16:00:00,861.29,,,,,17/04/2025 16:00:00,52.63,21/04/2025 16:00:00,106.3,17/04/2025 16:00:00,142.73,21/04/2025 16:00:00,121.68,17/04/2025 16:00:00,109.68,17/04/2025 16:00:00,66.04
21/04/2025 16:00:00,193.27,21/04/2025 16:00:00,105.61,21/04/2025 16:00:00,362.82,21/04/2025 16:00:00,93.02,21/04/2025 16:00:00,238.07,21/04/2025 16:00:00,136.02,21/04/2025 16:00:00,178.62,21/04/2025 16:00:00,27.16,21/04/2025 16:00:00,150.97,22/04/2025 16:00:00,157.55,21/04/2025 16:00:00,169.89,21/04/2025 16:00:00,22.13,21/04/2025 16:00:00,64.2,21/04/2025 16:00:00,73.38,21/04/2025 16:00:00,163.6,21/04/2025 16:00:00,126.89,21/04/2025 16:00:00,230.01,21/04/2025 16:00:00,78.08,21/04/2025 16:00:00,18.93,21/04/2025 16:00:00,44.18,21/04/2025 16:00:00,142.5,21/04/2025 16:00:00,134.73,21/04/2025 16:00:00,169.6,21/04/2025 16:00:00,130.97,21/04/2025 16:00:00,34.63,21/04/2025 16:00:00,55.16,21/04/2025 16:00:00,33.75,22/04/2025 16:00:00,311.76,21/04/2025 16:00:00,84.91,21/04/2025 16:00:00,328.5,21/04/2025 16:00:00,62.75,21/04/2025 16:00:00,37.07,21/04/2025 16:00:00,354.36,22/04/2025 16:00:00,39.6,21/04/2025 16:00:00,95.57,,,24/04/2025 17:36:00,82.97,21/04/2025 16:00:00,58.3,21/04/2025 16:00:00,87.27,21/04/2025 16:00:00,128.86,21/04/2025 16:00:00,277.29,21/04/2025 16:00:00,247.66,21/04/2025 16:00:00,37.78,21/04/2025 16:00:00,81.14,21/04/2025 16:00:00,289.33,21/04/2025 16:00:00,218.59,22/04/2025 16:00:00,64.82,21/04/2025 16:00:00,66.27,21/04/2025 16:00:00,25.16,21/04/2025 16:00:00,25.64,21/04/2025 16:00:00,159.49,21/04/2025 16:00:00,449.76,21/04/2025 16:00:00,49.35,21/04/2025 16:00:00,516.76,21/04/2025 16:00:00,504.77,21/04/2025 16:00:00,96.19,,,21/04/2025 16:00:00,843.3,21/04/2025 16:00:00,148.3,21/04/2025 16:00:00,59.48,08/05/2025 16:00:00,1.88,21/04/2025 16:00:00,194.98,21/04/2025 16:00:00,55.23,21/04/2025 16:00:00,104.1,21/04/2025 16:00:00,92.43,21/04/2025 16:00:00,82.49,21/04/2025 16:00:00,993,21/04/2025 16:00:00,91.56,,,21/04/2025 16:00:00,282.03,21/04/2025 16:00:00,23.52,22/04/2025 16:00:00,97.65,21/04/2025 16:00:00,185.12,21/04/2025 16:00:00,72.03,21/04/2025 16:00:00,9.58,21/04/2025 16:00:00,28.17,,,22/04/2025 16:00:00,81.91,21/04/2025 16:00:00,33.12,21/04/2025 16:00:00,117.97,22/04/2025 16:00:00,15.65,21/04/2025 16:00:00,145.46,21/04/2025 16:00:00,47.48,21/04/2025 16:00:00,12.3,21/04/2025 16:00:00,127.2,,,21/04/2025 16:00:00,143.5,21/04/2025 16:00:00,22.03,21/04/2025 16:00:00,169.08,22/04/2025 16:00:00,28.89,21/04/2025 16:00:00,10.96,21/04/2025 16:00:00,151.98,21/04/2025 16:00:00,451,21/04/2025 16:00:00,217.92,22/04/2025 16:00:00,869.92,,,,,21/04/2025 16:00:00,52.9,22/04/2025 16:00:00,106.57,21/04/2025 16:00:00,142.56,22/04/2025 16:00:00,121.38,21/04/2025 16:00:00,108.61,21/04/2025 16:00:00,65.83
22/04/2025 16:00:00,196.12,22/04/2025 16:00:00,106.14,22/04/2025 16:00:00,363.38,22/04/2025 16:00:00,92.88,22/04/2025 16:00:00,238.5,22/04/2025 16:00:00,135.26,22/04/2025 16:00:00,186.5,22/04/2025 16:00:00,26,22/04/2025 16:00:00,151.07,23/04/2025 16:00:00,156.49,22/04/2025 16:00:00,165.86,22/04/2025 16:00:00,22.18,22/04/2025 16:00:00,64.71,22/04/2025 16:00:00,73,22/04/2025 16:00:00,163.29,22/04/2025 16:00:00,124.5,22/04/2025 16:00:00,231.98,22/04/2025 16:00:00,78.03,22/04/2025 16:00:00,19.06,22/04/2025 16:00:00,41.99,22/04/2025 16:00:00,142.28,22/04/2025 16:00:00,136.75,22/04/2025 16:00:00,169.85,22/04/2025 16:00:00,129.93,22/04/2025 16:00:00,34.83,22/04/2025 16:00:00,55.22,22/04/2025 16:00:00,33.85,23/04/2025 16:00:00,318.5,22/04/2025 16:00:00,85.01,22/04/2025 16:00:00,323.86,22/04/2025 16:00:00,63.52,22/04/2025 16:00:00,37.57,22/04/2025 16:00:00,351.16,23/04/2025 16:00:00,40.7,22/04/2025 16:00:00,96.27,,,25/04/2025 17:36:00,81.55,22/04/2025 16:00:00,57.8,22/04/2025 16:00:00,88.89,22/04/2025 16:00:00,133.29,22/04/2025 16:00:00,275.7,22/04/2025 16:00:00,247.12,22/04/2025 16:00:00,38.26,22/04/2025 16:00:00,80.54,22/04/2025 16:00:00,287.5,22/04/2025 16:00:00,218.03,23/04/2025 16:00:00,65.52,22/04/2025 16:00:00,65.04,22/04/2025 16:00:00,25.47,22/04/2025 16:00:00,25.64,22/04/2025 16:00:00,162.5,22/04/2025 16:00:00,424.64,22/04/2025 16:00:00,49.31,22/04/2025 16:00:00,515.62,22/04/2025 16:00:00,510.23,22/04/2025 16:00:00,94.4,,,22/04/2025 16:00:00,821.88,22/04/2025 16:00:00,149.34,22/04/2025 16:00:00,60.96,09/05/2025 16:00:00,1.83,22/04/2025 16:00:00,195.86,22/04/2025 16:00:00,56.65,22/04/2025 16:00:00,104.9,22/04/2025 16:00:00,94.12,22/04/2025 16:00:00,82.81,22/04/2025 16:00:00,969.75,22/04/2025 16:00:00,90.44,,,22/04/2025 16:00:00,281.4,22/04/2025 16:00:00,24.02,23/04/2025 16:00:00,103.31,22/04/2025 16:00:00,198.24,22/04/2025 16:00:00,72.13,22/04/2025 16:00:00,9.55,22/04/2025 16:00:00,28.54,,,23/04/2025 16:00:00,84,22/04/2025 16:00:00,33.42,22/04/2025 16:00:00,118.12,23/04/2025 16:00:00,16.13,22/04/2025 16:00:00,145.87,22/04/2025 16:00:00,46.75,22/04/2025 16:00:00,12.33,22/04/2025 16:00:00,124.6,,,22/04/2025 16:00:00,133.08,22/04/2025 16:00:00,20.11,22/04/2025 16:00:00,167.93,23/04/2025 16:00:00,29.24,22/04/2025 16:00:00,10.62,22/04/2025 16:00:00,151.61,22/04/2025 16:00:00,446.25,22/04/2025 16:00:00,214.8,23/04/2025 16:00:00,909.17,,,,,22/04/2025 16:00:00,52.6,23/04/2025 16:00:00,108.55,22/04/2025 16:00:00,142.03,23/04/2025 16:00:00,121.21,22/04/2025 16:00:00,110.85,22/04/2025 16:00:00,65.46
23/04/2025 16:00:00,206,23/04/2025 16:00:00,108.81,23/04/2025 16:00:00,376.06,23/04/2025 16:00:00,95.02,23/04/2025 16:00:00,246,23/04/2025 16:00:00,137.21,23/04/2025 16:00:00,195.94,23/04/2025 16:00:00,26.54,23/04/2025 16:00:00,157.91,24/04/2025 16:00:00,155.8,23/04/2025 16:00:00,166.4,23/04/2025 16:00:00,22.78,23/04/2025 16:00:00,67.44,23/04/2025 16:00:00,73.29,23/04/2025 16:00:00,168.94,23/04/2025 16:00:00,134.91,23/04/2025 16:00:00,240.22,23/04/2025 16:00:00,78.5,23/04/2025 16:00:00,20.72,23/04/2025 16:00:00,42.55,23/04/2025 16:00:00,143.27,23/04/2025 16:00:00,142.58,23/04/2025 16:00:00,183.45,23/04/2025 16:00:00,132.21,23/04/2025 16:00:00,35.13,23/04/2025 16:00:00,56.15,23/04/2025 16:00:00,34.53,24/04/2025 16:00:00,318.43,23/04/2025 16:00:00,89.03,23/04/2025 16:00:00,337.24,23/04/2025 16:00:00,66.47,23/04/2025 16:00:00,39.41,23/04/2025 16:00:00,361.92,24/04/2025 16:00:00,40.05,23/04/2025 16:00:00,98.58,,,28/04/2025 17:36:00,80.08,23/04/2025 16:00:00,58.53,23/04/2025 16:00:00,90.78,23/04/2025 16:00:00,139.38,23/04/2025 16:00:00,279.91,23/04/2025 16:00:00,261.87,23/04/2025 16:00:00,40,23/04/2025 16:00:00,82.28,23/04/2025 16:00:00,301.34,23/04/2025 16:00:00,221.31,24/04/2025 16:00:00,65.8,23/04/2025 16:00:00,67.53,23/04/2025 16:00:00,26.26,23/04/2025 16:00:00,26.73,23/04/2025 16:00:00,174,23/04/2025 16:00:00,427.07,23/04/2025 16:00:00,47.63,23/04/2025 16:00:00,537.74,23/04/2025 16:00:00,533.63,23/04/2025 16:00:00,95,,,23/04/2025 16:00:00,836.96,23/04/2025 16:00:00,152.99,23/04/2025 16:00:00,63.67,12/05/2025 16:00:00,1.85,23/04/2025 16:00:00,199.63,23/04/2025 16:00:00,59,23/04/2025 16:00:00,105.95,23/04/2025 16:00:00,96.85,23/04/2025 16:00:00,84.16,23/04/2025 16:00:00,994.52,23/04/2025 16:00:00,91.48,,,23/04/2025 16:00:00,294.65,23/04/2025 16:00:00,25.11,24/04/2025 16:00:00,101.05,23/04/2025 16:00:00,200.02,23/04/2025 16:00:00,74.75,23/04/2025 16:00:00,9.84,23/04/2025 16:00:00,30.06,,,24/04/2025 16:00:00,82.39,23/04/2025 16:00:00,35.44,23/04/2025 16:00:00,120.19,24/04/2025 16:00:00,15.97,23/04/2025 16:00:00,153.17,23/04/2025 16:00:00,46.94,23/04/2025 16:00:00,12.38,23/04/2025 16:00:00,127.19,,,23/04/2025 16:00:00,135.52,23/04/2025 16:00:00,21.03,23/04/2025 16:00:00,177,24/04/2025 16:00:00,29.72,23/04/2025 16:00:00,11.06,23/04/2025 16:00:00,157.7,23/04/2025 16:00:00,462.95,23/04/2025 16:00:00,222.13,24/04/2025 16:00:00,895.5,,,,,23/04/2025 16:00:00,53.2,24/04/2025 16:00:00,108.49,23/04/2025 16:00:00,145.55,24/04/2025 16:00:00,121.15,23/04/2025 16:00:00,112.5,23/04/2025 16:00:00,67.55
24/04/2025 16:00:00,204.89,24/04/2025 16:00:00,107.97,24/04/2025 16:00:00,375.7,24/04/2025 16:00:00,94.71,24/04/2025 16:00:00,231.18,24/04/2025 16:00:00,137.92,24/04/2025 16:00:00,194.33,24/04/2025 16:00:00,27.17,24/04/2025 16:00:00,158.53,25/04/2025 16:00:00,154.32,24/04/2025 16:00:00,160.5,24/04/2025 16:00:00,22.4,24/04/2025 16:00:00,67.7,24/04/2025 16:00:00,73.02,24/04/2025 16:00:00,168.33,24/04/2025 16:00:00,132.51,24/04/2025 16:00:00,239.74,24/04/2025 16:00:00,78.28,24/04/2025 16:00:00,21.04,24/04/2025 16:00:00,42.71,24/04/2025 16:00:00,141.45,24/04/2025 16:00:00,142.78,24/04/2025 16:00:00,180.92,24/04/2025 16:00:00,130.02,24/04/2025 16:00:00,34.32,24/04/2025 16:00:00,55.3,24/04/2025 16:00:00,31.98,25/04/2025 16:00:00,316.5,24/04/2025 16:00:00,87.45,24/04/2025 16:00:00,333.28,24/04/2025 16:00:00,66.26,24/04/2025 16:00:00,38.66,24/04/2025 16:00:00,356.5,25/04/2025 16:00:00,39.95,24/04/2025 16:00:00,97,,,29/04/2025 17:36:00,83.3,24/04/2025 16:00:00,58.49,24/04/2025 16:00:00,90.75,24/04/2025 16:00:00,135.64,24/04/2025 16:00:00,278.47,24/04/2025 16:00:00,258.07,24/04/2025 16:00:00,39.3,24/04/2025 16:00:00,81.63,24/04/2025 16:00:00,297.43,24/04/2025 16:00:00,208.25,25/04/2025 16:00:00,65.87,24/04/2025 16:00:00,66.96,24/04/2025 16:00:00,26.16,24/04/2025 16:00:00,26.51,24/04/2025 16:00:00,171.2,24/04/2025 16:00:00,427.57,24/04/2025 16:00:00,47.94,24/04/2025 16:00:00,528.69,24/04/2025 16:00:00,527.1,24/04/2025 16:00:00,93.08,,,24/04/2025 16:00:00,836,24/04/2025 16:00:00,152.64,24/04/2025 16:00:00,63.66,13/05/2025 16:00:00,1.86,24/04/2025 16:00:00,197.33,24/04/2025 16:00:00,57.81,24/04/2025 16:00:00,106.11,24/04/2025 16:00:00,92.3,24/04/2025 16:00:00,84.03,24/04/2025 16:00:00,973.6,24/04/2025 16:00:00,91.04,,,24/04/2025 16:00:00,285,24/04/2025 16:00:00,24.74,25/04/2025 16:00:00,104.62,24/04/2025 16:00:00,196.7,24/04/2025 16:00:00,74.24,24/04/2025 16:00:00,9.87,24/04/2025 16:00:00,28.52,,,25/04/2025 16:00:00,83.63,24/04/2025 16:00:00,35.57,24/04/2025 16:00:00,119.46,25/04/2025 16:00:00,16.03,24/04/2025 16:00:00,164.63,24/04/2025 16:00:00,46.64,24/04/2025 16:00:00,12.24,24/04/2025 16:00:00,124.69,,,24/04/2025 16:00:00,133.01,24/04/2025 16:00:00,20.82,24/04/2025 16:00:00,177,25/04/2025 16:00:00,30.22,24/04/2025 16:00:00,10.91,24/04/2025 16:00:00,157.14,24/04/2025 16:00:00,458.52,24/04/2025 16:00:00,217.76,25/04/2025 16:00:00,913.25,,,,,24/04/2025 16:00:00,53.09,25/04/2025 16:00:00,108.83,24/04/2025 16:00:00,146.41,25/04/2025 16:00:00,120.77,24/04/2025 16:00:00,112.83,24/04/2025 16:00:00,67.04
25/04/2025 16:00:00,206.37,25/04/2025 16:00:00,108.14,25/04/2025 16:00:00,387,25/04/2025 16:00:00,95.8,25/04/2025 16:00:00,228.95,25/04/2025 16:00:00,138.33,25/04/2025 16:00:00,198.7,25/04/2025 16:00:00,27.46,25/04/2025 16:00:00,167.1,28/04/2025 16:00:00,155.5,25/04/2025 16:00:00,159.88,25/04/2025 16:00:00,22.77,25/04/2025 16:00:00,69.07,25/04/2025 16:00:00,72.65,25/04/2025 16:00:00,170.96,25/04/2025 16:00:00,137.49,25/04/2025 16:00:00,244.65,25/04/2025 16:00:00,80.17,25/04/2025 16:00:00,19.73,25/04/2025 16:00:00,42.53,25/04/2025 16:00:00,135.47,25/04/2025 16:00:00,146.08,25/04/2025 16:00:00,187.62,25/04/2025 16:00:00,129.27,25/04/2025 16:00:00,34.29,25/04/2025 16:00:00,56.21,25/04/2025 16:00:00,33.52,28/04/2025 16:00:00,317.7,25/04/2025 16:00:00,90.07,25/04/2025 16:00:00,334.76,25/04/2025 16:00:00,67.86,25/04/2025 16:00:00,39.54,25/04/2025 16:00:00,357.7,28/04/2025 16:00:00,40.24,25/04/2025 16:00:00,98.04,,,30/04/2025 17:36:00,81.91,25/04/2025 16:00:00,58.75,25/04/2025 16:00:00,90.65,25/04/2025 16:00:00,139,25/04/2025 16:00:00,279.47,25/04/2025 16:00:00,267,25/04/2025 16:00:00,39.76,25/04/2025 16:00:00,82.06,25/04/2025 16:00:00,305.1,25/04/2025 16:00:00,214,28/04/2025 16:00:00,65.55,25/04/2025 16:00:00,67.45,25/04/2025 16:00:00,26.11,25/04/2025 16:00:00,26.75,25/04/2025 16:00:00,176.5,25/04/2025 16:00:00,423.56,25/04/2025 16:00:00,48.87,25/04/2025 16:00:00,535.46,25/04/2025 16:00:00,544.6,25/04/2025 16:00:00,95.49,,,25/04/2025 16:00:00,859.66,25/04/2025 16:00:00,156.33,25/04/2025 16:00:00,65.3,14/05/2025 16:00:00,1.84,25/04/2025 16:00:00,199.2,25/04/2025 16:00:00,58.21,25/04/2025 16:00:00,102.68,25/04/2025 16:00:00,95.01,25/04/2025 16:00:00,84.41,25/04/2025 16:00:00,973.97,25/04/2025 16:00:00,91.05,,,25/04/2025 16:00:00,291.52,25/04/2025 16:00:00,25.33,28/04/2025 16:00:00,105.12,25/04/2025 16:00:00,196.65,25/04/2025 16:00:00,75.3,25/04/2025 16:00:00,10.05,25/04/2025 16:00:00,29.34,,,28/04/2025 16:00:00,84.33,25/04/2025 16:00:00,37.01,25/04/2025 16:00:00,119.13,28/04/2025 16:00:00,16.36,25/04/2025 16:00:00,161.84,25/04/2025 16:00:00,46.33,25/04/2025 16:00:00,12.08,25/04/2025 16:00:00,126.09,,,25/04/2025 16:00:00,132.96,25/04/2025 16:00:00,20.82,25/04/2025 16:00:00,184.69,28/04/2025 16:00:00,30.31,25/04/2025 16:00:00,11.1,25/04/2025 16:00:00,158.45,25/04/2025 16:00:00,464.15,25/04/2025 16:00:00,222.21,28/04/2025 16:00:00,906.23,,,,,25/04/2025 16:00:00,53.24,28/04/2025 16:00:00,108.3,25/04/2025 16:00:00,147.36,28/04/2025 16:00:00,119.99,25/04/2025 16:00:00,112.29,25/04/2025 16:00:00,66.66
28/04/2025 16:00:00,210,28/04/2025 16:00:00,108.75,28/04/2025 16:00:00,391.96,28/04/2025 16:00:00,95.1,28/04/2025 16:00:00,232.86,28/04/2025 16:00:00,138.97,28/04/2025 16:00:00,199.5,28/04/2025 16:00:00,26.9,28/04/2025 16:00:00,164.26,29/04/2025 16:00:00,155.45,28/04/2025 16:00:00,161.04,28/04/2025 16:00:00,23.03,28/04/2025 16:00:00,69.81,28/04/2025 16:00:00,72.08,28/04/2025 16:00:00,170.29,28/04/2025 16:00:00,139.65,28/04/2025 16:00:00,244.56,28/04/2025 16:00:00,83,28/04/2025 16:00:00,20.12,28/04/2025 16:00:00,42,28/04/2025 16:00:00,133.9,28/04/2025 16:00:00,148.18,28/04/2025 16:00:00,190.11,28/04/2025 16:00:00,129.33,28/04/2025 16:00:00,34.49,28/04/2025 16:00:00,56.53,28/04/2025 16:00:00,33.9,29/04/2025 16:00:00,316.06,28/04/2025 16:00:00,90.45,28/04/2025 16:00:00,336.78,28/04/2025 16:00:00,68.66,28/04/2025 16:00:00,39.8,28/04/2025 16:00:00,357.99,29/04/2025 16:00:00,39.89,28/04/2025 16:00:00,97.9,,,02/05/2025 17:36:00,81.06,28/04/2025 16:00:00,58.25,28/04/2025 16:00:00,91.62,28/04/2025 16:00:00,137.32,28/04/2025 16:00:00,280.63,28/04/2025 16:00:00,264.94,28/04/2025 16:00:00,40.05,28/04/2025 16:00:00,81.47,28/04/2025 16:00:00,306.45,28/04/2025 16:00:00,213.06,29/04/2025 16:00:00,64.88,28/04/2025 16:00:00,68,28/04/2025 16:00:00,26.39,28/04/2025 16:00:00,27.15,28/04/2025 16:00:00,182.75,28/04/2025 16:00:00,419.75,28/04/2025 16:00:00,48.31,28/04/2025 16:00:00,536.03,28/04/2025 16:00:00,544.86,28/04/2025 16:00:00,93.64,,,28/04/2025 16:00:00,870.44,28/04/2025 16:00:00,156.91,28/04/2025 16:00:00,65.64,16/05/2025 16:00:00,1.84,28/04/2025 16:00:00,199.57,28/04/2025 16:00:00,57.73,28/04/2025 16:00:00,103.86,28/04/2025 16:00:00,96.49,28/04/2025 16:00:00,84.6,28/04/2025 16:00:00,978.5,28/04/2025 16:00:00,90.35,,,28/04/2025 16:00:00,294.52,28/04/2025 16:00:00,25.28,29/04/2025 16:00:00,104.31,28/04/2025 16:00:00,198.83,28/04/2025 16:00:00,75.66,28/04/2025 16:00:00,10.06,28/04/2025 16:00:00,30.25,,,29/04/2025 16:00:00,83.64,28/04/2025 16:00:00,37.05,28/04/2025 16:00:00,118.13,29/04/2025 16:00:00,16.22,28/04/2025 16:00:00,163.35,28/04/2025 16:00:00,46.38,28/04/2025 16:00:00,12.31,28/04/2025 16:00:00,126.77,,,28/04/2025 16:00:00,131.73,28/04/2025 16:00:00,20.78,28/04/2025 16:00:00,183.25,29/04/2025 16:00:00,30.52,28/04/2025 16:00:00,11.24,28/04/2025 16:00:00,158.88,28/04/2025 16:00:00,459.3,28/04/2025 16:00:00,220.5,29/04/2025 16:00:00,910.89,,,,,28/04/2025 16:00:00,52.95,29/04/2025 16:00:00,108,28/04/2025 16:00:00,147.31,29/04/2025 16:00:00,120.29,28/04/2025 16:00:00,112.88,28/04/2025 16:00:00,66.16
29/04/2025 16:00:00,208.69,29/04/2025 16:00:00,107.74,29/04/2025 16:00:00,391.3,29/04/2025 16:00:00,94.84,29/04/2025 16:00:00,237,29/04/2025 16:00:00,138.69,29/04/2025 16:00:00,200.49,29/04/2025 16:00:00,27.1,29/04/2025 16:00:00,162.04,30/04/2025 16:00:00,158.2,29/04/2025 16:00:00,161.29,29/04/2025 16:00:00,22.83,29/04/2025 16:00:00,68.95,29/04/2025 16:00:00,71.19,29/04/2025 16:00:00,168.11,29/04/2025 16:00:00,139.81,29/04/2025 16:00:00,242.19,29/04/2025 16:00:00,83.78,29/04/2025 16:00:00,20.31,29/04/2025 16:00:00,42.31,29/04/2025 16:00:00,132.48,29/04/2025 16:00:00,146.66,29/04/2025 16:00:00,183.99,29/04/2025 16:00:00,128.89,29/04/2025 16:00:00,33.79,29/04/2025 16:00:00,56.69,29/04/2025 16:00:00,33.65,30/04/2025 16:00:00,316.79,29/04/2025 16:00:00,89.83,29/04/2025 16:00:00,338.5,29/04/2025 16:00:00,68.03,29/04/2025 16:00:00,39.63,29/04/2025 16:00:00,355.89,30/04/2025 16:00:00,39.64,29/04/2025 16:00:00,96,,,05/05/2025 17:36:00,82.89,29/04/2025 16:00:00,57,29/04/2025 16:00:00,91,29/04/2025 16:00:00,137.5,29/04/2025 16:00:00,281.12,29/04/2025 16:00:00,265.43,29/04/2025 16:00:00,39.95,29/04/2025 16:00:00,81.58,29/04/2025 16:00:00,305,29/04/2025 16:00:00,211.29,30/04/2025 16:00:00,65.75,29/04/2025 16:00:00,65.79,29/04/2025 16:00:00,26.4,29/04/2025 16:00:00,26.97,29/04/2025 16:00:00,182.52,29/04/2025 16:00:00,421.19,29/04/2025 16:00:00,48.33,29/04/2025 16:00:00,534.34,29/04/2025 16:00:00,543.79,29/04/2025 16:00:00,90.69,,,29/04/2025 16:00:00,877.7,29/04/2025 16:00:00,157.18,29/04/2025 16:00:00,65.68,20/05/2025 16:00:00,1.84,29/04/2025 16:00:00,207.45,29/04/2025 16:00:00,57,29/04/2025 16:00:00,105.68,29/04/2025 16:00:00,95.95,29/04/2025 16:00:00,84,29/04/2025 16:00:00,978,29/04/2025 16:00:00,90.6,,,29/04/2025 16:00:00,295.62,29/04/2025 16:00:00,25.06,30/04/2025 16:00:00,103.89,29/04/2025 16:00:00,196.36,29/04/2025 16:00:00,75.58,29/04/2025 16:00:00,10.07,29/04/2025 16:00:00,29.8,,,30/04/2025 16:00:00,76.37,29/04/2025 16:00:00,37.37,29/04/2025 16:00:00,117.96,30/04/2025 16:00:00,16.01,29/04/2025 16:00:00,159.49,29/04/2025 16:00:00,46.46,29/04/2025 16:00:00,12.88,29/04/2025 16:00:00,126.9,,,29/04/2025 16:00:00,130.13,29/04/2025 16:00:00,20.5,29/04/2025 16:00:00,183.1,30/04/2025 16:00:00,31.11,29/04/2025 16:00:00,11.22,29/04/2025 16:00:00,158.69,29/04/2025 16:00:00,457.42,29/04/2025 16:00:00,219.31,30/04/2025 16:00:00,905.96,,,,,29/04/2025 16:00:00,53.47,30/04/2025 16:00:00,107.68,29/04/2025 16:00:00,146.6,30/04/2025 16:00:00,122.35,29/04/2025 16:00:00,113.19,29/04/2025 16:00:00,66.05
30/04/2025 16:00:00,209.3,30/04/2025 16:00:00,107.42,30/04/2025 16:00:00,390.3,30/04/2025 16:00:00,95.94,30/04/2025 16:00:00,236.73,30/04/2025 16:00:00,138,30/04/2025 16:00:00,198.6,30/04/2025 16:00:00,27.6,30/04/2025 16:00:00,159.86,01/05/2025 16:00:00,155,30/04/2025 16:00:00,162.45,30/04/2025 16:00:00,24.2,30/04/2025 16:00:00,69.67,30/04/2025 16:00:00,73.35,30/04/2025 16:00:00,171.54,30/04/2025 16:00:00,138.48,30/04/2025 16:00:00,241.21,30/04/2025 16:00:00,85.27,30/04/2025 16:00:00,19.71,30/04/2025 16:00:00,43.55,30/04/2025 16:00:00,135.63,30/04/2025 16:00:00,145.2,30/04/2025 16:00:00,182.17,30/04/2025 16:00:00,130.92,30/04/2025 16:00:00,33.44,30/04/2025 16:00:00,57.1,30/04/2025 16:00:00,33.77,01/05/2025 16:00:00,313.15,30/04/2025 16:00:00,89.89,30/04/2025 16:00:00,334.44,30/04/2025 16:00:00,67.51,30/04/2025 16:00:00,39.36,30/04/2025 16:00:00,356.5,01/05/2025 16:00:00,39.32,30/04/2025 16:00:00,96.47,,,06/05/2025 17:36:00,83,30/04/2025 16:00:00,59.12,30/04/2025 16:00:00,90.73,30/04/2025 16:00:00,137.63,30/04/2025 16:00:00,289.44,30/04/2025 16:00:00,260.96,30/04/2025 16:00:00,39.73,30/04/2025 16:00:00,81.35,30/04/2025 16:00:00,315.21,30/04/2025 16:00:00,213.47,01/05/2025 16:00:00,72.5,30/04/2025 16:00:00,66.39,30/04/2025 16:00:00,26.23,30/04/2025 16:00:00,26.99,30/04/2025 16:00:00,178.47,30/04/2025 16:00:00,409.03,30/04/2025 16:00:00,50.19,30/04/2025 16:00:00,538.53,30/04/2025 16:00:00,535.76,30/04/2025 16:00:00,93.15,,,30/04/2025 16:00:00,888.2,30/04/2025 16:00:00,155.48,30/04/2025 16:00:00,64.93,21/05/2025 16:00:00,1.86,30/04/2025 16:00:00,211.12,30/04/2025 16:00:00,55.86,30/04/2025 16:00:00,105.33,30/04/2025 16:00:00,95.51,30/04/2025 16:00:00,84.98,30/04/2025 16:00:00,990,30/04/2025 16:00:00,91.85,,,30/04/2025 16:00:00,295.27,30/04/2025 16:00:00,24.92,01/05/2025 16:00:00,105.64,30/04/2025 16:00:00,198.79,30/04/2025 16:00:00,74.57,30/04/2025 16:00:00,10.11,30/04/2025 16:00:00,30.22,,,01/05/2025 16:00:00,80.71,30/04/2025 16:00:00,34.89,30/04/2025 16:00:00,120.19,01/05/2025 16:00:00,15.44,30/04/2025 16:00:00,156.37,30/04/2025 16:00:00,47.05,30/04/2025 16:00:00,11.67,30/04/2025 16:00:00,127.98,,,30/04/2025 16:00:00,131.6,30/04/2025 16:00:00,20.09,30/04/2025 16:00:00,180.2,01/05/2025 16:00:00,32.15,30/04/2025 16:00:00,11.11,30/04/2025 16:00:00,157.89,30/04/2025 16:00:00,460.45,30/04/2025 16:00:00,221.93,01/05/2025 16:00:00,912.96,,,,,30/04/2025 16:00:00,54.32,01/05/2025 16:00:00,105.5,30/04/2025 16:00:00,147.49,01/05/2025 16:00:00,121.8,30/04/2025 16:00:00,112,30/04/2025 16:00:00,67.01
01/05/2025 16:00:00,209.08,01/05/2025 16:00:00,105.1,01/05/2025 16:00:00,431.11,01/05/2025 16:00:00,97.02,01/05/2025 16:00:00,241.44,01/05/2025 16:00:00,135.42,01/05/2025 16:00:00,202.25,01/05/2025 16:00:00,27.5,01/05/2025 16:00:00,162.52,02/05/2025 16:00:00,156.07,01/05/2025 16:00:00,160.66,01/05/2025 16:00:00,24.3,01/05/2025 16:00:00,70.76,01/05/2025 16:00:00,72,01/05/2025 16:00:00,169.59,01/05/2025 16:00:00,146.56,01/05/2025 16:00:00,242.84,01/05/2025 16:00:00,84.51,01/05/2025 16:00:00,20.22,01/05/2025 16:00:00,43.77,01/05/2025 16:00:00,134.47,01/05/2025 16:00:00,138.79,01/05/2025 16:00:00,190.63,01/05/2025 16:00:00,129.5,01/05/2025 16:00:00,33.2,01/05/2025 16:00:00,57.78,01/05/2025 16:00:00,33.85,02/05/2025 16:00:00,313.55,01/05/2025 16:00:00,91.27,01/05/2025 16:00:00,345.58,01/05/2025 16:00:00,68.21,01/05/2025 16:00:00,39.82,01/05/2025 16:00:00,360.31,02/05/2025 16:00:00,40.9,01/05/2025 16:00:00,94.85,,,07/05/2025 17:36:00,82.07,01/05/2025 16:00:00,58.92,01/05/2025 16:00:00,88.43,01/05/2025 16:00:00,138.28,01/05/2025 16:00:00,287.04,01/05/2025 16:00:00,268,01/05/2025 16:00:00,40.16,01/05/2025 16:00:00,80.6,01/05/2025 16:00:00,311.38,01/05/2025 16:00:00,215.5,02/05/2025 16:00:00,69.75,01/05/2025 16:00:00,70.05,01/05/2025 16:00:00,26.46,01/05/2025 16:00:00,26.11,01/05/2025 16:00:00,182.85,01/05/2025 16:00:00,411.32,01/05/2025 16:00:00,49.57,01/05/2025 16:00:00,550,01/05/2025 16:00:00,548.1,01/05/2025 16:00:00,91.16,,,01/05/2025 16:00:00,844,01/05/2025 16:00:00,158.23,01/05/2025 16:00:00,66,22/05/2025 16:00:00,1.86,01/05/2025 16:00:00,210.4,01/05/2025 16:00:00,56.68,01/05/2025 16:00:00,105.51,01/05/2025 16:00:00,97.11,01/05/2025 16:00:00,84.2,01/05/2025 16:00:00,990.1,01/05/2025 16:00:00,92.44,,,01/05/2025 16:00:00,300.81,01/05/2025 16:00:00,25.67,02/05/2025 16:00:00,108,01/05/2025 16:00:00,198.38,01/05/2025 16:00:00,76.36,01/05/2025 16:00:00,10.14,01/05/2025 16:00:00,30.68,,,02/05/2025 16:00:00,82.59,01/05/2025 16:00:00,36.04,01/05/2025 16:00:00,120.37,02/05/2025 16:00:00,16.42,01/05/2025 16:00:00,160.84,01/05/2025 16:00:00,46.63,01/05/2025 16:00:00,11.57,01/05/2025 16:00:00,127.86,,,01/05/2025 16:00:00,130.35,01/05/2025 16:00:00,19.84,01/05/2025 16:00:00,179.74,02/05/2025 16:00:00,31.06,01/05/2025 16:00:00,10.98,01/05/2025 16:00:00,159.93,01/05/2025 16:00:00,465,01/05/2025 16:00:00,223.49,02/05/2025 16:00:00,931.42,,,,,01/05/2025 16:00:00,56.64,02/05/2025 16:00:00,104.36,01/05/2025 16:00:00,149.07,02/05/2025 16:00:00,121.37,01/05/2025 16:00:00,109.54,01/05/2025 16:00:00,67.49
02/05/2025 16:00:00,206.09,02/05/2025 16:00:00,107.72,02/05/2025 16:00:00,431.74,02/05/2025 16:00:00,97.95,02/05/2025 16:00:00,243.13,02/05/2025 16:00:00,137.88,02/05/2025 16:00:00,206.32,02/05/2025 16:00:00,27.6,02/05/2025 16:00:00,164.96,05/05/2025 16:00:00,156.67,02/05/2025 16:00:00,160.93,02/05/2025 16:00:00,24.28,02/05/2025 16:00:00,73,02/05/2025 16:00:00,71.5,02/05/2025 16:00:00,170.4,02/05/2025 16:00:00,148.33,02/05/2025 16:00:00,251.26,02/05/2025 16:00:00,84.19,02/05/2025 16:00:00,20.26,02/05/2025 16:00:00,43.46,02/05/2025 16:00:00,134.15,02/05/2025 16:00:00,137.85,02/05/2025 16:00:00,191.44,02/05/2025 16:00:00,131.91,02/05/2025 16:00:00,34.21,02/05/2025 16:00:00,59.06,02/05/2025 16:00:00,34,05/05/2025 16:00:00,313,02/05/2025 16:00:00,91.84,02/05/2025 16:00:00,347.22,02/05/2025 16:00:00,69.58,02/05/2025 16:00:00,40.91,02/05/2025 16:00:00,362.08,05/05/2025 16:00:00,39.7,02/05/2025 16:00:00,96,,,08/05/2025 17:36:00,82.28,02/05/2025 16:00:00,59.36,02/05/2025 16:00:00,91.76,02/05/2025 16:00:00,140,02/05/2025 16:00:00,291.5,02/05/2025 16:00:00,274.5,02/05/2025 16:00:00,40.83,02/05/2025 16:00:00,80.63,02/05/2025 16:00:00,318.48,02/05/2025 16:00:00,216.82,05/05/2025 16:00:00,68.23,02/05/2025 16:00:00,67.8,02/05/2025 16:00:00,27.27,02/05/2025 16:00:00,27.37,02/05/2025 16:00:00,185,02/05/2025 16:00:00,399.96,02/05/2025 16:00:00,50.11,02/05/2025 16:00:00,555.63,02/05/2025 16:00:00,561.58,02/05/2025 16:00:00,91.07,,,02/05/2025 16:00:00,825.12,02/05/2025 16:00:00,161.12,02/05/2025 16:00:00,65.78,23/05/2025 16:00:00,1.87,02/05/2025 16:00:00,212.18,02/05/2025 16:00:00,57.87,02/05/2025 16:00:00,104.87,02/05/2025 16:00:00,97.3,02/05/2025 16:00:00,84.48,02/05/2025 16:00:00,1007.83,02/05/2025 16:00:00,91.34,,,02/05/2025 16:00:00,305,02/05/2025 16:00:00,25.93,05/05/2025 16:00:00,107.1,02/05/2025 16:00:00,200.9,02/05/2025 16:00:00,77.07,02/05/2025 16:00:00,10.3,02/05/2025 16:00:00,30.86,,,05/05/2025 16:00:00,84,02/05/2025 16:00:00,37.62,02/05/2025 16:00:00,122.41,05/05/2025 16:00:00,16.1,02/05/2025 16:00:00,161.74,02/05/2025 16:00:00,46.91,02/05/2025 16:00:00,12.09,02/05/2025 16:00:00,129,,,02/05/2025 16:00:00,130.37,02/05/2025 16:00:00,20.25,02/05/2025 16:00:00,184.05,05/05/2025 16:00:00,30.32,02/05/2025 16:00:00,11.39,02/05/2025 16:00:00,163.16,02/05/2025 16:00:00,487.13,02/05/2025 16:00:00,224.52,05/05/2025 16:00:00,922.94,,,,,02/05/2025 16:00:00,54.93,05/05/2025 16:00:00,105.21,02/05/2025 16:00:00,149.44,05/05/2025 16:00:00,122.12,02/05/2025 16:00:00,111.12,02/05/2025 16:00:00,66.1
05/05/2025 16:00:00,203.1,05/05/2025 16:00:00,104.65,05/05/2025 16:00:00,432.87,05/05/2025 16:00:00,98.94,05/05/2025 16:00:00,243.74,05/05/2025 16:00:00,136.77,05/05/2025 16:00:00,206.31,05/05/2025 16:00:00,27.56,05/05/2025 16:00:00,164.52,06/05/2025 16:00:00,154.82,05/05/2025 16:00:00,160.89,05/05/2025 16:00:00,24.2,05/05/2025 16:00:00,73.35,05/05/2025 16:00:00,71.67,05/05/2025 16:00:00,171.18,05/05/2025 16:00:00,149.44,05/05/2025 16:00:00,251.18,05/05/2025 16:00:00,83.23,05/05/2025 16:00:00,20.39,05/05/2025 16:00:00,43.81,05/05/2025 16:00:00,134.04,05/05/2025 16:00:00,138.3,05/05/2025 16:00:00,186.51,05/05/2025 16:00:00,132.89,05/05/2025 16:00:00,33.91,05/05/2025 16:00:00,59,05/05/2025 16:00:00,34.07,06/05/2025 16:00:00,315.11,05/05/2025 16:00:00,89.7,05/05/2025 16:00:00,347,05/05/2025 16:00:00,69.28,05/05/2025 16:00:00,40.85,05/05/2025 16:00:00,362.13,06/05/2025 16:00:00,39.31,05/05/2025 16:00:00,95.67,,,09/05/2025 17:36:00,85.11,05/05/2025 16:00:00,59.76,05/05/2025 16:00:00,89.81,05/05/2025 16:00:00,140.62,05/05/2025 16:00:00,281.57,05/05/2025 16:00:00,275.46,05/05/2025 16:00:00,41,05/05/2025 16:00:00,83.41,05/05/2025 16:00:00,319.38,05/05/2025 16:00:00,216.8,06/05/2025 16:00:00,66.92,05/05/2025 16:00:00,68.32,05/05/2025 16:00:00,27.28,05/05/2025 16:00:00,27.33,05/05/2025 16:00:00,184.39,05/05/2025 16:00:00,399.12,05/05/2025 16:00:00,50.47,05/05/2025 16:00:00,557.81,05/05/2025 16:00:00,558.36,05/05/2025 16:00:00,90.94,,,05/05/2025 16:00:00,817,05/05/2025 16:00:00,160.66,05/05/2025 16:00:00,66.78,27/05/2025 16:00:00,1.88,05/05/2025 16:00:00,213.07,05/05/2025 16:00:00,58.12,05/05/2025 16:00:00,103.72,05/05/2025 16:00:00,96.84,05/05/2025 16:00:00,84.63,05/05/2025 16:00:00,1007.51,05/05/2025 16:00:00,91.3,,,05/05/2025 16:00:00,303.43,05/05/2025 16:00:00,25.78,06/05/2025 16:00:00,107.06,05/05/2025 16:00:00,198.18,05/05/2025 16:00:00,76.95,05/05/2025 16:00:00,10.23,05/05/2025 16:00:00,29.91,,,06/05/2025 16:00:00,81,05/05/2025 16:00:00,37.69,05/05/2025 16:00:00,123.33,06/05/2025 16:00:00,15.66,05/05/2025 16:00:00,162.43,05/05/2025 16:00:00,46.4,05/05/2025 16:00:00,12,05/05/2025 16:00:00,129.21,,,05/05/2025 16:00:00,131.24,05/05/2025 16:00:00,20.18,05/05/2025 16:00:00,185.47,06/05/2025 16:00:00,30.31,05/05/2025 16:00:00,11.42,05/05/2025 16:00:00,163.37,05/05/2025 16:00:00,480.57,05/05/2025 16:00:00,226.01,06/05/2025 16:00:00,910.49,,,,,05/05/2025 16:00:00,54.88,06/05/2025 16:00:00,105.57,05/05/2025 16:00:00,149.51,06/05/2025 16:00:00,122.01,05/05/2025 16:00:00,108.86,05/05/2025 16:00:00,67
06/05/2025 16:00:00,198.21,06/05/2025 16:00:00,103.89,06/05/2025 16:00:00,432.2,06/05/2025 16:00:00,98.74,06/05/2025 16:00:00,247.76,06/05/2025 16:00:00,136.35,06/05/2025 16:00:00,206.02,06/05/2025 16:00:00,27.54,06/05/2025 16:00:00,163.96,07/05/2025 16:00:00,154.74,06/05/2025 16:00:00,158.04,06/05/2025 16:00:00,23.83,06/05/2025 16:00:00,73.14,06/05/2025 16:00:00,71.68,06/05/2025 16:00:00,172.78,06/05/2025 16:00:00,146.98,06/05/2025 16:00:00,250,06/05/2025 16:00:00,82.47,06/05/2025 16:00:00,19.92,06/05/2025 16:00:00,43.57,06/05/2025 16:00:00,131.9,06/05/2025 16:00:00,137.82,06/05/2025 16:00:00,184.57,06/05/2025 16:00:00,131.95,06/05/2025 16:00:00,34.1,06/05/2025 16:00:00,58.63,06/05/2025 16:00:00,34.25,07/05/2025 16:00:00,316.48,06/05/2025 16:00:00,91.2,06/05/2025 16:00:00,346.4,06/05/2025 16:00:00,69.45,06/05/2025 16:00:00,40.65,06/05/2025 16:00:00,358.68,07/05/2025 16:00:00,39.49,06/05/2025 16:00:00,95,,,12/05/2025 17:36:00,84.49,06/05/2025 16:00:00,59.92,06/05/2025 16:00:00,88.52,06/05/2025 16:00:00,139.13,06/05/2025 16:00:00,277.09,06/05/2025 16:00:00,274.48,06/05/2025 16:00:00,40.98,06/05/2025 16:00:00,82.51,06/05/2025 16:00:00,321.55,06/05/2025 16:00:00,214.76,07/05/2025 16:00:00,66.31,06/05/2025 16:00:00,69.64,06/05/2025 16:00:00,26.94,06/05/2025 16:00:00,27.55,06/05/2025 16:00:00,184.71,06/05/2025 16:00:00,402.8,06/05/2025 16:00:00,49.74,06/05/2025 16:00:00,556.48,06/05/2025 16:00:00,549.6,06/05/2025 16:00:00,90.42,,,06/05/2025 16:00:00,816.89,06/05/2025 16:00:00,159.78,06/05/2025 16:00:00,64.65,28/05/2025 16:00:00,1.87,06/05/2025 16:00:00,212.73,06/05/2025 16:00:00,57.15,06/05/2025 16:00:00,102.33,06/05/2025 16:00:00,93.9,06/05/2025 16:00:00,83.34,06/05/2025 16:00:00,1008.45,06/05/2025 16:00:00,91.07,,,06/05/2025 16:00:00,303.86,06/05/2025 16:00:00,25.62,07/05/2025 16:00:00,114.96,06/05/2025 16:00:00,195.84,06/05/2025 16:00:00,76.29,06/05/2025 16:00:00,10.09,06/05/2025 16:00:00,28.89,,,07/05/2025 16:00:00,82.97,06/05/2025 16:00:00,37.19,06/05/2025 16:00:00,121.53,07/05/2025 16:00:00,15.78,06/05/2025 16:00:00,160.31,06/05/2025 16:00:00,45.99,06/05/2025 16:00:00,11.98,06/05/2025 16:00:00,127.63,,,06/05/2025 16:00:00,130.55,06/05/2025 16:00:00,20,06/05/2025 16:00:00,185,07/05/2025 16:00:00,29.99,06/05/2025 16:00:00,11.26,06/05/2025 16:00:00,164.29,06/05/2025 16:00:00,478.05,06/05/2025 16:00:00,223.15,07/05/2025 16:00:00,917.65,,,,,06/05/2025 16:00:00,54.5,07/05/2025 16:00:00,106.15,06/05/2025 16:00:00,146.39,07/05/2025 16:00:00,122.55,06/05/2025 16:00:00,109.49,06/05/2025 16:00:00,65.81
07/05/2025 16:00:00,199.17,07/05/2025 16:00:00,104.99,07/05/2025 16:00:00,433.84,07/05/2025 16:00:00,98.55,07/05/2025 16:00:00,249.45,07/05/2025 16:00:00,136.07,07/05/2025 16:00:00,208.9,07/05/2025 16:00:00,28.04,07/05/2025 16:00:00,166.07,08/05/2025 16:00:00,155.82,07/05/2025 16:00:00,159.02,07/05/2025 16:00:00,22.99,07/05/2025 16:00:00,73.6,07/05/2025 16:00:00,71.72,07/05/2025 16:00:00,173.51,07/05/2025 16:00:00,147.5,07/05/2025 16:00:00,249.85,07/05/2025 16:00:00,79.62,07/05/2025 16:00:00,19.97,07/05/2025 16:00:00,44.01,07/05/2025 16:00:00,130.95,07/05/2025 16:00:00,140.38,07/05/2025 16:00:00,185.56,07/05/2025 16:00:00,133.5,07/05/2025 16:00:00,33.56,07/05/2025 16:00:00,59.2,07/05/2025 16:00:00,34.63,08/05/2025 16:00:00,318.08,07/05/2025 16:00:00,102.42,07/05/2025 16:00:00,348.7,07/05/2025 16:00:00,69.75,07/05/2025 16:00:00,41.04,07/05/2025 16:00:00,360.48,08/05/2025 16:00:00,40.08,07/05/2025 16:00:00,93.71,,,13/05/2025 17:36:00,88.93,07/05/2025 16:00:00,60.53,07/05/2025 16:00:00,88.2,07/05/2025 16:00:00,138.27,07/05/2025 16:00:00,272.03,07/05/2025 16:00:00,277.34,07/05/2025 16:00:00,41.25,07/05/2025 16:00:00,82.71,07/05/2025 16:00:00,322.74,07/05/2025 16:00:00,213.74,08/05/2025 16:00:00,66.97,07/05/2025 16:00:00,70.21,07/05/2025 16:00:00,26.9,07/05/2025 16:00:00,27.96,07/05/2025 16:00:00,185,07/05/2025 16:00:00,395.35,07/05/2025 16:00:00,47.78,07/05/2025 16:00:00,559.27,07/05/2025 16:00:00,550.21,07/05/2025 16:00:00,90.69,,,07/05/2025 16:00:00,780.5,07/05/2025 16:00:00,160.88,07/05/2025 16:00:00,65.08,29/05/2025 16:00:00,1.87,07/05/2025 16:00:00,213.9,07/05/2025 16:00:00,57.87,07/05/2025 16:00:00,97.87,07/05/2025 16:00:00,94.12,07/05/2025 16:00:00,82.32,07/05/2025 16:00:00,1011.18,07/05/2025 16:00:00,90.94,,,07/05/2025 16:00:00,304.8,07/05/2025 16:00:00,25.6,08/05/2025 16:00:00,110.52,07/05/2025 16:00:00,191.66,07/05/2025 16:00:00,76.96,07/05/2025 16:00:00,10.46,07/05/2025 16:00:00,29,,,08/05/2025 16:00:00,83.34,07/05/2025 16:00:00,37.51,07/05/2025 16:00:00,117.73,08/05/2025 16:00:00,15.91,07/05/2025 16:00:00,162.33,07/05/2025 16:00:00,46.34,07/05/2025 16:00:00,11.96,07/05/2025 16:00:00,128.1,,,07/05/2025 16:00:00,132.5,07/05/2025 16:00:00,19.55,07/05/2025 16:00:00,186.93,08/05/2025 16:00:00,30.91,07/05/2025 16:00:00,11.35,07/05/2025 16:00:00,164.98,07/05/2025 16:00:00,475.09,07/05/2025 16:00:00,222.95,08/05/2025 16:00:00,930,,,,,07/05/2025 16:00:00,54.5,08/05/2025 16:00:00,106.79,07/05/2025 16:00:00,148.15,08/05/2025 16:00:00,122.02,07/05/2025 16:00:00,109.34,07/05/2025 16:00:00,66.26
08/05/2025 16:00:00,197.72,08/05/2025 16:00:00,105.34,08/05/2025 16:00:00,437.93,08/05/2025 16:00:00,98.75,08/05/2025 16:00:00,255,08/05/2025 16:00:00,136.69,08/05/2025 16:00:00,211,08/05/2025 16:00:00,28,08/05/2025 16:00:00,155.92,09/05/2025 16:00:00,155.42,08/05/2025 16:00:00,158.38,08/05/2025 16:00:00,22.82,08/05/2025 16:00:00,73.69,08/05/2025 16:00:00,72.2,08/05/2025 16:00:00,174.24,08/05/2025 16:00:00,149.05,08/05/2025 16:00:00,251.57,08/05/2025 16:00:00,78.5,08/05/2025 16:00:00,21.01,08/05/2025 16:00:00,43.8,08/05/2025 16:00:00,131.89,08/05/2025 16:00:00,145.64,08/05/2025 16:00:00,191.43,08/05/2025 16:00:00,133.26,08/05/2025 16:00:00,34,08/05/2025 16:00:00,59.96,08/05/2025 16:00:00,34.49,09/05/2025 16:00:00,312.9,08/05/2025 16:00:00,103.97,08/05/2025 16:00:00,352,08/05/2025 16:00:00,71,08/05/2025 16:00:00,41.29,08/05/2025 16:00:00,364.01,09/05/2025 16:00:00,41.97,08/05/2025 16:00:00,94.69,,,14/05/2025 17:36:00,89.43,08/05/2025 16:00:00,60.48,08/05/2025 16:00:00,89.36,08/05/2025 16:00:00,140,08/05/2025 16:00:00,269.45,08/05/2025 16:00:00,279.73,08/05/2025 16:00:00,41.78,08/05/2025 16:00:00,82.22,08/05/2025 16:00:00,324.88,08/05/2025 16:00:00,214.91,09/05/2025 16:00:00,67.73,08/05/2025 16:00:00,69.7,08/05/2025 16:00:00,26.89,08/05/2025 16:00:00,28.27,08/05/2025 16:00:00,186.76,08/05/2025 16:00:00,390,08/05/2025 16:00:00,47,08/05/2025 16:00:00,569.45,08/05/2025 16:00:00,558.82,08/05/2025 16:00:00,90.72,,,08/05/2025 16:00:00,765,08/05/2025 16:00:00,161.9,08/05/2025 16:00:00,65.52,30/05/2025 16:00:00,1.87,08/05/2025 16:00:00,215.7,08/05/2025 16:00:00,59.69,08/05/2025 16:00:00,97.25,08/05/2025 16:00:00,96.95,08/05/2025 16:00:00,83.47,08/05/2025 16:00:00,1013.5,08/05/2025 16:00:00,91.65,,,08/05/2025 16:00:00,309,08/05/2025 16:00:00,26.1,09/05/2025 16:00:00,113.26,08/05/2025 16:00:00,193.81,08/05/2025 16:00:00,77.6,08/05/2025 16:00:00,10.34,08/05/2025 16:00:00,28.74,,,09/05/2025 16:00:00,82.41,08/05/2025 16:00:00,37.16,08/05/2025 16:00:00,115.85,09/05/2025 16:00:00,16.5,08/05/2025 16:00:00,166.92,08/05/2025 16:00:00,46.11,08/05/2025 16:00:00,12.04,08/05/2025 16:00:00,129.07,,,08/05/2025 16:00:00,133.76,08/05/2025 16:00:00,19.65,08/05/2025 16:00:00,188.93,09/05/2025 16:00:00,31.29,08/05/2025 16:00:00,11.06,08/05/2025 16:00:00,165.32,08/05/2025 16:00:00,477.91,08/05/2025 16:00:00,224.57,09/05/2025 16:00:00,930,,,,,08/05/2025 16:00:00,54.86,09/05/2025 16:00:00,106.46,08/05/2025 16:00:00,149.72,09/05/2025 16:00:00,120.24,08/05/2025 16:00:00,109.04,08/05/2025 16:00:00,67.27
09/05/2025 16:00:00,199,09/05/2025 16:00:00,107.14,09/05/2025 16:00:00,440,09/05/2025 16:00:00,96.75,09/05/2025 16:00:00,252.51,09/05/2025 16:00:00,138.9,09/05/2025 16:00:00,215.21,09/05/2025 16:00:00,27.56,09/05/2025 16:00:00,155.55,12/05/2025 16:00:00,152.02,09/05/2025 16:00:00,158.02,09/05/2025 16:00:00,22.51,09/05/2025 16:00:00,73.14,09/05/2025 16:00:00,70.99,09/05/2025 16:00:00,171.71,09/05/2025 16:00:00,150.04,09/05/2025 16:00:00,254.5,09/05/2025 16:00:00,77.96,09/05/2025 16:00:00,21.2,09/05/2025 16:00:00,43.52,09/05/2025 16:00:00,131.15,09/05/2025 16:00:00,145.66,09/05/2025 16:00:00,193.38,09/05/2025 16:00:00,133.98,09/05/2025 16:00:00,34.76,09/05/2025 16:00:00,60.66,09/05/2025 16:00:00,34.34,12/05/2025 16:00:00,312.01,09/05/2025 16:00:00,105.26,09/05/2025 16:00:00,351.83,09/05/2025 16:00:00,72.04,09/05/2025 16:00:00,41.73,09/05/2025 16:00:00,362.13,12/05/2025 16:00:00,44.12,09/05/2025 16:00:00,97.2,,,15/05/2025 17:36:00,89.49,09/05/2025 16:00:00,60.12,09/05/2025 16:00:00,90.89,09/05/2025 16:00:00,141.26,09/05/2025 16:00:00,270.66,09/05/2025 16:00:00,285,09/05/2025 16:00:00,42.14,09/05/2025 16:00:00,82.13,09/05/2025 16:00:00,325.65,09/05/2025 16:00:00,216.74,12/05/2025 16:00:00,65.66,09/05/2025 16:00:00,70.55,09/05/2025 16:00:00,27.16,09/05/2025 16:00:00,28.8,09/05/2025 16:00:00,193.55,09/05/2025 16:00:00,385.67,09/05/2025 16:00:00,46.9,09/05/2025 16:00:00,567.45,09/05/2025 16:00:00,570.25,09/05/2025 16:00:00,90.66,,,09/05/2025 16:00:00,752.01,09/05/2025 16:00:00,163.35,09/05/2025 16:00:00,66.79,02/06/2025 16:00:00,1.87,09/05/2025 16:00:00,214.54,09/05/2025 16:00:00,59.14,09/05/2025 16:00:00,98.07,09/05/2025 16:00:00,96.94,09/05/2025 16:00:00,83.5,09/05/2025 16:00:00,1004.61,09/05/2025 16:00:00,90.32,,,09/05/2025 16:00:00,310.03,09/05/2025 16:00:00,26.67,12/05/2025 16:00:00,118.73,09/05/2025 16:00:00,194.32,09/05/2025 16:00:00,78.06,09/05/2025 16:00:00,10.36,09/05/2025 16:00:00,29.45,,,12/05/2025 16:00:00,83.65,09/05/2025 16:00:00,37.83,09/05/2025 16:00:00,118.75,12/05/2025 16:00:00,17.9,09/05/2025 16:00:00,170.07,09/05/2025 16:00:00,45.15,09/05/2025 16:00:00,12.65,09/05/2025 16:00:00,127.56,,,09/05/2025 16:00:00,133.18,09/05/2025 16:00:00,20.57,09/05/2025 16:00:00,189.84,12/05/2025 16:00:00,31.56,09/05/2025 16:00:00,11.74,09/05/2025 16:00:00,166.79,09/05/2025 16:00:00,490.72,09/05/2025 16:00:00,223.68,12/05/2025 16:00:00,961.42,,,,,09/05/2025 16:00:00,55.07,12/05/2025 16:00:00,106.1,09/05/2025 16:00:00,148.26,12/05/2025 16:00:00,119.01,09/05/2025 16:00:00,110.48,09/05/2025 16:00:00,68.68
12/05/2025 16:00:00,210.97,12/05/2025 16:00:00,110.27,12/05/2025 16:00:00,445.94,12/05/2025 16:00:00,97.67,12/05/2025 16:00:00,252.5,12/05/2025 16:00:00,142.45,12/05/2025 16:00:00,219.34,12/05/2025 16:00:00,27.09,12/05/2025 16:00:00,159.1,13/05/2025 16:00:00,151.7,12/05/2025 16:00:00,157.43,12/05/2025 16:00:00,22.23,12/05/2025 16:00:00,74.99,12/05/2025 16:00:00,70.15,12/05/2025 16:00:00,165.64,12/05/2025 16:00:00,156.31,12/05/2025 16:00:00,262.9,12/05/2025 16:00:00,75.92,12/05/2025 16:00:00,22.18,12/05/2025 16:00:00,43.05,12/05/2025 16:00:00,130.84,12/05/2025 16:00:00,154.08,12/05/2025 16:00:00,210.71,12/05/2025 16:00:00,131.79,12/05/2025 16:00:00,35.96,12/05/2025 16:00:00,61.61,12/05/2025 16:00:00,34.81,13/05/2025 16:00:00,311.65,12/05/2025 16:00:00,109.87,12/05/2025 16:00:00,359.14,12/05/2025 16:00:00,74.6,12/05/2025 16:00:00,43.32,12/05/2025 16:00:00,375,13/05/2025 16:00:00,43.94,12/05/2025 16:00:00,100.59,,,16/05/2025 17:36:00,88.58,12/05/2025 16:00:00,58.27,12/05/2025 16:00:00,93.39,12/05/2025 16:00:00,146.09,12/05/2025 16:00:00,266.47,12/05/2025 16:00:00,297.34,12/05/2025 16:00:00,43.91,12/05/2025 16:00:00,82.98,12/05/2025 16:00:00,343.11,12/05/2025 16:00:00,227.06,13/05/2025 16:00:00,62.69,12/05/2025 16:00:00,70.8,12/05/2025 16:00:00,27.64,12/05/2025 16:00:00,28.78,12/05/2025 16:00:00,198.16,12/05/2025 16:00:00,381,12/05/2025 16:00:00,46.2,12/05/2025 16:00:00,580,12/05/2025 16:00:00,596.26,12/05/2025 16:00:00,88.99,,,12/05/2025 16:00:00,727.87,12/05/2025 16:00:00,169.4,12/05/2025 16:00:00,70.76,04/06/2025 16:00:00,1.87,12/05/2025 16:00:00,218,12/05/2025 16:00:00,62.38,12/05/2025 16:00:00,96.79,12/05/2025 16:00:00,100.93,12/05/2025 16:00:00,84.45,12/05/2025 16:00:00,1009.79,12/05/2025 16:00:00,89.35,,,12/05/2025 16:00:00,316.47,12/05/2025 16:00:00,28.18,13/05/2025 16:00:00,119.85,12/05/2025 16:00:00,193.74,12/05/2025 16:00:00,80.24,12/05/2025 16:00:00,10.56,12/05/2025 16:00:00,31.65,,,13/05/2025 16:00:00,85.87,12/05/2025 16:00:00,40.11,12/05/2025 16:00:00,119.63,13/05/2025 16:00:00,17.78,12/05/2025 16:00:00,185.65,12/05/2025 16:00:00,44.31,12/05/2025 16:00:00,13.25,12/05/2025 16:00:00,130.31,,,12/05/2025 16:00:00,132.4,12/05/2025 16:00:00,21.71,12/05/2025 16:00:00,198.23,13/05/2025 16:00:00,31.64,12/05/2025 16:00:00,12.16,12/05/2025 16:00:00,173.39,12/05/2025 16:00:00,507.74,12/05/2025 16:00:00,231,13/05/2025 16:00:00,959.89,,,,,12/05/2025 16:00:00,54.67,13/05/2025 16:00:00,105.18,12/05/2025 16:00:00,147.35,13/05/2025 16:00:00,115.98,12/05/2025 16:00:00,116.05,12/05/2025 16:00:00,70.91
13/05/2025 16:00:00,210.43,13/05/2025 16:00:00,109.32,13/05/2025 16:00:00,447.78,13/05/2025 16:00:00,96.5,13/05/2025 16:00:00,254.43,13/05/2025 16:00:00,141.53,13/05/2025 16:00:00,220,13/05/2025 16:00:00,27.05,13/05/2025 16:00:00,159.92,14/05/2025 16:00:00,148.67,13/05/2025 16:00:00,160.02,13/05/2025 16:00:00,22.9,13/05/2025 16:00:00,75.44,13/05/2025 16:00:00,69.59,13/05/2025 16:00:00,164.97,13/05/2025 16:00:00,158.22,13/05/2025 16:00:00,261.03,13/05/2025 16:00:00,76.95,13/05/2025 16:00:00,22.36,13/05/2025 16:00:00,43.21,13/05/2025 16:00:00,131.17,13/05/2025 16:00:00,152.01,13/05/2025 16:00:00,211.08,13/05/2025 16:00:00,131.75,13/05/2025 16:00:00,36.06,13/05/2025 16:00:00,61.68,13/05/2025 16:00:00,34.85,14/05/2025 16:00:00,308.24,13/05/2025 16:00:00,110.25,13/05/2025 16:00:00,355.52,13/05/2025 16:00:00,75.13,13/05/2025 16:00:00,43.42,13/05/2025 16:00:00,381,14/05/2025 16:00:00,43.88,13/05/2025 16:00:00,101.38,,,19/05/2025 17:36:00,85.36,13/05/2025 16:00:00,56.95,13/05/2025 16:00:00,92.73,13/05/2025 16:00:00,150.81,13/05/2025 16:00:00,273.83,13/05/2025 16:00:00,300,13/05/2025 16:00:00,44,13/05/2025 16:00:00,83.65,13/05/2025 16:00:00,348.93,13/05/2025 16:00:00,231.01,14/05/2025 16:00:00,61.2,13/05/2025 16:00:00,69.66,13/05/2025 16:00:00,27.78,13/05/2025 16:00:00,28,13/05/2025 16:00:00,200.3,13/05/2025 16:00:00,335.74,13/05/2025 16:00:00,47.3,13/05/2025 16:00:00,578,13/05/2025 16:00:00,593.3,13/05/2025 16:00:00,88.98,,,13/05/2025 16:00:00,755.55,13/05/2025 16:00:00,167.75,13/05/2025 16:00:00,71.29,05/06/2025 16:00:00,1.87,13/05/2025 16:00:00,219.76,13/05/2025 16:00:00,62.61,13/05/2025 16:00:00,102.56,13/05/2025 16:00:00,100.88,13/05/2025 16:00:00,85.49,13/05/2025 16:00:00,1013.72,13/05/2025 16:00:00,87.79,,,13/05/2025 16:00:00,321.92,13/05/2025 16:00:00,28.25,14/05/2025 16:00:00,121.35,13/05/2025 16:00:00,200.92,13/05/2025 16:00:00,80.58,13/05/2025 16:00:00,10.6,13/05/2025 16:00:00,30.93,,,14/05/2025 16:00:00,86.71,13/05/2025 16:00:00,39.33,13/05/2025 16:00:00,124.01,14/05/2025 16:00:00,18.25,13/05/2025 16:00:00,186.34,13/05/2025 16:00:00,43.59,13/05/2025 16:00:00,12.97,13/05/2025 16:00:00,131.68,,,13/05/2025 16:00:00,135.89,13/05/2025 16:00:00,21.3,13/05/2025 16:00:00,199.76,14/05/2025 16:00:00,30.96,13/05/2025 16:00:00,12.1,13/05/2025 16:00:00,175.65,13/05/2025 16:00:00,496.02,13/05/2025 16:00:00,235.14,14/05/2025 16:00:00,960,,,,,13/05/2025 16:00:00,54.89,14/05/2025 16:00:00,104.98,13/05/2025 16:00:00,147,14/05/2025 16:00:00,113.07,13/05/2025 16:00:00,114.63,13/05/2025 16:00:00,70.07
14/05/2025 16:00:00,212.43,14/05/2025 16:00:00,108.86,14/05/2025 16:00:00,448.14,14/05/2025 16:00:00,96.03,14/05/2025 16:00:00,257.6,14/05/2025 16:00:00,141.76,14/05/2025 16:00:00,222.94,14/05/2025 16:00:00,26.43,14/05/2025 16:00:00,161.31,15/05/2025 16:00:00,148,14/05/2025 16:00:00,158.12,14/05/2025 16:00:00,22.86,14/05/2025 16:00:00,76.24,14/05/2025 16:00:00,68.88,14/05/2025 16:00:00,163.44,14/05/2025 16:00:00,162.36,14/05/2025 16:00:00,263,14/05/2025 16:00:00,77.46,14/05/2025 16:00:00,22.35,14/05/2025 16:00:00,42.78,14/05/2025 16:00:00,130.07,14/05/2025 16:00:00,151.93,14/05/2025 16:00:00,211.45,14/05/2025 16:00:00,129.3,14/05/2025 16:00:00,35.7,14/05/2025 16:00:00,61.63,14/05/2025 16:00:00,34.66,15/05/2025 16:00:00,307.8,14/05/2025 16:00:00,111.38,14/05/2025 16:00:00,356.67,14/05/2025 16:00:00,75.63,14/05/2025 16:00:00,44.19,14/05/2025 16:00:00,371.9,15/05/2025 16:00:00,43.01,14/05/2025 16:00:00,99.85,,,20/05/2025 17:36:00,85.15,14/05/2025 16:00:00,56.35,14/05/2025 16:00:00,93.01,14/05/2025 16:00:00,150.75,14/05/2025 16:00:00,269.84,14/05/2025 16:00:00,303.15,14/05/2025 16:00:00,44.22,14/05/2025 16:00:00,83.67,14/05/2025 16:00:00,351.72,14/05/2025 16:00:00,227.34,15/05/2025 16:00:00,59.98,14/05/2025 16:00:00,69,14/05/2025 16:00:00,28.1,14/05/2025 16:00:00,28.17,14/05/2025 16:00:00,205.8,14/05/2025 16:00:00,321.45,14/05/2025 16:00:00,46.71,14/05/2025 16:00:00,578.27,14/05/2025 16:00:00,603.8,14/05/2025 16:00:00,87.68,,,14/05/2025 16:00:00,749.24,14/05/2025 16:00:00,160.85,14/05/2025 16:00:00,70,06/06/2025 16:00:00,1.86,14/05/2025 16:00:00,216.37,14/05/2025 16:00:00,62.05,14/05/2025 16:00:00,100.93,14/05/2025 16:00:00,97.05,14/05/2025 16:00:00,84.9,14/05/2025 16:00:00,998.76,14/05/2025 16:00:00,85.2,,,14/05/2025 16:00:00,321.54,14/05/2025 16:00:00,28.8,15/05/2025 16:00:00,120.93,14/05/2025 16:00:00,197.3,14/05/2025 16:00:00,81.15,14/05/2025 16:00:00,10.57,14/05/2025 16:00:00,30.68,,,15/05/2025 16:00:00,86.54,14/05/2025 16:00:00,39.09,14/05/2025 16:00:00,123.38,15/05/2025 16:00:00,17.66,14/05/2025 16:00:00,187.47,14/05/2025 16:00:00,42.67,14/05/2025 16:00:00,12.98,14/05/2025 16:00:00,130.5,,,14/05/2025 16:00:00,133.59,14/05/2025 16:00:00,21.15,14/05/2025 16:00:00,201.65,15/05/2025 16:00:00,30.36,14/05/2025 16:00:00,11.93,14/05/2025 16:00:00,177.04,14/05/2025 16:00:00,498.77,14/05/2025 16:00:00,229.5,15/05/2025 16:00:00,968.68,,,,,14/05/2025 16:00:00,53.56,15/05/2025 16:00:00,103.97,14/05/2025 16:00:00,145.7,15/05/2025 16:00:00,113.57,14/05/2025 16:00:00,115.28,14/05/2025 16:00:00,71.8
15/05/2025 16:00:00,210.95,15/05/2025 16:00:00,106.49,15/05/2025 16:00:00,450.77,15/05/2025 16:00:00,94.3,15/05/2025 16:00:00,259.01,15/05/2025 16:00:00,140,15/05/2025 16:00:00,223.45,15/05/2025 16:00:00,26.6,15/05/2025 16:00:00,167.14,16/05/2025 16:00:00,149.67,15/05/2025 16:00:00,159.59,15/05/2025 16:00:00,22.2,15/05/2025 16:00:00,76.06,15/05/2025 16:00:00,69.7,15/05/2025 16:00:00,165.26,15/05/2025 16:00:00,161.36,15/05/2025 16:00:00,266.97,15/05/2025 16:00:00,73.77,15/05/2025 16:00:00,21.23,15/05/2025 16:00:00,42.6,15/05/2025 16:00:00,129.19,15/05/2025 16:00:00,151.71,15/05/2025 16:00:00,206.45,15/05/2025 16:00:00,128.85,15/05/2025 16:00:00,35.47,15/05/2025 16:00:00,63.07,15/05/2025 16:00:00,34.64,16/05/2025 16:00:00,314.37,15/05/2025 16:00:00,112.23,15/05/2025 16:00:00,356.89,15/05/2025 16:00:00,74.59,15/05/2025 16:00:00,44.6,15/05/2025 16:00:00,372.1,16/05/2025 16:00:00,43.66,15/05/2025 16:00:00,99.9,,,21/05/2025 17:36:00,83.02,15/05/2025 16:00:00,56.65,15/05/2025 16:00:00,90.91,15/05/2025 16:00:00,146.33,15/05/2025 16:00:00,265.3,15/05/2025 16:00:00,298.05,15/05/2025 16:00:00,44.23,15/05/2025 16:00:00,82.14,15/05/2025 16:00:00,349.44,15/05/2025 16:00:00,229.25,16/05/2025 16:00:00,60.56,15/05/2025 16:00:00,69.65,15/05/2025 16:00:00,27.99,15/05/2025 16:00:00,28.24,15/05/2025 16:00:00,207.35,15/05/2025 16:00:00,274.9,15/05/2025 16:00:00,44.7,15/05/2025 16:00:00,574.13,15/05/2025 16:00:00,609.73,15/05/2025 16:00:00,87.97,,,15/05/2025 16:00:00,725.7,15/05/2025 16:00:00,161.35,15/05/2025 16:00:00,67.71,09/06/2025 16:00:00,1.9,15/05/2025 16:00:00,217.7,15/05/2025 16:00:00,60.64,15/05/2025 16:00:00,99.53,15/05/2025 16:00:00,94.3,15/05/2025 16:00:00,84.8,15/05/2025 16:00:00,992.65,15/05/2025 16:00:00,85.61,,,15/05/2025 16:00:00,320.22,15/05/2025 16:00:00,28.38,16/05/2025 16:00:00,120.2,15/05/2025 16:00:00,186.69,15/05/2025 16:00:00,79.5,15/05/2025 16:00:00,10.59,15/05/2025 16:00:00,29.8,,,16/05/2025 16:00:00,86.62,15/05/2025 16:00:00,38.61,15/05/2025 16:00:00,121.16,16/05/2025 16:00:00,17.89,15/05/2025 16:00:00,186.17,15/05/2025 16:00:00,42.63,15/05/2025 16:00:00,12.81,15/05/2025 16:00:00,131.14,,,15/05/2025 16:00:00,134.46,15/05/2025 16:00:00,20.68,15/05/2025 16:00:00,195.52,16/05/2025 16:00:00,31.07,15/05/2025 16:00:00,12.09,15/05/2025 16:00:00,177.78,15/05/2025 16:00:00,517.35,15/05/2025 16:00:00,227.19,16/05/2025 16:00:00,986.75,,,,,15/05/2025 16:00:00,54,16/05/2025 16:00:00,105.72,15/05/2025 16:00:00,145.57,16/05/2025 16:00:00,115.06,15/05/2025 16:00:00,113.91,15/05/2025 16:00:00,73
16/05/2025 16:00:00,212.36,16/05/2025 16:00:00,108.65,16/05/2025 16:00:00,452.05,16/05/2025 16:00:00,96.14,16/05/2025 16:00:00,266.35,16/05/2025 16:00:00,142.7,16/05/2025 16:00:00,229.07,16/05/2025 16:00:00,27.37,16/05/2025 16:00:00,168.93,19/05/2025 16:00:00,151.89,16/05/2025 16:00:00,162.65,16/05/2025 16:00:00,22.65,16/05/2025 16:00:00,75.56,16/05/2025 16:00:00,71.86,16/05/2025 16:00:00,169.33,16/05/2025 16:00:00,160,16/05/2025 16:00:00,267.5,16/05/2025 16:00:00,74.99,16/05/2025 16:00:00,21.53,16/05/2025 16:00:00,43.49,16/05/2025 16:00:00,132.09,16/05/2025 16:00:00,152.87,16/05/2025 16:00:00,206.85,16/05/2025 16:00:00,133.15,16/05/2025 16:00:00,35.67,16/05/2025 16:00:00,63.91,16/05/2025 16:00:00,35.32,19/05/2025 16:00:00,318.11,16/05/2025 16:00:00,111.92,16/05/2025 16:00:00,362.95,16/05/2025 16:00:00,75.38,16/05/2025 16:00:00,44.34,16/05/2025 16:00:00,380.23,19/05/2025 16:00:00,42.53,16/05/2025 16:00:00,101.28,,,22/05/2025 17:36:00,77.57,16/05/2025 16:00:00,58.2,16/05/2025 16:00:00,93.57,16/05/2025 16:00:00,149.43,16/05/2025 16:00:00,270.66,16/05/2025 16:00:00,300.36,16/05/2025 16:00:00,44.61,16/05/2025 16:00:00,83.26,16/05/2025 16:00:00,351.54,16/05/2025 16:00:00,231.33,19/05/2025 16:00:00,62.53,16/05/2025 16:00:00,70.81,16/05/2025 16:00:00,28.04,16/05/2025 16:00:00,28.15,16/05/2025 16:00:00,205.69,16/05/2025 16:00:00,279.29,16/05/2025 16:00:00,45.99,16/05/2025 16:00:00,580.43,16/05/2025 16:00:00,616.95,16/05/2025 16:00:00,90,,,16/05/2025 16:00:00,740,16/05/2025 16:00:00,163.52,16/05/2025 16:00:00,68.07,10/06/2025 16:00:00,1.89,16/05/2025 16:00:00,222.3,16/05/2025 16:00:00,62.5,16/05/2025 16:00:00,100.61,16/05/2025 16:00:00,97.76,16/05/2025 16:00:00,86.13,16/05/2025 16:00:00,1012.49,16/05/2025 16:00:00,87.29,,,16/05/2025 16:00:00,317.42,16/05/2025 16:00:00,28.9,19/05/2025 16:00:00,118.92,16/05/2025 16:00:00,191.65,16/05/2025 16:00:00,80.49,16/05/2025 16:00:00,10.77,16/05/2025 16:00:00,29.89,,,19/05/2025 16:00:00,84.45,16/05/2025 16:00:00,38.09,16/05/2025 16:00:00,123.7,19/05/2025 16:00:00,17.33,16/05/2025 16:00:00,189.31,16/05/2025 16:00:00,43.1,16/05/2025 16:00:00,12.87,16/05/2025 16:00:00,133,,,16/05/2025 16:00:00,137.66,16/05/2025 16:00:00,21.16,16/05/2025 16:00:00,197.39,19/05/2025 16:00:00,31.23,16/05/2025 16:00:00,12.25,16/05/2025 16:00:00,179.14,16/05/2025 16:00:00,515.8,16/05/2025 16:00:00,232.6,19/05/2025 16:00:00,979.19,,,,,16/05/2025 16:00:00,54.97,19/05/2025 16:00:00,106.86,16/05/2025 16:00:00,147.9,19/05/2025 16:00:00,116.06,16/05/2025 16:00:00,116.51,16/05/2025 16:00:00,74.55
19/05/2025 16:00:00,207.91,19/05/2025 16:00:00,107.57,19/05/2025 16:00:00,450.88,19/05/2025 16:00:00,96.65,19/05/2025 16:00:00,265.45,19/05/2025 16:00:00,139.47,19/05/2025 16:00:00,229.5,19/05/2025 16:00:00,27.76,19/05/2025 16:00:00,165.72,20/05/2025 16:00:00,152.33,19/05/2025 16:00:00,163.47,19/05/2025 16:00:00,22.74,19/05/2025 16:00:00,75.6,19/05/2025 16:00:00,72.03,19/05/2025 16:00:00,171.01,19/05/2025 16:00:00,158.3,19/05/2025 16:00:00,265.55,19/05/2025 16:00:00,75.96,19/05/2025 16:00:00,21.18,19/05/2025 16:00:00,44.08,19/05/2025 16:00:00,132.13,19/05/2025 16:00:00,150.55,19/05/2025 16:00:00,201.65,19/05/2025 16:00:00,135,19/05/2025 16:00:00,35.38,19/05/2025 16:00:00,63.43,19/05/2025 16:00:00,35.35,20/05/2025 16:00:00,321.22,19/05/2025 16:00:00,112.12,19/05/2025 16:00:00,363.02,19/05/2025 16:00:00,74.92,19/05/2025 16:00:00,44.11,19/05/2025 16:00:00,374.19,20/05/2025 16:00:00,42.34,19/05/2025 16:00:00,98.44,,,23/05/2025 17:36:00,79.22,19/05/2025 16:00:00,59.05,19/05/2025 16:00:00,91.76,19/05/2025 16:00:00,151.95,19/05/2025 16:00:00,272.58,19/05/2025 16:00:00,297.01,19/05/2025 16:00:00,44.4,19/05/2025 16:00:00,84.33,19/05/2025 16:00:00,349.73,19/05/2025 16:00:00,229.08,20/05/2025 16:00:00,62.83,19/05/2025 16:00:00,71.1,19/05/2025 16:00:00,27.97,19/05/2025 16:00:00,28.15,19/05/2025 16:00:00,203,19/05/2025 16:00:00,304.77,19/05/2025 16:00:00,46.6,19/05/2025 16:00:00,581.02,19/05/2025 16:00:00,609.19,19/05/2025 16:00:00,91.5,,,19/05/2025 16:00:00,753,19/05/2025 16:00:00,162.79,19/05/2025 16:00:00,68.61,11/06/2025 16:00:00,1.87,19/05/2025 16:00:00,221.61,19/05/2025 16:00:00,62.15,19/05/2025 16:00:00,103,19/05/2025 16:00:00,96.76,19/05/2025 16:00:00,85.79,19/05/2025 16:00:00,1018.6,19/05/2025 16:00:00,88.56,,,19/05/2025 16:00:00,315.79,19/05/2025 16:00:00,28.84,20/05/2025 16:00:00,118.68,19/05/2025 16:00:00,194.22,19/05/2025 16:00:00,80.3,19/05/2025 16:00:00,10.69,19/05/2025 16:00:00,29.65,,,20/05/2025 16:00:00,84.52,19/05/2025 16:00:00,37.4,19/05/2025 16:00:00,126.25,20/05/2025 16:00:00,17.44,19/05/2025 16:00:00,185,19/05/2025 16:00:00,43.87,19/05/2025 16:00:00,12.67,19/05/2025 16:00:00,133.08,,,19/05/2025 16:00:00,141.1,19/05/2025 16:00:00,21.09,19/05/2025 16:00:00,195.95,20/05/2025 16:00:00,31.3,19/05/2025 16:00:00,11.97,19/05/2025 16:00:00,177.68,19/05/2025 16:00:00,526.01,19/05/2025 16:00:00,230.36,20/05/2025 16:00:00,987.89,,,,,19/05/2025 16:00:00,55.42,20/05/2025 16:00:00,106.35,19/05/2025 16:00:00,147.71,20/05/2025 16:00:00,116.68,19/05/2025 16:00:00,114.25,19/05/2025 16:00:00,74.22
20/05/2025 16:00:00,207.67,20/05/2025 16:00:00,106.39,20/05/2025 16:00:00,455.59,20/05/2025 16:00:00,98.56,20/05/2025 16:00:00,267.4,20/05/2025 16:00:00,138.29,20/05/2025 16:00:00,234.16,20/05/2025 16:00:00,28.05,20/05/2025 16:00:00,167.76,21/05/2025 16:00:00,153.19,20/05/2025 16:00:00,164.61,20/05/2025 16:00:00,23.17,20/05/2025 16:00:00,75.48,20/05/2025 16:00:00,71.8,20/05/2025 16:00:00,173,20/05/2025 16:00:00,158.63,20/05/2025 16:00:00,262.52,20/05/2025 16:00:00,77.55,20/05/2025 16:00:00,21.33,20/05/2025 16:00:00,44.26,20/05/2025 16:00:00,131.75,20/05/2025 16:00:00,153.04,20/05/2025 16:00:00,204.63,20/05/2025 16:00:00,135,20/05/2025 16:00:00,35.07,20/05/2025 16:00:00,63.74,20/05/2025 16:00:00,35.38,21/05/2025 16:00:00,317.52,20/05/2025 16:00:00,112.44,20/05/2025 16:00:00,367.78,20/05/2025 16:00:00,75.85,20/05/2025 16:00:00,44.59,20/05/2025 16:00:00,386.37,21/05/2025 16:00:00,41.94,20/05/2025 16:00:00,98.61,,,26/05/2025 17:36:00,80.82,20/05/2025 16:00:00,59.4,20/05/2025 16:00:00,90.16,20/05/2025 16:00:00,153.26,20/05/2025 16:00:00,275.91,20/05/2025 16:00:00,296.49,20/05/2025 16:00:00,44.67,20/05/2025 16:00:00,83.96,20/05/2025 16:00:00,350.84,20/05/2025 16:00:00,228.65,21/05/2025 16:00:00,62.71,20/05/2025 16:00:00,72.39,20/05/2025 16:00:00,28,20/05/2025 16:00:00,28.25,20/05/2025 16:00:00,205,20/05/2025 16:00:00,320.92,20/05/2025 16:00:00,47.49,20/05/2025 16:00:00,581.24,20/05/2025 16:00:00,607.75,20/05/2025 16:00:00,91.71,,,20/05/2025 16:00:00,756,20/05/2025 16:00:00,163.46,20/05/2025 16:00:00,68.56,12/06/2025 16:00:00,1.89,20/05/2025 16:00:00,223.26,20/05/2025 16:00:00,62.5,20/05/2025 16:00:00,105.76,20/05/2025 16:00:00,98,20/05/2025 16:00:00,85.42,20/05/2025 16:00:00,1030.01,20/05/2025 16:00:00,89.34,,,20/05/2025 16:00:00,318.46,20/05/2025 16:00:00,29.1,21/05/2025 16:00:00,117.07,20/05/2025 16:00:00,195.66,20/05/2025 16:00:00,80.69,20/05/2025 16:00:00,10.79,20/05/2025 16:00:00,30.14,,,21/05/2025 16:00:00,84.41,20/05/2025 16:00:00,38.44,20/05/2025 16:00:00,129.04,21/05/2025 16:00:00,17.22,20/05/2025 16:00:00,188.34,20/05/2025 16:00:00,44.31,20/05/2025 16:00:00,12.58,20/05/2025 16:00:00,134.87,,,20/05/2025 16:00:00,140.76,20/05/2025 16:00:00,20.9,20/05/2025 16:00:00,196.36,21/05/2025 16:00:00,31.48,20/05/2025 16:00:00,11.92,20/05/2025 16:00:00,177.97,20/05/2025 16:00:00,527.69,20/05/2025 16:00:00,237,21/05/2025 16:00:00,989,,,,,20/05/2025 16:00:00,57.3,21/05/2025 16:00:00,104.76,20/05/2025 16:00:00,149,21/05/2025 16:00:00,117.3,20/05/2025 16:00:00,114.07,20/05/2025 16:00:00,74
21/05/2025 16:00:00,205.17,21/05/2025 16:00:00,104.53,21/05/2025 16:00:00,454.57,21/05/2025 16:00:00,97.13,21/05/2025 16:00:00,264.97,21/05/2025 16:00:00,136.62,21/05/2025 16:00:00,234.86,21/05/2025 16:00:00,27.68,21/05/2025 16:00:00,164.95,22/05/2025 16:00:00,153.19,21/05/2025 16:00:00,164.82,21/05/2025 16:00:00,23.47,21/05/2025 16:00:00,74.94,21/05/2025 16:00:00,71.69,21/05/2025 16:00:00,174,21/05/2025 16:00:00,158.35,21/05/2025 16:00:00,264.35,21/05/2025 16:00:00,77.77,21/05/2025 16:00:00,21.19,21/05/2025 16:00:00,44.04,21/05/2025 16:00:00,131.8,21/05/2025 16:00:00,153.58,21/05/2025 16:00:00,201.61,21/05/2025 16:00:00,135.1,21/05/2025 16:00:00,34.33,21/05/2025 16:00:00,62.99,21/05/2025 16:00:00,35.42,22/05/2025 16:00:00,316.12,21/05/2025 16:00:00,111.69,21/05/2025 16:00:00,363.72,21/05/2025 16:00:00,74.98,21/05/2025 16:00:00,44.37,21/05/2025 16:00:00,377.98,22/05/2025 16:00:00,40.83,21/05/2025 16:00:00,96.7,,,27/05/2025 17:36:00,82.68,21/05/2025 16:00:00,59.9,21/05/2025 16:00:00,89.56,21/05/2025 16:00:00,152.32,21/05/2025 16:00:00,274.18,21/05/2025 16:00:00,293.04,21/05/2025 16:00:00,44.07,21/05/2025 16:00:00,83.85,21/05/2025 16:00:00,345.19,21/05/2025 16:00:00,225.63,22/05/2025 16:00:00,61.3,21/05/2025 16:00:00,72.25,21/05/2025 16:00:00,28.06,21/05/2025 16:00:00,28.14,21/05/2025 16:00:00,206.6,21/05/2025 16:00:00,301,21/05/2025 16:00:00,47.7,21/05/2025 16:00:00,576.46,21/05/2025 16:00:00,601.8,21/05/2025 16:00:00,91.33,,,21/05/2025 16:00:00,747.05,21/05/2025 16:00:00,161.47,21/05/2025 16:00:00,68.39,13/06/2025 16:00:00,1.89,21/05/2025 16:00:00,224.43,21/05/2025 16:00:00,61.17,21/05/2025 16:00:00,108.11,21/05/2025 16:00:00,91.5,21/05/2025 16:00:00,86.59,21/05/2025 16:00:00,1030.94,21/05/2025 16:00:00,90.7,,,21/05/2025 16:00:00,317.04,21/05/2025 16:00:00,28.84,22/05/2025 16:00:00,117.07,21/05/2025 16:00:00,195.74,21/05/2025 16:00:00,79.86,21/05/2025 16:00:00,10.66,21/05/2025 16:00:00,29.51,,,22/05/2025 16:00:00,83.22,21/05/2025 16:00:00,38.12,21/05/2025 16:00:00,129.7,22/05/2025 16:00:00,16.53,21/05/2025 16:00:00,186.5,21/05/2025 16:00:00,44.14,21/05/2025 16:00:00,12.43,21/05/2025 16:00:00,131.15,,,21/05/2025 16:00:00,140.87,21/05/2025 16:00:00,20.34,21/05/2025 16:00:00,194.97,22/05/2025 16:00:00,31.48,21/05/2025 16:00:00,11.51,21/05/2025 16:00:00,175.64,21/05/2025 16:00:00,519.57,21/05/2025 16:00:00,232.7,22/05/2025 16:00:00,989,,,,,21/05/2025 16:00:00,57.67,22/05/2025 16:00:00,104.76,21/05/2025 16:00:00,147.91,22/05/2025 16:00:00,117.3,21/05/2025 16:00:00,112.86,21/05/2025 16:00:00,74.07
22/05/2025 16:00:00,205.17,22/05/2025 16:00:00,104.53,22/05/2025 16:00:00,454.95,22/05/2025 16:00:00,97.13,22/05/2025 16:00:00,264.97,22/05/2025 16:00:00,136.62,22/05/2025 16:00:00,231.19,22/05/2025 16:00:00,27.58,22/05/2025 16:00:00,164.95,23/05/2025 16:00:00,153,22/05/2025 16:00:00,164.82,22/05/2025 16:00:00,23.47,22/05/2025 16:00:00,73.14,22/05/2025 16:00:00,71.69,22/05/2025 16:00:00,174,22/05/2025 16:00:00,156.98,22/05/2025 16:00:00,264.35,22/05/2025 16:00:00,77.77,22/05/2025 16:00:00,21.19,22/05/2025 16:00:00,44.04,22/05/2025 16:00:00,130.02,22/05/2025 16:00:00,151.39,22/05/2025 16:00:00,201.61,22/05/2025 16:00:00,132.46,22/05/2025 16:00:00,34.33,22/05/2025 16:00:00,63.41,22/05/2025 16:00:00,35.42,23/05/2025 16:00:00,315.07,22/05/2025 16:00:00,111.69,22/05/2025 16:00:00,357.76,22/05/2025 16:00:00,74.98,22/05/2025 16:00:00,44.37,22/05/2025 16:00:00,377.98,23/05/2025 16:00:00,40.58,22/05/2025 16:00:00,95.75,,,28/05/2025 17:36:00,82.79,22/05/2025 16:00:00,59.9,22/05/2025 16:00:00,86.38,22/05/2025 16:00:00,149.72,22/05/2025 16:00:00,271.34,22/05/2025 16:00:00,285.63,22/05/2025 16:00:00,42.89,22/05/2025 16:00:00,83.85,22/05/2025 16:00:00,345.19,22/05/2025 16:00:00,223.36,23/05/2025 16:00:00,60.62,22/05/2025 16:00:00,71,22/05/2025 16:00:00,28.06,22/05/2025 16:00:00,28.14,22/05/2025 16:00:00,202.53,22/05/2025 16:00:00,293.89,22/05/2025 16:00:00,47.7,22/05/2025 16:00:00,568.66,22/05/2025 16:00:00,601.8,22/05/2025 16:00:00,91.33,,,22/05/2025 16:00:00,717.1,22/05/2025 16:00:00,157.98,22/05/2025 16:00:00,68.39,16/06/2025 16:00:00,1.88,22/05/2025 16:00:00,224.43,22/05/2025 16:00:00,60.58,22/05/2025 16:00:00,108.11,22/05/2025 16:00:00,91.5,22/05/2025 16:00:00,83.28,22/05/2025 16:00:00,1027.72,22/05/2025 16:00:00,90.7,,,22/05/2025 16:00:00,317.04,22/05/2025 16:00:00,28.84,23/05/2025 16:00:00,114.95,22/05/2025 16:00:00,185.69,22/05/2025 16:00:00,79.86,22/05/2025 16:00:00,10.48,22/05/2025 16:00:00,28.54,,,23/05/2025 16:00:00,82.58,22/05/2025 16:00:00,37.68,22/05/2025 16:00:00,126.55,23/05/2025 16:00:00,16.28,22/05/2025 16:00:00,186.5,22/05/2025 16:00:00,44.14,22/05/2025 16:00:00,12.43,22/05/2025 16:00:00,131.15,,,22/05/2025 16:00:00,140.48,22/05/2025 16:00:00,20.34,22/05/2025 16:00:00,186.88,23/05/2025 16:00:00,29.85,22/05/2025 16:00:00,11.18,22/05/2025 16:00:00,175.64,22/05/2025 16:00:00,512.82,22/05/2025 16:00:00,232.7,23/05/2025 16:00:00,956.89,,,,,22/05/2025 16:00:00,57.67,23/05/2025 16:00:00,102,22/05/2025 16:00:00,146.22,23/05/2025 16:00:00,116.72,22/05/2025 16:00:00,112.86,22/05/2025 16:00:00,74.07
23/05/2025 16:00:00,193.67,23/05/2025 16:00:00,102.6,23/05/2025 16:00:00,449.98,23/05/2025 16:00:00,95.34,23/05/2025 16:00:00,258.58,23/05/2025 16:00:00,134.39,23/05/2025 16:00:00,228.84,23/05/2025 16:00:00,27.48,23/05/2025 16:00:00,170.28,27/05/2025 16:00:00,152.59,23/05/2025 16:00:00,164.83,23/05/2025 16:00:00,22.95,23/05/2025 16:00:00,71.9,23/05/2025 16:00:00,71.54,23/05/2025 16:00:00,175.68,23/05/2025 16:00:00,154.99,23/05/2025 16:00:00,256.81,23/05/2025 16:00:00,77.55,23/05/2025 16:00:00,20.16,23/05/2025 16:00:00,43.47,23/05/2025 16:00:00,129.56,23/05/2025 16:00:00,143.42,23/05/2025 16:00:00,198.9,23/05/2025 16:00:00,131.68,23/05/2025 16:00:00,33.12,23/05/2025 16:00:00,62.71,23/05/2025 16:00:00,34.24,27/05/2025 16:00:00,314.53,23/05/2025 16:00:00,109.6,23/05/2025 16:00:00,353.75,23/05/2025 16:00:00,71.65,23/05/2025 16:00:00,42.48,23/05/2025 16:00:00,362.38,27/05/2025 16:00:00,41.5,23/05/2025 16:00:00,95.61,,,29/05/2025 17:36:00,80.02,23/05/2025 16:00:00,59.63,23/05/2025 16:00:00,85.04,23/05/2025 16:00:00,147.45,23/05/2025 16:00:00,269.48,23/05/2025 16:00:00,281.82,23/05/2025 16:00:00,42.22,23/05/2025 16:00:00,81.25,23/05/2025 16:00:00,337.63,23/05/2025 16:00:00,220.12,27/05/2025 16:00:00,60.97,23/05/2025 16:00:00,71.57,23/05/2025 16:00:00,27.79,23/05/2025 16:00:00,27.34,23/05/2025 16:00:00,199.95,23/05/2025 16:00:00,296.1,23/05/2025 16:00:00,46.93,23/05/2025 16:00:00,564.49,23/05/2025 16:00:00,585,23/05/2025 16:00:00,91.93,,,23/05/2025 16:00:00,710,23/05/2025 16:00:00,156.24,23/05/2025 16:00:00,66.65,17/06/2025 16:00:00,1.88,23/05/2025 16:00:00,220.82,23/05/2025 16:00:00,59.86,23/05/2025 16:00:00,105.85,23/05/2025 16:00:00,93.14,23/05/2025 16:00:00,80.62,23/05/2025 16:00:00,1012,23/05/2025 16:00:00,89.54,,,23/05/2025 16:00:00,311.11,23/05/2025 16:00:00,27.68,27/05/2025 16:00:00,119.97,23/05/2025 16:00:00,184.36,23/05/2025 16:00:00,75.95,23/05/2025 16:00:00,10.3,23/05/2025 16:00:00,28.15,,,27/05/2025 16:00:00,85.43,23/05/2025 16:00:00,37.22,23/05/2025 16:00:00,124.29,27/05/2025 16:00:00,17.1,23/05/2025 16:00:00,177.01,23/05/2025 16:00:00,43.9,23/05/2025 16:00:00,11.87,23/05/2025 16:00:00,128,,,23/05/2025 16:00:00,140.09,23/05/2025 16:00:00,19.47,23/05/2025 16:00:00,183.57,27/05/2025 16:00:00,30.75,23/05/2025 16:00:00,10.96,23/05/2025 16:00:00,169.75,23/05/2025 16:00:00,510.95,23/05/2025 16:00:00,220.91,27/05/2025 16:00:00,975.69,,,,,23/05/2025 16:00:00,56,27/05/2025 16:00:00,102.36,23/05/2025 16:00:00,145.22,27/05/2025 16:00:00,116.42,23/05/2025 16:00:00,109.31,23/05/2025 16:00:00,67.01
27/05/2025 16:00:00,198.3,27/05/2025 16:00:00,103.49,27/05/2025 16:00:00,456.48,27/05/2025 16:00:00,97.08,27/05/2025 16:00:00,261,27/05/2025 16:00:00,137.38,27/05/2025 16:00:00,235.1,27/05/2025 16:00:00,27.36,27/05/2025 16:00:00,171.3,28/05/2025 16:00:00,153.28,27/05/2025 16:00:00,165.27,27/05/2025 16:00:00,23.55,27/05/2025 16:00:00,73.61,27/05/2025 16:00:00,71.72,27/05/2025 16:00:00,178.19,27/05/2025 16:00:00,159.32,27/05/2025 16:00:00,262.04,27/05/2025 16:00:00,78.02,27/05/2025 16:00:00,20.44,27/05/2025 16:00:00,43.29,27/05/2025 16:00:00,130.08,27/05/2025 16:00:00,147.55,27/05/2025 16:00:00,203.09,27/05/2025 16:00:00,131.85,27/05/2025 16:00:00,33.97,27/05/2025 16:00:00,63.76,27/05/2025 16:00:00,34.81,28/05/2025 16:00:00,314.95,27/05/2025 16:00:00,111.03,27/05/2025 16:00:00,355.41,27/05/2025 16:00:00,74.16,27/05/2025 16:00:00,43.79,27/05/2025 16:00:00,365.63,28/05/2025 16:00:00,41.83,27/05/2025 16:00:00,96.43,,,30/05/2025 17:36:00,79.98,27/05/2025 16:00:00,59.72,27/05/2025 16:00:00,85.65,27/05/2025 16:00:00,149.83,27/05/2025 16:00:00,273.7,27/05/2025 16:00:00,290.53,27/05/2025 16:00:00,43.56,27/05/2025 16:00:00,82.11,27/05/2025 16:00:00,347.99,27/05/2025 16:00:00,223.65,28/05/2025 16:00:00,62,27/05/2025 16:00:00,72.52,27/05/2025 16:00:00,27.82,27/05/2025 16:00:00,28.21,27/05/2025 16:00:00,204.25,27/05/2025 16:00:00,299.5,27/05/2025 16:00:00,47.23,27/05/2025 16:00:00,566.83,27/05/2025 16:00:00,605.9,27/05/2025 16:00:00,92.5,,,27/05/2025 16:00:00,717.03,27/05/2025 16:00:00,158.7,27/05/2025 16:00:00,68.46,19/06/2025 16:00:00,1.89,27/05/2025 16:00:00,224.42,27/05/2025 16:00:00,61.14,27/05/2025 16:00:00,108.3,27/05/2025 16:00:00,95.56,27/05/2025 16:00:00,81.15,27/05/2025 16:00:00,1015,27/05/2025 16:00:00,90,,,27/05/2025 16:00:00,313.52,27/05/2025 16:00:00,28.45,28/05/2025 16:00:00,121.25,27/05/2025 16:00:00,187.6,27/05/2025 16:00:00,78.25,27/05/2025 16:00:00,10.45,27/05/2025 16:00:00,28.85,,,28/05/2025 16:00:00,87.43,27/05/2025 16:00:00,39.14,27/05/2025 16:00:00,126.97,28/05/2025 16:00:00,17.51,27/05/2025 16:00:00,179.1,27/05/2025 16:00:00,43.83,27/05/2025 16:00:00,12.27,27/05/2025 16:00:00,126.73,,,27/05/2025 16:00:00,141.72,27/05/2025 16:00:00,20.08,27/05/2025 16:00:00,187,28/05/2025 16:00:00,30.93,27/05/2025 16:00:00,11.35,27/05/2025 16:00:00,174.17,27/05/2025 16:00:00,513.21,27/05/2025 16:00:00,223.3,28/05/2025 16:00:00,981.99,,,,,27/05/2025 16:00:00,56.79,28/05/2025 16:00:00,103.14,27/05/2025 16:00:00,145.55,28/05/2025 16:00:00,116,27/05/2025 16:00:00,110.59,27/05/2025 16:00:00,67.54
28/05/2025 16:00:00,200.59,28/05/2025 16:00:00,104.29,28/05/2025 16:00:00,461.22,28/05/2025 16:00:00,97.52,28/05/2025 16:00:00,263.16,28/05/2025 16:00:00,138.78,28/05/2025 16:00:00,241.78,28/05/2025 16:00:00,27.38,28/05/2025 16:00:00,173.98,29/05/2025 16:00:00,151.75,28/05/2025 16:00:00,167.65,28/05/2025 16:00:00,23.61,28/05/2025 16:00:00,74.2,28/05/2025 16:00:00,71.7,28/05/2025 16:00:00,178.28,28/05/2025 16:00:00,161.87,28/05/2025 16:00:00,266.24,28/05/2025 16:00:00,77.43,28/05/2025 16:00:00,20.57,28/05/2025 16:00:00,43.45,28/05/2025 16:00:00,131.29,28/05/2025 16:00:00,148.82,28/05/2025 16:00:00,205.92,28/05/2025 16:00:00,133.1,28/05/2025 16:00:00,34.32,28/05/2025 16:00:00,63.89,28/05/2025 16:00:00,34.97,29/05/2025 16:00:00,312.37,28/05/2025 16:00:00,112.2,28/05/2025 16:00:00,359.34,28/05/2025 16:00:00,75.57,28/05/2025 16:00:00,44.21,28/05/2025 16:00:00,368.82,29/05/2025 16:00:00,41.39,28/05/2025 16:00:00,97.65,,,02/06/2025 17:36:00,80.84,28/05/2025 16:00:00,59.6,28/05/2025 16:00:00,86.52,28/05/2025 16:00:00,149.65,28/05/2025 16:00:00,279.02,28/05/2025 16:00:00,293.46,28/05/2025 16:00:00,43.74,28/05/2025 16:00:00,82.99,28/05/2025 16:00:00,352.49,28/05/2025 16:00:00,225,29/05/2025 16:00:00,61.99,28/05/2025 16:00:00,72.48,28/05/2025 16:00:00,27.81,28/05/2025 16:00:00,28.16,28/05/2025 16:00:00,201.95,28/05/2025 16:00:00,294,28/05/2025 16:00:00,46.9,28/05/2025 16:00:00,574.58,28/05/2025 16:00:00,617.28,28/05/2025 16:00:00,92.15,,,28/05/2025 16:00:00,725.22,28/05/2025 16:00:00,160.21,28/05/2025 16:00:00,69.43,20/06/2025 16:00:00,1.92,28/05/2025 16:00:00,226.46,28/05/2025 16:00:00,62.74,28/05/2025 16:00:00,109.12,28/05/2025 16:00:00,96.99,28/05/2025 16:00:00,81.5,28/05/2025 16:00:00,1017.05,28/05/2025 16:00:00,89.63,,,28/05/2025 16:00:00,314.75,28/05/2025 16:00:00,28.15,29/05/2025 16:00:00,120.48,28/05/2025 16:00:00,188.81,28/05/2025 16:00:00,79.02,28/05/2025 16:00:00,10.32,28/05/2025 16:00:00,29,,,29/05/2025 16:00:00,84.9,28/05/2025 16:00:00,39.4,28/05/2025 16:00:00,128.12,29/05/2025 16:00:00,17.45,28/05/2025 16:00:00,183.35,28/05/2025 16:00:00,43.73,28/05/2025 16:00:00,12.43,28/05/2025 16:00:00,127.59,,,28/05/2025 16:00:00,142.97,28/05/2025 16:00:00,20.22,28/05/2025 16:00:00,192.84,29/05/2025 16:00:00,30.66,28/05/2025 16:00:00,11.44,28/05/2025 16:00:00,176.19,28/05/2025 16:00:00,510.37,28/05/2025 16:00:00,225,29/05/2025 16:00:00,978.08,,,,,28/05/2025 16:00:00,56.71,29/05/2025 16:00:00,102.22,28/05/2025 16:00:00,144.45,29/05/2025 16:00:00,113.9,28/05/2025 16:00:00,112.7,28/05/2025 16:00:00,67.89
29/05/2025 16:00:00,203.58,29/05/2025 16:00:00,102.28,29/05/2025 16:00:00,461.55,29/05/2025 16:00:00,97.63,29/05/2025 16:00:00,260.75,29/05/2025 16:00:00,136.5,29/05/2025 16:00:00,244.53,29/05/2025 16:00:00,27.48,29/05/2025 16:00:00,175,30/05/2025 16:00:00,153.85,29/05/2025 16:00:00,166.74,29/05/2025 16:00:00,23.33,29/05/2025 16:00:00,74.41,29/05/2025 16:00:00,71,29/05/2025 16:00:00,176.51,29/05/2025 16:00:00,165,29/05/2025 16:00:00,264.8,29/05/2025 16:00:00,75.69,29/05/2025 16:00:00,20.54,29/05/2025 16:00:00,43.15,29/05/2025 16:00:00,130.86,29/05/2025 16:00:00,149.86,29/05/2025 16:00:00,208.03,29/05/2025 16:00:00,131.73,29/05/2025 16:00:00,33.82,29/05/2025 16:00:00,63.73,29/05/2025 16:00:00,34.63,30/05/2025 16:00:00,312.1,29/05/2025 16:00:00,112.01,29/05/2025 16:00:00,360.35,29/05/2025 16:00:00,75.6,29/05/2025 16:00:00,44.37,29/05/2025 16:00:00,370,30/05/2025 16:00:00,41.11,29/05/2025 16:00:00,97.28,,,03/06/2025 17:36:00,81.8,29/05/2025 16:00:00,59.19,29/05/2025 16:00:00,84.8,29/05/2025 16:00:00,149.87,29/05/2025 16:00:00,279.22,29/05/2025 16:00:00,296.26,29/05/2025 16:00:00,43.55,29/05/2025 16:00:00,82.59,29/05/2025 16:00:00,352.2,29/05/2025 16:00:00,222.44,30/05/2025 16:00:00,62.91,29/05/2025 16:00:00,72.71,29/05/2025 16:00:00,27.97,29/05/2025 16:00:00,28.34,29/05/2025 16:00:00,201.78,29/05/2025 16:00:00,296.8,29/05/2025 16:00:00,47,29/05/2025 16:00:00,575.88,29/05/2025 16:00:00,608.52,29/05/2025 16:00:00,91.33,,,29/05/2025 16:00:00,719.23,29/05/2025 16:00:00,161.71,29/05/2025 16:00:00,68.6,23/06/2025 16:00:00,1.95,29/05/2025 16:00:00,225.54,29/05/2025 16:00:00,62.49,29/05/2025 16:00:00,108.59,29/05/2025 16:00:00,97.77,29/05/2025 16:00:00,81.28,29/05/2025 16:00:00,1016.01,29/05/2025 16:00:00,87.89,,,29/05/2025 16:00:00,317.52,29/05/2025 16:00:00,23.82,30/05/2025 16:00:00,119.6,29/05/2025 16:00:00,191.45,29/05/2025 16:00:00,78.62,29/05/2025 16:00:00,10.21,29/05/2025 16:00:00,28.84,,,30/05/2025 16:00:00,83.94,29/05/2025 16:00:00,39.37,29/05/2025 16:00:00,128.1,30/05/2025 16:00:00,17.2,29/05/2025 16:00:00,186.24,29/05/2025 16:00:00,43.12,29/05/2025 16:00:00,12.29,29/05/2025 16:00:00,127.35,,,29/05/2025 16:00:00,142.22,29/05/2025 16:00:00,20.05,29/05/2025 16:00:00,193.28,30/05/2025 16:00:00,30.41,29/05/2025 16:00:00,11.56,29/05/2025 16:00:00,175.09,29/05/2025 16:00:00,510.5,29/05/2025 16:00:00,225.54,30/05/2025 16:00:00,974.78,,,,,29/05/2025 16:00:00,55.2,30/05/2025 16:00:00,102.46,29/05/2025 16:00:00,143.2,30/05/2025 16:00:00,115.21,29/05/2025 16:00:00,110.46,29/05/2025 16:00:00,66.77
30/05/2025 16:00:00,199.37,30/05/2025 16:00:00,102.16,30/05/2025 16:00:00,459.72,30/05/2025 16:00:00,96.6,30/05/2025 16:00:00,258.75,30/05/2025 16:00:00,136.88,30/05/2025 16:00:00,243.13,30/05/2025 16:00:00,27.39,30/05/2025 16:00:00,172.41,02/06/2025 16:00:00,154.48,30/05/2025 16:00:00,168.75,30/05/2025 16:00:00,23.48,30/05/2025 16:00:00,74.2,30/05/2025 16:00:00,71.61,30/05/2025 16:00:00,178,30/05/2025 16:00:00,162.86,30/05/2025 16:00:00,263.7,30/05/2025 16:00:00,76.68,30/05/2025 16:00:00,20.26,30/05/2025 16:00:00,43.38,30/05/2025 16:00:00,132.15,30/05/2025 16:00:00,148,30/05/2025 16:00:00,204.84,30/05/2025 16:00:00,132.88,30/05/2025 16:00:00,33.41,30/05/2025 16:00:00,62.92,30/05/2025 16:00:00,34.36,02/06/2025 16:00:00,310.73,30/05/2025 16:00:00,112.01,30/05/2025 16:00:00,361.35,30/05/2025 16:00:00,75.31,30/05/2025 16:00:00,44.2,30/05/2025 16:00:00,366.36,02/06/2025 16:00:00,41.79,30/05/2025 16:00:00,97.72,,,04/06/2025 17:36:00,80.1,30/05/2025 16:00:00,59.52,30/05/2025 16:00:00,84.95,30/05/2025 16:00:00,148.73,30/05/2025 16:00:00,282.61,30/05/2025 16:00:00,294.66,30/05/2025 16:00:00,43.65,30/05/2025 16:00:00,83.35,30/05/2025 16:00:00,351.32,30/05/2025 16:00:00,220.92,02/06/2025 16:00:00,63.51,30/05/2025 16:00:00,72.42,30/05/2025 16:00:00,27.53,30/05/2025 16:00:00,28.26,30/05/2025 16:00:00,206.77,30/05/2025 16:00:00,297.97,30/05/2025 16:00:00,47.85,30/05/2025 16:00:00,576.78,30/05/2025 16:00:00,600,30/05/2025 16:00:00,92.75,,,30/05/2025 16:00:00,724.6,30/05/2025 16:00:00,162.37,30/05/2025 16:00:00,68.06,24/06/2025 16:00:00,1.96,30/05/2025 16:00:00,226.65,30/05/2025 16:00:00,61,30/05/2025 16:00:00,111.62,30/05/2025 16:00:00,94.04,30/05/2025 16:00:00,82.42,30/05/2025 16:00:00,1002.3,30/05/2025 16:00:00,88.73,,,30/05/2025 16:00:00,318.99,30/05/2025 16:00:00,24.76,02/06/2025 16:00:00,119.01,30/05/2025 16:00:00,190,30/05/2025 16:00:00,78.77,30/05/2025 16:00:00,10.18,30/05/2025 16:00:00,27.96,,,02/06/2025 16:00:00,83.28,30/05/2025 16:00:00,38.84,30/05/2025 16:00:00,132.59,02/06/2025 16:00:00,17.7,30/05/2025 16:00:00,184.98,30/05/2025 16:00:00,43.81,30/05/2025 16:00:00,12.2,30/05/2025 16:00:00,126.81,,,30/05/2025 16:00:00,142.22,30/05/2025 16:00:00,19.88,30/05/2025 16:00:00,189.29,02/06/2025 16:00:00,30.34,30/05/2025 16:00:00,10.81,30/05/2025 16:00:00,174.92,30/05/2025 16:00:00,505.18,30/05/2025 16:00:00,223.62,02/06/2025 16:00:00,975.71,,,,,30/05/2025 16:00:00,55.98,02/06/2025 16:00:00,102.67,30/05/2025 16:00:00,144.28,02/06/2025 16:00:00,117.01,30/05/2025 16:00:00,108.5,30/05/2025 16:00:00,68.87
02/06/2025 16:00:00,200.28,02/06/2025 16:00:00,103.75,02/06/2025 16:00:00,457.14,02/06/2025 16:00:00,98.84,02/06/2025 16:00:00,257.85,02/06/2025 16:00:00,138.49,02/06/2025 16:00:00,245.85,02/06/2025 16:00:00,27.65,02/06/2025 16:00:00,169.01,03/06/2025 16:00:00,154.8,02/06/2025 16:00:00,169.02,02/06/2025 16:00:00,23.54,02/06/2025 16:00:00,74.26,02/06/2025 16:00:00,72.03,02/06/2025 16:00:00,179.87,02/06/2025 16:00:00,164.17,02/06/2025 16:00:00,263.02,02/06/2025 16:00:00,77.02,02/06/2025 16:00:00,19.48,02/06/2025 16:00:00,43.8,02/06/2025 16:00:00,130.9,02/06/2025 16:00:00,144.8,02/06/2025 16:00:00,204.98,02/06/2025 16:00:00,132.86,02/06/2025 16:00:00,33.74,02/06/2025 16:00:00,62.73,02/06/2025 16:00:00,34.32,03/06/2025 16:00:00,311.84,02/06/2025 16:00:00,112.68,02/06/2025 16:00:00,362.77,02/06/2025 16:00:00,75.16,02/06/2025 16:00:00,43.88,02/06/2025 16:00:00,365.15,03/06/2025 16:00:00,41.49,02/06/2025 16:00:00,97.27,,,05/06/2025 17:36:00,80.13,02/06/2025 16:00:00,60.36,02/06/2025 16:00:00,87.05,02/06/2025 16:00:00,147.87,02/06/2025 16:00:00,285.64,02/06/2025 16:00:00,292.35,02/06/2025 16:00:00,43.31,02/06/2025 16:00:00,84.11,02/06/2025 16:00:00,346.47,02/06/2025 16:00:00,218.78,03/06/2025 16:00:00,63.49,02/06/2025 16:00:00,72.84,02/06/2025 16:00:00,27.6,02/06/2025 16:00:00,28.06,02/06/2025 16:00:00,210.98,02/06/2025 16:00:00,303.12,02/06/2025 16:00:00,48.5,02/06/2025 16:00:00,580.5,02/06/2025 16:00:00,598.6,02/06/2025 16:00:00,92.22,,,02/06/2025 16:00:00,732.5,02/06/2025 16:00:00,162.13,02/06/2025 16:00:00,66.72,25/06/2025 16:00:00,1.94,02/06/2025 16:00:00,225,02/06/2025 16:00:00,60.05,02/06/2025 16:00:00,109.24,02/06/2025 16:00:00,93.41,02/06/2025 16:00:00,82.4,02/06/2025 16:00:00,1034.27,02/06/2025 16:00:00,89.3,,,02/06/2025 16:00:00,313.63,02/06/2025 16:00:00,24.94,03/06/2025 16:00:00,118.95,02/06/2025 16:00:00,188.22,02/06/2025 16:00:00,78.13,02/06/2025 16:00:00,10.27,02/06/2025 16:00:00,27.66,,,03/06/2025 16:00:00,85.07,02/06/2025 16:00:00,40.09,02/06/2025 16:00:00,129.59,03/06/2025 16:00:00,17.38,02/06/2025 16:00:00,181.85,02/06/2025 16:00:00,43.58,02/06/2025 16:00:00,12.06,02/06/2025 16:00:00,126.25,,,02/06/2025 16:00:00,143.6,02/06/2025 16:00:00,20.11,02/06/2025 16:00:00,188.6,03/06/2025 16:00:00,29.31,02/06/2025 16:00:00,10.9,02/06/2025 16:00:00,173.15,02/06/2025 16:00:00,506.16,02/06/2025 16:00:00,224.09,03/06/2025 16:00:00,976,,,,,02/06/2025 16:00:00,56.36,03/06/2025 16:00:00,103.52,02/06/2025 16:00:00,142.9,03/06/2025 16:00:00,117.34,02/06/2025 16:00:00,111.11,02/06/2025 16:00:00,69.75
03/06/2025 16:00:00,201.35,03/06/2025 16:00:00,102.9,03/06/2025 16:00:00,461.47,03/06/2025 16:00:00,99.57,03/06/2025 16:00:00,263.35,03/06/2025 16:00:00,137.65,03/06/2025 16:00:00,247.5,03/06/2025 16:00:00,27.89,03/06/2025 16:00:00,168.87,04/06/2025 16:00:00,154.93,03/06/2025 16:00:00,166.78,03/06/2025 16:00:00,23.38,03/06/2025 16:00:00,74.72,03/06/2025 16:00:00,71.71,03/06/2025 16:00:00,182.2,03/06/2025 16:00:00,166.8,03/06/2025 16:00:00,263.73,03/06/2025 16:00:00,76,03/06/2025 16:00:00,19.75,03/06/2025 16:00:00,43.93,03/06/2025 16:00:00,130.63,03/06/2025 16:00:00,146.71,03/06/2025 16:00:00,207.11,03/06/2025 16:00:00,133.12,03/06/2025 16:00:00,33.4,03/06/2025 16:00:00,63.8,03/06/2025 16:00:00,34.35,04/06/2025 16:00:00,313,03/06/2025 16:00:00,112.73,03/06/2025 16:00:00,364.58,03/06/2025 16:00:00,75.63,03/06/2025 16:00:00,44.01,03/06/2025 16:00:00,367.96,04/06/2025 16:00:00,42.66,03/06/2025 16:00:00,96.94,,,06/06/2025 17:36:00,78.91,03/06/2025 16:00:00,60.55,03/06/2025 16:00:00,86.66,03/06/2025 16:00:00,146.31,03/06/2025 16:00:00,285.52,03/06/2025 16:00:00,295.2,03/06/2025 16:00:00,43.58,03/06/2025 16:00:00,85.51,03/06/2025 16:00:00,346,03/06/2025 16:00:00,217.84,04/06/2025 16:00:00,63.65,03/06/2025 16:00:00,74.33,03/06/2025 16:00:00,27.7,03/06/2025 16:00:00,27.88,03/06/2025 16:00:00,212,03/06/2025 16:00:00,303.1,03/06/2025 16:00:00,48.49,03/06/2025 16:00:00,579.87,03/06/2025 16:00:00,600,03/06/2025 16:00:00,91.71,,,03/06/2025 16:00:00,746.25,03/06/2025 16:00:00,162.42,03/06/2025 16:00:00,66.02,26/06/2025 16:00:00,1.94,03/06/2025 16:00:00,225,03/06/2025 16:00:00,61.24,03/06/2025 16:00:00,108.4,03/06/2025 16:00:00,93.49,03/06/2025 16:00:00,83.14,03/06/2025 16:00:00,1054.15,03/06/2025 16:00:00,89.94,,,03/06/2025 16:00:00,313,03/06/2025 16:00:00,24.82,04/06/2025 16:00:00,121,03/06/2025 16:00:00,188.17,03/06/2025 16:00:00,78.62,03/06/2025 16:00:00,9.97,03/06/2025 16:00:00,27.2,,,04/06/2025 16:00:00,86.63,03/06/2025 16:00:00,39.69,03/06/2025 16:00:00,130.77,04/06/2025 16:00:00,18.27,03/06/2025 16:00:00,183.24,03/06/2025 16:00:00,43.79,03/06/2025 16:00:00,11.96,03/06/2025 16:00:00,128.24,,,03/06/2025 16:00:00,140.94,03/06/2025 16:00:00,19.99,03/06/2025 16:00:00,191.52,04/06/2025 16:00:00,30.11,03/06/2025 16:00:00,10.54,03/06/2025 16:00:00,173.39,03/06/2025 16:00:00,506.6,03/06/2025 16:00:00,225.9,04/06/2025 16:00:00,987,,,,,03/06/2025 16:00:00,57,04/06/2025 16:00:00,104.25,03/06/2025 16:00:00,143.98,04/06/2025 16:00:00,116.79,03/06/2025 16:00:00,111.36,03/06/2025 16:00:00,70.3
04/06/2025 16:00:00,202.91,04/06/2025 16:00:00,103.92,04/06/2025 16:00:00,464,04/06/2025 16:00:00,99.79,04/06/2025 16:00:00,264.9,04/06/2025 16:00:00,139.42,04/06/2025 16:00:00,249.98,04/06/2025 16:00:00,27.96,04/06/2025 16:00:00,168.28,05/06/2025 16:00:00,153.68,04/06/2025 16:00:00,166.69,04/06/2025 16:00:00,23.41,04/06/2025 16:00:00,77.7,04/06/2025 16:00:00,71.26,04/06/2025 16:00:00,182.6,04/06/2025 16:00:00,169.71,04/06/2025 16:00:00,265.92,04/06/2025 16:00:00,77.47,04/06/2025 16:00:00,20.34,04/06/2025 16:00:00,43.91,04/06/2025 16:00:00,132.24,04/06/2025 16:00:00,150,04/06/2025 16:00:00,206.55,04/06/2025 16:00:00,134.41,04/06/2025 16:00:00,33.88,04/06/2025 16:00:00,64.66,04/06/2025 16:00:00,34.74,05/06/2025 16:00:00,312,04/06/2025 16:00:00,113.86,04/06/2025 16:00:00,366.71,04/06/2025 16:00:00,76.5,04/06/2025 16:00:00,44.6,04/06/2025 16:00:00,373.08,05/06/2025 16:00:00,42.28,04/06/2025 16:00:00,98.27,,,09/06/2025 17:36:00,78.45,04/06/2025 16:00:00,60.35,04/06/2025 16:00:00,87.95,04/06/2025 16:00:00,148.91,04/06/2025 16:00:00,290.19,04/06/2025 16:00:00,297.81,04/06/2025 16:00:00,44.48,04/06/2025 16:00:00,85.55,04/06/2025 16:00:00,350.3,04/06/2025 16:00:00,221.85,05/06/2025 16:00:00,63.87,04/06/2025 16:00:00,76.27,04/06/2025 16:00:00,27.98,04/06/2025 16:00:00,27.87,04/06/2025 16:00:00,214.77,04/06/2025 16:00:00,303.54,04/06/2025 16:00:00,48.17,04/06/2025 16:00:00,584.17,04/06/2025 16:00:00,605.48,04/06/2025 16:00:00,90.7,,,04/06/2025 16:00:00,756.39,04/06/2025 16:00:00,161.52,04/06/2025 16:00:00,67.57,27/06/2025 16:00:00,1.94,04/06/2025 16:00:00,227.48,04/06/2025 16:00:00,62.38,04/06/2025 16:00:00,109.52,04/06/2025 16:00:00,95.63,04/06/2025 16:00:00,85.54,04/06/2025 16:00:00,1055,04/06/2025 16:00:00,89.6,,,04/06/2025 16:00:00,315.11,04/06/2025 16:00:00,25.46,05/06/2025 16:00:00,122.38,04/06/2025 16:00:00,193,04/06/2025 16:00:00,79.59,04/06/2025 16:00:00,10.19,04/06/2025 16:00:00,27.85,,,05/06/2025 16:00:00,88.18,04/06/2025 16:00:00,40.51,04/06/2025 16:00:00,132.45,05/06/2025 16:00:00,18.07,04/06/2025 16:00:00,188.91,04/06/2025 16:00:00,43.46,04/06/2025 16:00:00,12.41,04/06/2025 16:00:00,128.22,,,04/06/2025 16:00:00,139.44,04/06/2025 16:00:00,20.25,04/06/2025 16:00:00,196.14,05/06/2025 16:00:00,30.13,04/06/2025 16:00:00,10.18,04/06/2025 16:00:00,176.27,04/06/2025 16:00:00,514.44,04/06/2025 16:00:00,228.67,05/06/2025 16:00:00,989.07,,,,,04/06/2025 16:00:00,56.75,05/06/2025 16:00:00,103.14,04/06/2025 16:00:00,146,05/06/2025 16:00:00,116.31,04/06/2025 16:00:00,112.96,04/06/2025 16:00:00,71.15
05/06/2025 16:00:00,203.5,05/06/2025 16:00:00,102.98,05/06/2025 16:00:00,464.96,05/06/2025 16:00:00,99.3,05/06/2025 16:00:00,265.2,05/06/2025 16:00:00,138.15,05/06/2025 16:00:00,252.48,05/06/2025 16:00:00,27.43,05/06/2025 16:00:00,171.62,06/06/2025 16:00:00,154,05/06/2025 16:00:00,165.43,05/06/2025 16:00:00,23.44,05/06/2025 16:00:00,75.61,05/06/2025 16:00:00,71.38,05/06/2025 16:00:00,181.16,05/06/2025 16:00:00,169,05/06/2025 16:00:00,264.74,05/06/2025 16:00:00,78.41,05/06/2025 16:00:00,20.27,05/06/2025 16:00:00,43.35,05/06/2025 16:00:00,131.2,05/06/2025 16:00:00,148.8,05/06/2025 16:00:00,209.55,05/06/2025 16:00:00,133.39,05/06/2025 16:00:00,33.46,05/06/2025 16:00:00,64.48,05/06/2025 16:00:00,34.5,06/06/2025 16:00:00,307.15,05/06/2025 16:00:00,113.73,05/06/2025 16:00:00,370,05/06/2025 16:00:00,76.61,05/06/2025 16:00:00,44.45,05/06/2025 16:00:00,370.99,06/06/2025 16:00:00,42.13,05/06/2025 16:00:00,98.74,,,10/06/2025 17:36:00,76.87,05/06/2025 16:00:00,59.42,05/06/2025 16:00:00,86.84,05/06/2025 16:00:00,147.04,05/06/2025 16:00:00,286.33,05/06/2025 16:00:00,296.5,05/06/2025 16:00:00,44.15,05/06/2025 16:00:00,85.35,05/06/2025 16:00:00,351,05/06/2025 16:00:00,220.95,06/06/2025 16:00:00,63.46,05/06/2025 16:00:00,77.25,05/06/2025 16:00:00,28.23,05/06/2025 16:00:00,27.93,05/06/2025 16:00:00,212.5,05/06/2025 16:00:00,300.38,05/06/2025 16:00:00,48.05,05/06/2025 16:00:00,586.31,05/06/2025 16:00:00,600,05/06/2025 16:00:00,90.23,,,05/06/2025 16:00:00,769.5,05/06/2025 16:00:00,161.62,05/06/2025 16:00:00,68.45,30/06/2025 16:00:00,1.96,05/06/2025 16:00:00,227.47,05/06/2025 16:00:00,62.94,05/06/2025 16:00:00,108.97,05/06/2025 16:00:00,94.24,05/06/2025 16:00:00,85.85,05/06/2025 16:00:00,1050,05/06/2025 16:00:00,89.3,,,05/06/2025 16:00:00,317.3,05/06/2025 16:00:00,25.18,06/06/2025 16:00:00,124.07,05/06/2025 16:00:00,193.9,05/06/2025 16:00:00,78.91,05/06/2025 16:00:00,10.2,05/06/2025 16:00:00,28.51,,,06/06/2025 16:00:00,88.4,05/06/2025 16:00:00,41.98,05/06/2025 16:00:00,131.87,06/06/2025 16:00:00,18.22,05/06/2025 16:00:00,192.91,05/06/2025 16:00:00,42.75,05/06/2025 16:00:00,12.3,05/06/2025 16:00:00,128.06,,,05/06/2025 16:00:00,136.75,05/06/2025 16:00:00,20.19,05/06/2025 16:00:00,193.18,06/06/2025 16:00:00,30.52,05/06/2025 16:00:00,10.3,05/06/2025 16:00:00,174.7,05/06/2025 16:00:00,510.1,05/06/2025 16:00:00,228.92,06/06/2025 16:00:00,993.73,,,,,05/06/2025 16:00:00,56.12,06/06/2025 16:00:00,103.04,05/06/2025 16:00:00,144.13,06/06/2025 16:00:00,115.58,05/06/2025 16:00:00,111.92,05/06/2025 16:00:00,70.3
06/06/2025 16:00:00,203,06/06/2025 16:00:00,102.76,06/06/2025 16:00:00,470.09,06/06/2025 16:00:00,98.37,06/06/2025 16:00:00,267.99,06/06/2025 16:00:00,138.09,06/06/2025 16:00:00,253,06/06/2025 16:00:00,27.77,06/06/2025 16:00:00,172.3,09/06/2025 16:00:00,154.85,06/06/2025 16:00:00,163.29,06/06/2025 16:00:00,23.27,06/06/2025 16:00:00,76.15,06/06/2025 16:00:00,71.08,06/06/2025 16:00:00,181.67,06/06/2025 16:00:00,174,06/06/2025 16:00:00,264.33,06/06/2025 16:00:00,78.3,06/06/2025 16:00:00,20.17,06/06/2025 16:00:00,43.4,06/06/2025 16:00:00,130.25,06/06/2025 16:00:00,149.8,06/06/2025 16:00:00,212.4,06/06/2025 16:00:00,134.79,06/06/2025 16:00:00,33.49,06/06/2025 16:00:00,65.32,06/06/2025 16:00:00,34.5,09/06/2025 16:00:00,303.84,06/06/2025 16:00:00,113.36,06/06/2025 16:00:00,369.01,06/06/2025 16:00:00,77.71,06/06/2025 16:00:00,44.69,06/06/2025 16:00:00,371.51,09/06/2025 16:00:00,42.87,06/06/2025 16:00:00,97.93,,,11/06/2025 17:36:00,76.74,06/06/2025 16:00:00,59.35,06/06/2025 16:00:00,86.75,06/06/2025 16:00:00,148,06/06/2025 16:00:00,289.8,06/06/2025 16:00:00,300.29,06/06/2025 16:00:00,44.41,06/06/2025 16:00:00,86.25,06/06/2025 16:00:00,353.57,06/06/2025 16:00:00,222.97,09/06/2025 16:00:00,63.88,06/06/2025 16:00:00,78.11,06/06/2025 16:00:00,28.31,06/06/2025 16:00:00,28.07,06/06/2025 16:00:00,210.24,06/06/2025 16:00:00,297.23,06/06/2025 16:00:00,48.1,06/06/2025 16:00:00,587.91,06/06/2025 16:00:00,613,06/06/2025 16:00:00,90.28,,,06/06/2025 16:00:00,768.48,06/06/2025 16:00:00,162.18,06/06/2025 16:00:00,68.03,02/07/2025 16:00:00,1.95,06/06/2025 16:00:00,228.75,06/06/2025 16:00:00,62.67,06/06/2025 16:00:00,111.69,06/06/2025 16:00:00,94.52,06/06/2025 16:00:00,87.29,06/06/2025 16:00:00,1020.63,06/06/2025 16:00:00,88.54,,,06/06/2025 16:00:00,318.42,06/06/2025 16:00:00,25,09/06/2025 16:00:00,124.36,06/06/2025 16:00:00,194.34,06/06/2025 16:00:00,79.7,06/06/2025 16:00:00,10.16,06/06/2025 16:00:00,28.35,,,09/06/2025 16:00:00,89.08,06/06/2025 16:00:00,42.01,06/06/2025 16:00:00,131.55,09/06/2025 16:00:00,18.58,06/06/2025 16:00:00,193.69,06/06/2025 16:00:00,42.95,06/06/2025 16:00:00,12.46,06/06/2025 16:00:00,127.94,,,06/06/2025 16:00:00,134.16,06/06/2025 16:00:00,20.24,06/06/2025 16:00:00,194.94,09/06/2025 16:00:00,30.5,06/06/2025 16:00:00,10.13,06/06/2025 16:00:00,177.63,06/06/2025 16:00:00,519.63,06/06/2025 16:00:00,228.81,09/06/2025 16:00:00,992.5,,,,,06/06/2025 16:00:00,56.38,09/06/2025 16:00:00,103.2,06/06/2025 16:00:00,142.96,09/06/2025 16:00:00,114.71,06/06/2025 16:00:00,112.69,06/06/2025 16:00:00,71.62
09/06/2025 16:00:00,204.39,09/06/2025 16:00:00,104.33,09/06/2025 16:00:00,469.7,09/06/2025 16:00:00,97.4,09/06/2025 16:00:00,268.1,09/06/2025 16:00:00,140.55,09/06/2025 16:00:00,253.9,09/06/2025 16:00:00,27.83,09/06/2025 16:00:00,175.87,10/06/2025 16:00:00,155.43,09/06/2025 16:00:00,163.39,09/06/2025 16:00:00,23.44,09/06/2025 16:00:00,76.55,09/06/2025 16:00:00,71.35,09/06/2025 16:00:00,181.22,09/06/2025 16:00:00,174.86,09/06/2025 16:00:00,266,09/06/2025 16:00:00,79.61,09/06/2025 16:00:00,20.22,09/06/2025 16:00:00,43.65,09/06/2025 16:00:00,129.83,09/06/2025 16:00:00,151.81,09/06/2025 16:00:00,214.75,09/06/2025 16:00:00,133.02,09/06/2025 16:00:00,34.12,09/06/2025 16:00:00,66.11,09/06/2025 16:00:00,34.7,10/06/2025 16:00:00,300.01,09/06/2025 16:00:00,113.98,09/06/2025 16:00:00,369.79,09/06/2025 16:00:00,78.6,09/06/2025 16:00:00,45.11,09/06/2025 16:00:00,367.01,10/06/2025 16:00:00,43.44,09/06/2025 16:00:00,98.5,,,12/06/2025 17:36:00,76.45,09/06/2025 16:00:00,59.2,09/06/2025 16:00:00,87.72,09/06/2025 16:00:00,145.55,09/06/2025 16:00:00,290.47,09/06/2025 16:00:00,303.38,09/06/2025 16:00:00,44.83,09/06/2025 16:00:00,86.93,09/06/2025 16:00:00,353.93,09/06/2025 16:00:00,223.99,10/06/2025 16:00:00,63.8,09/06/2025 16:00:00,78.31,09/06/2025 16:00:00,28.5,09/06/2025 16:00:00,27.78,09/06/2025 16:00:00,211.23,09/06/2025 16:00:00,305.04,09/06/2025 16:00:00,48.56,09/06/2025 16:00:00,589.14,09/06/2025 16:00:00,615.38,09/06/2025 16:00:00,89.71,,,09/06/2025 16:00:00,771.95,09/06/2025 16:00:00,159.87,09/06/2025 16:00:00,68.9,03/07/2025 16:00:00,1.95,09/06/2025 16:00:00,228.69,09/06/2025 16:00:00,63.3,09/06/2025 16:00:00,112.6,09/06/2025 16:00:00,98.26,09/06/2025 16:00:00,87.4,09/06/2025 16:00:00,1012.42,09/06/2025 16:00:00,87.97,,,09/06/2025 16:00:00,317.65,09/06/2025 16:00:00,25.5,10/06/2025 16:00:00,125.75,09/06/2025 16:00:00,197.05,09/06/2025 16:00:00,80.13,09/06/2025 16:00:00,10.29,09/06/2025 16:00:00,28.79,,,10/06/2025 16:00:00,89.9,09/06/2025 16:00:00,41.98,09/06/2025 16:00:00,134.06,10/06/2025 16:00:00,18.83,09/06/2025 16:00:00,193.74,09/06/2025 16:00:00,42.4,09/06/2025 16:00:00,12.75,09/06/2025 16:00:00,128.01,,,09/06/2025 16:00:00,133.55,09/06/2025 16:00:00,20.68,09/06/2025 16:00:00,199.51,10/06/2025 16:00:00,31.19,09/06/2025 16:00:00,9.91,09/06/2025 16:00:00,178.92,09/06/2025 16:00:00,521,09/06/2025 16:00:00,225.69,10/06/2025 16:00:00,987.5,,,,,09/06/2025 16:00:00,55.76,10/06/2025 16:00:00,102.34,09/06/2025 16:00:00,143.95,10/06/2025 16:00:00,115.59,09/06/2025 16:00:00,114.29,09/06/2025 16:00:00,72.15
10/06/2025 16:00:00,200.6,10/06/2025 16:00:00,106.08,10/06/2025 16:00:00,471.19,10/06/2025 16:00:00,97.29,10/06/2025 16:00:00,273.19,10/06/2025 16:00:00,142.22,10/06/2025 16:00:00,250.78,10/06/2025 16:00:00,27.91,10/06/2025 16:00:00,177.76,11/06/2025 16:00:00,156.3,10/06/2025 16:00:00,162.69,10/06/2025 16:00:00,23.97,10/06/2025 16:00:00,76.16,10/06/2025 16:00:00,71.9,10/06/2025 16:00:00,180.59,10/06/2025 16:00:00,177.71,10/06/2025 16:00:00,265.88,10/06/2025 16:00:00,79.34,10/06/2025 16:00:00,20.5,10/06/2025 16:00:00,43.65,10/06/2025 16:00:00,130.2,10/06/2025 16:00:00,156.19,10/06/2025 16:00:00,216.78,10/06/2025 16:00:00,133.56,10/06/2025 16:00:00,34.54,10/06/2025 16:00:00,66.01,10/06/2025 16:00:00,34.64,11/06/2025 16:00:00,300.2,10/06/2025 16:00:00,115.53,10/06/2025 16:00:00,367,10/06/2025 16:00:00,77.83,10/06/2025 16:00:00,44.8,10/06/2025 16:00:00,365.94,11/06/2025 16:00:00,44.37,10/06/2025 16:00:00,99.66,,,13/06/2025 17:36:00,79.63,10/06/2025 16:00:00,59.08,10/06/2025 16:00:00,89.33,10/06/2025 16:00:00,144.24,10/06/2025 16:00:00,290,10/06/2025 16:00:00,301.7,10/06/2025 16:00:00,44.99,10/06/2025 16:00:00,84.73,10/06/2025 16:00:00,359.44,10/06/2025 16:00:00,224.5,11/06/2025 16:00:00,64.27,10/06/2025 16:00:00,79.33,10/06/2025 16:00:00,28.66,10/06/2025 16:00:00,27.76,10/06/2025 16:00:00,217.58,10/06/2025 16:00:00,303.8,10/06/2025 16:00:00,49.21,10/06/2025 16:00:00,584.65,10/06/2025 16:00:00,613,10/06/2025 16:00:00,91.18,,,10/06/2025 16:00:00,777.09,10/06/2025 16:00:00,160,10/06/2025 16:00:00,68.87,04/07/2025 16:00:00,0.21,10/06/2025 16:00:00,227.12,10/06/2025 16:00:00,62.38,10/06/2025 16:00:00,109.89,10/06/2025 16:00:00,97.72,10/06/2025 16:00:00,87.72,10/06/2025 16:00:00,1006.93,10/06/2025 16:00:00,88.67,,,10/06/2025 16:00:00,317.57,10/06/2025 16:00:00,25.19,11/06/2025 16:00:00,126.45,10/06/2025 16:00:00,200.77,10/06/2025 16:00:00,79.51,10/06/2025 16:00:00,10.38,10/06/2025 16:00:00,29.68,,,11/06/2025 16:00:00,92.11,10/06/2025 16:00:00,42.43,10/06/2025 16:00:00,134.25,11/06/2025 16:00:00,19.5,10/06/2025 16:00:00,199.98,10/06/2025 16:00:00,42.28,10/06/2025 16:00:00,13,10/06/2025 16:00:00,125.7,,,10/06/2025 16:00:00,132.51,10/06/2025 16:00:00,21.2,10/06/2025 16:00:00,199.28,11/06/2025 16:00:00,31.72,10/06/2025 16:00:00,10.04,10/06/2025 16:00:00,178.49,10/06/2025 16:00:00,519.93,10/06/2025 16:00:00,224.05,11/06/2025 16:00:00,995.3,,,,,10/06/2025 16:00:00,55.65,11/06/2025 16:00:00,102.21,10/06/2025 16:00:00,145.15,11/06/2025 16:00:00,116.28,10/06/2025 16:00:00,116.34,10/06/2025 16:00:00,72.3
11/06/2025 16:00:00,203.5,11/06/2025 16:00:00,107.76,11/06/2025 16:00:00,470.02,11/06/2025 16:00:00,97.29,11/06/2025 16:00:00,276.7,11/06/2025 16:00:00,144.19,11/06/2025 16:00:00,242.64,11/06/2025 16:00:00,28.48,11/06/2025 16:00:00,181.23,12/06/2025 16:00:00,156.24,11/06/2025 16:00:00,162.63,11/06/2025 16:00:00,24.33,11/06/2025 16:00:00,75.54,11/06/2025 16:00:00,72.27,11/06/2025 16:00:00,179.11,11/06/2025 16:00:00,177.55,11/06/2025 16:00:00,268.68,11/06/2025 16:00:00,81.35,11/06/2025 16:00:00,21.78,11/06/2025 16:00:00,44.19,11/06/2025 16:00:00,131.94,11/06/2025 16:00:00,160,11/06/2025 16:00:00,217.41,11/06/2025 16:00:00,134.1,11/06/2025 16:00:00,35.65,11/06/2025 16:00:00,65.11,11/06/2025 16:00:00,35.66,12/06/2025 16:00:00,301.67,11/06/2025 16:00:00,118.38,11/06/2025 16:00:00,370,11/06/2025 16:00:00,78.2,11/06/2025 16:00:00,45.2,11/06/2025 16:00:00,369.14,12/06/2025 16:00:00,44.47,11/06/2025 16:00:00,102.61,,,16/06/2025 17:36:00,77.96,11/06/2025 16:00:00,58.56,11/06/2025 16:00:00,91.82,11/06/2025 16:00:00,145.04,11/06/2025 16:00:00,293.21,11/06/2025 16:00:00,300.18,11/06/2025 16:00:00,45.08,11/06/2025 16:00:00,84.54,11/06/2025 16:00:00,360.94,11/06/2025 16:00:00,227.02,12/06/2025 16:00:00,65.73,11/06/2025 16:00:00,78.63,11/06/2025 16:00:00,28.85,11/06/2025 16:00:00,28.01,11/06/2025 16:00:00,215.5,11/06/2025 16:00:00,302.68,11/06/2025 16:00:00,50.05,11/06/2025 16:00:00,590.32,11/06/2025 16:00:00,617.18,11/06/2025 16:00:00,91.86,,,11/06/2025 16:00:00,809.65,11/06/2025 16:00:00,161.42,11/06/2025 16:00:00,70.38,07/07/2025 16:00:00,0.37,11/06/2025 16:00:00,225.92,11/06/2025 16:00:00,64.4,11/06/2025 16:00:00,109.82,11/06/2025 16:00:00,100.82,11/06/2025 16:00:00,87.93,11/06/2025 16:00:00,1002.44,11/06/2025 16:00:00,89.21,,,11/06/2025 16:00:00,320.92,11/06/2025 16:00:00,25.46,12/06/2025 16:00:00,125.44,11/06/2025 16:00:00,203.07,11/06/2025 16:00:00,79.45,11/06/2025 16:00:00,10.64,11/06/2025 16:00:00,31.06,,,12/06/2025 16:00:00,94.68,11/06/2025 16:00:00,41.39,11/06/2025 16:00:00,135.9,12/06/2025 16:00:00,19.32,11/06/2025 16:00:00,203.31,11/06/2025 16:00:00,42.77,11/06/2025 16:00:00,13.35,11/06/2025 16:00:00,126.21,,,11/06/2025 16:00:00,133.01,11/06/2025 16:00:00,21.89,11/06/2025 16:00:00,202,12/06/2025 16:00:00,31.24,11/06/2025 16:00:00,10.05,11/06/2025 16:00:00,179.82,11/06/2025 16:00:00,518.21,11/06/2025 16:00:00,226.64,12/06/2025 16:00:00,989.91,,,,,11/06/2025 16:00:00,55.48,12/06/2025 16:00:00,100.53,11/06/2025 16:00:00,143.92,12/06/2025 16:00:00,116.78,11/06/2025 16:00:00,118.95,11/06/2025 16:00:00,72.83
12/06/2025 16:00:00,199.08,12/06/2025 16:00:00,108.92,12/06/2025 16:00:00,475.02,12/06/2025 16:00:00,94.89,12/06/2025 16:00:00,281.53,12/06/2025 16:00:00,144.5,12/06/2025 16:00:00,240,12/06/2025 16:00:00,28.47,12/06/2025 16:00:00,177.48,13/06/2025 16:00:00,155.97,12/06/2025 16:00:00,161.97,12/06/2025 16:00:00,24.53,12/06/2025 16:00:00,74.33,12/06/2025 16:00:00,72.25,12/06/2025 16:00:00,183.82,12/06/2025 16:00:00,189.96,12/06/2025 16:00:00,266.86,12/06/2025 16:00:00,80.19,12/06/2025 16:00:00,20.5,12/06/2025 16:00:00,43.88,12/06/2025 16:00:00,129.89,12/06/2025 16:00:00,159,12/06/2025 16:00:00,211.78,12/06/2025 16:00:00,135.54,12/06/2025 16:00:00,35.25,12/06/2025 16:00:00,64.32,12/06/2025 16:00:00,35.18,13/06/2025 16:00:00,301.81,12/06/2025 16:00:00,118.87,12/06/2025 16:00:00,372.23,12/06/2025 16:00:00,77.8,12/06/2025 16:00:00,44.4,12/06/2025 16:00:00,360.81,13/06/2025 16:00:00,46.56,12/06/2025 16:00:00,101.06,,,17/06/2025 17:36:00,77.73,12/06/2025 16:00:00,60.11,12/06/2025 16:00:00,92.7,12/06/2025 16:00:00,146.42,12/06/2025 16:00:00,294.21,12/06/2025 16:00:00,296.67,12/06/2025 16:00:00,44.01,12/06/2025 16:00:00,83.73,12/06/2025 16:00:00,359.85,12/06/2025 16:00:00,224.57,13/06/2025 16:00:00,66.17,12/06/2025 16:00:00,78.08,12/06/2025 16:00:00,28.59,12/06/2025 16:00:00,27.74,12/06/2025 16:00:00,202.17,12/06/2025 16:00:00,311.4,12/06/2025 16:00:00,50.16,12/06/2025 16:00:00,589.43,12/06/2025 16:00:00,621,12/06/2025 16:00:00,92.18,,,12/06/2025 16:00:00,810.33,12/06/2025 16:00:00,159.32,12/06/2025 16:00:00,68.86,08/07/2025 16:00:00,0.33,12/06/2025 16:00:00,225.03,12/06/2025 16:00:00,62.74,12/06/2025 16:00:00,110.59,12/06/2025 16:00:00,97.65,12/06/2025 16:00:00,88.03,12/06/2025 16:00:00,999,12/06/2025 16:00:00,89.85,,,12/06/2025 16:00:00,317.5,12/06/2025 16:00:00,24.75,13/06/2025 16:00:00,125.91,12/06/2025 16:00:00,203.54,12/06/2025 16:00:00,78.08,12/06/2025 16:00:00,10.58,12/06/2025 16:00:00,30.21,,,13/06/2025 16:00:00,93.5,12/06/2025 16:00:00,40.4,12/06/2025 16:00:00,132.93,13/06/2025 16:00:00,20.89,12/06/2025 16:00:00,198.25,12/06/2025 16:00:00,43.03,12/06/2025 16:00:00,13.23,12/06/2025 16:00:00,124.47,,,12/06/2025 16:00:00,133.24,12/06/2025 16:00:00,22.02,12/06/2025 16:00:00,198.5,13/06/2025 16:00:00,30.95,12/06/2025 16:00:00,9.77,12/06/2025 16:00:00,177.27,12/06/2025 16:00:00,518.5,12/06/2025 16:00:00,221.6,13/06/2025 16:00:00,980.32,,,,,12/06/2025 16:00:00,55.58,13/06/2025 16:00:00,102.25,12/06/2025 16:00:00,143.21,13/06/2025 16:00:00,117.5,12/06/2025 16:00:00,119.26,12/06/2025 16:00:00,73.42
13/06/2025 16:00:00,199.73,13/06/2025 16:00:00,112.35,13/06/2025 16:00:00,476.41,13/06/2025 16:00:00,94.52,13/06/2025 16:00:00,278.21,13/06/2025 16:00:00,147.08,13/06/2025 16:00:00,235,13/06/2025 16:00:00,28.23,13/06/2025 16:00:00,173.58,16/06/2025 16:00:00,156.42,13/06/2025 16:00:00,162.76,13/06/2025 16:00:00,24.79,13/06/2025 16:00:00,72.92,13/06/2025 16:00:00,71.77,13/06/2025 16:00:00,184.02,13/06/2025 16:00:00,201.58,13/06/2025 16:00:00,265.08,13/06/2025 16:00:00,81.65,13/06/2025 16:00:00,20.33,13/06/2025 16:00:00,42.99,13/06/2025 16:00:00,131.76,13/06/2025 16:00:00,156.34,13/06/2025 16:00:00,209.96,13/06/2025 16:00:00,135.78,13/06/2025 16:00:00,36.21,13/06/2025 16:00:00,64.59,13/06/2025 16:00:00,35.26,16/06/2025 16:00:00,303.14,13/06/2025 16:00:00,117.31,13/06/2025 16:00:00,361.51,13/06/2025 16:00:00,77.04,13/06/2025 16:00:00,44,13/06/2025 16:00:00,360,16/06/2025 16:00:00,46.09,13/06/2025 16:00:00,100.39,,,18/06/2025 17:36:00,78.51,13/06/2025 16:00:00,60.2,13/06/2025 16:00:00,96.53,13/06/2025 16:00:00,143.13,13/06/2025 16:00:00,294.73,13/06/2025 16:00:00,292.55,13/06/2025 16:00:00,43.7,13/06/2025 16:00:00,85,13/06/2025 16:00:00,357.23,13/06/2025 16:00:00,223.68,16/06/2025 16:00:00,67.55,13/06/2025 16:00:00,76.95,13/06/2025 16:00:00,28.18,13/06/2025 16:00:00,27.47,13/06/2025 16:00:00,200.68,13/06/2025 16:00:00,315.9,13/06/2025 16:00:00,50.24,13/06/2025 16:00:00,572.86,13/06/2025 16:00:00,616.05,13/06/2025 16:00:00,92.87,,,13/06/2025 16:00:00,810.34,13/06/2025 16:00:00,157.48,13/06/2025 16:00:00,67.26,09/07/2025 16:00:00,0.33,13/06/2025 16:00:00,224.9,13/06/2025 16:00:00,61.75,13/06/2025 16:00:00,110.51,13/06/2025 16:00:00,98,13/06/2025 16:00:00,88.21,13/06/2025 16:00:00,999.08,13/06/2025 16:00:00,90.76,,,13/06/2025 16:00:00,314.32,13/06/2025 16:00:00,24.4,16/06/2025 16:00:00,127.26,13/06/2025 16:00:00,203.55,13/06/2025 16:00:00,77.97,13/06/2025 16:00:00,10.47,13/06/2025 16:00:00,29.92,,,16/06/2025 16:00:00,93.98,13/06/2025 16:00:00,40.18,13/06/2025 16:00:00,130.87,16/06/2025 16:00:00,20.63,13/06/2025 16:00:00,196.09,13/06/2025 16:00:00,43.57,13/06/2025 16:00:00,13.58,13/06/2025 16:00:00,123.5,,,13/06/2025 16:00:00,133.76,13/06/2025 16:00:00,22.52,13/06/2025 16:00:00,194.11,16/06/2025 16:00:00,30.75,13/06/2025 16:00:00,9.64,13/06/2025 16:00:00,175.58,13/06/2025 16:00:00,513,13/06/2025 16:00:00,221.25,16/06/2025 16:00:00,986.59,,,,,13/06/2025 16:00:00,55.93,16/06/2025 16:00:00,102.77,13/06/2025 16:00:00,143.57,16/06/2025 16:00:00,117.25,13/06/2025 16:00:00,125.24,13/06/2025 16:00:00,73.79
16/06/2025 16:00:00,197.3,16/06/2025 16:00:00,111.82,16/06/2025 16:00:00,475.21,16/06/2025 16:00:00,94.75,16/06/2025 16:00:00,279.31,16/06/2025 16:00:00,145.73,16/06/2025 16:00:00,237.6,16/06/2025 16:00:00,28.15,16/06/2025 16:00:00,175.91,17/06/2025 16:00:00,154.97,16/06/2025 16:00:00,160.88,16/06/2025 16:00:00,24.5,16/06/2025 16:00:00,73.4,16/06/2025 16:00:00,71.2,16/06/2025 16:00:00,183.91,16/06/2025 16:00:00,213.2,16/06/2025 16:00:00,267,16/06/2025 16:00:00,80.88,16/06/2025 16:00:00,20.41,16/06/2025 16:00:00,42.96,16/06/2025 16:00:00,131.31,16/06/2025 16:00:00,157.03,16/06/2025 16:00:00,212.31,16/06/2025 16:00:00,135.56,16/06/2025 16:00:00,36.14,16/06/2025 16:00:00,65.19,16/06/2025 16:00:00,35.18,17/06/2025 16:00:00,296,16/06/2025 16:00:00,118.02,16/06/2025 16:00:00,356.49,16/06/2025 16:00:00,77.13,16/06/2025 16:00:00,44.64,16/06/2025 16:00:00,355.88,17/06/2025 16:00:00,45.98,16/06/2025 16:00:00,100.92,,,20/06/2025 17:36:00,77.55,16/06/2025 16:00:00,58.62,16/06/2025 16:00:00,96.12,16/06/2025 16:00:00,143.68,16/06/2025 16:00:00,296.31,16/06/2025 16:00:00,290.93,16/06/2025 16:00:00,43.56,16/06/2025 16:00:00,85.32,16/06/2025 16:00:00,361,16/06/2025 16:00:00,224.04,17/06/2025 16:00:00,67.73,16/06/2025 16:00:00,77.81,16/06/2025 16:00:00,28.73,16/06/2025 16:00:00,27.58,16/06/2025 16:00:00,200.57,16/06/2025 16:00:00,313,16/06/2025 16:00:00,49.33,16/06/2025 16:00:00,563.9,16/06/2025 16:00:00,619,16/06/2025 16:00:00,90.7,,,16/06/2025 16:00:00,821.68,16/06/2025 16:00:00,158.17,16/06/2025 16:00:00,67.72,10/07/2025 16:00:00,0.31,16/06/2025 16:00:00,225.57,16/06/2025 16:00:00,61.38,16/06/2025 16:00:00,110.17,16/06/2025 16:00:00,96.19,16/06/2025 16:00:00,88.21,16/06/2025 16:00:00,992.33,16/06/2025 16:00:00,90.56,,,16/06/2025 16:00:00,314.33,16/06/2025 16:00:00,24.05,17/06/2025 16:00:00,128.13,16/06/2025 16:00:00,201.95,16/06/2025 16:00:00,77.95,16/06/2025 16:00:00,10.5,16/06/2025 16:00:00,30.34,,,17/06/2025 16:00:00,93.16,16/06/2025 16:00:00,41.62,16/06/2025 16:00:00,131.49,17/06/2025 16:00:00,20.72,16/06/2025 16:00:00,197.28,16/06/2025 16:00:00,43.25,16/06/2025 16:00:00,13.66,16/06/2025 16:00:00,124.56,,,16/06/2025 16:00:00,131.09,16/06/2025 16:00:00,23.2,16/06/2025 16:00:00,195.01,17/06/2025 16:00:00,30.46,16/06/2025 16:00:00,9.46,16/06/2025 16:00:00,175.21,16/06/2025 16:00:00,515.28,16/06/2025 16:00:00,218.36,17/06/2025 16:00:00,975.85,,,,,16/06/2025 16:00:00,55.73,17/06/2025 16:00:00,102.68,16/06/2025 16:00:00,144,17/06/2025 16:00:00,115.62,16/06/2025 16:00:00,123.39,16/06/2025 16:00:00,75.2
17/06/2025 16:00:00,197.2,17/06/2025 16:00:00,113.95,17/06/2025 16:00:00,475.4,17/06/2025 16:00:00,93.95,17/06/2025 16:00:00,281.15,17/06/2025 16:00:00,147.33,17/06/2025 16:00:00,236.73,17/06/2025 16:00:00,27.85,17/06/2025 16:00:00,177,18/06/2025 16:00:00,152.57,17/06/2025 16:00:00,160.06,17/06/2025 16:00:00,24.27,17/06/2025 16:00:00,72.78,17/06/2025 16:00:00,70.38,17/06/2025 16:00:00,182.62,17/06/2025 16:00:00,210.66,17/06/2025 16:00:00,268.17,17/06/2025 16:00:00,80.28,17/06/2025 16:00:00,20.63,17/06/2025 16:00:00,42.8,17/06/2025 16:00:00,131.16,17/06/2025 16:00:00,156.65,17/06/2025 16:00:00,215.2,17/06/2025 16:00:00,133.7,17/06/2025 16:00:00,36.22,17/06/2025 16:00:00,65.64,17/06/2025 16:00:00,34.96,18/06/2025 16:00:00,293,17/06/2025 16:00:00,118.99,17/06/2025 16:00:00,353.49,17/06/2025 16:00:00,77.5,17/06/2025 16:00:00,44.27,17/06/2025 16:00:00,351.94,18/06/2025 16:00:00,46.26,17/06/2025 16:00:00,100.54,,,23/06/2025 17:36:00,78,17/06/2025 16:00:00,58.81,17/06/2025 16:00:00,95.93,17/06/2025 16:00:00,144.06,17/06/2025 16:00:00,294.41,17/06/2025 16:00:00,292.09,17/06/2025 16:00:00,42.97,17/06/2025 16:00:00,85.11,17/06/2025 16:00:00,360.72,17/06/2025 16:00:00,223.77,18/06/2025 16:00:00,66.85,17/06/2025 16:00:00,77.44,17/06/2025 16:00:00,28.38,17/06/2025 16:00:00,28.19,17/06/2025 16:00:00,201.31,17/06/2025 16:00:00,307.45,17/06/2025 16:00:00,48.4,17/06/2025 16:00:00,564.72,17/06/2025 16:00:00,624.7,17/06/2025 16:00:00,90.28,,,17/06/2025 16:00:00,805.16,17/06/2025 16:00:00,157.77,17/06/2025 16:00:00,67.55,11/07/2025 16:00:00,0.31,17/06/2025 16:00:00,223.6,17/06/2025 16:00:00,61.3,17/06/2025 16:00:00,110.29,17/06/2025 16:00:00,96.67,17/06/2025 16:00:00,88.11,17/06/2025 16:00:00,983,17/06/2025 16:00:00,88.95,,,17/06/2025 16:00:00,312.97,17/06/2025 16:00:00,24.36,18/06/2025 16:00:00,127.17,17/06/2025 16:00:00,199,17/06/2025 16:00:00,78.15,17/06/2025 16:00:00,10.59,17/06/2025 16:00:00,30.45,,,18/06/2025 16:00:00,91.88,17/06/2025 16:00:00,41.74,17/06/2025 16:00:00,130.27,18/06/2025 16:00:00,20.76,17/06/2025 16:00:00,198,17/06/2025 16:00:00,42.75,17/06/2025 16:00:00,13.83,17/06/2025 16:00:00,123.47,,,17/06/2025 16:00:00,130.3,17/06/2025 16:00:00,23.28,17/06/2025 16:00:00,195.9,18/06/2025 16:00:00,29.87,17/06/2025 16:00:00,9.23,17/06/2025 16:00:00,173.54,17/06/2025 16:00:00,522.89,17/06/2025 16:00:00,215.05,18/06/2025 16:00:00,970.81,,,,,17/06/2025 16:00:00,54.61,18/06/2025 16:00:00,102.25,17/06/2025 16:00:00,141.3,18/06/2025 16:00:00,114.9,17/06/2025 16:00:00,124.59,17/06/2025 16:00:00,73.33
18/06/2025 16:00:00,195.94,18/06/2025 16:00:00,114.61,18/06/2025 16:00:00,478,18/06/2025 16:00:00,94.57,18/06/2025 16:00:00,285,18/06/2025 16:00:00,149.44,18/06/2025 16:00:00,235.96,18/06/2025 16:00:00,27.76,18/06/2025 16:00:00,177.28,20/06/2025 16:00:00,151.26,18/06/2025 16:00:00,158.55,18/06/2025 16:00:00,23.96,18/06/2025 16:00:00,72.65,18/06/2025 16:00:00,70,18/06/2025 16:00:00,183.82,18/06/2025 16:00:00,211.09,18/06/2025 16:00:00,270,18/06/2025 16:00:00,78.05,18/06/2025 16:00:00,20.81,18/06/2025 16:00:00,41.95,18/06/2025 16:00:00,129.63,18/06/2025 16:00:00,155,18/06/2025 16:00:00,215.09,18/06/2025 16:00:00,132.95,18/06/2025 16:00:00,36.1,18/06/2025 16:00:00,65.69,18/06/2025 16:00:00,34.55,20/06/2025 16:00:00,289.76,18/06/2025 16:00:00,117.88,18/06/2025 16:00:00,357.85,18/06/2025 16:00:00,77.4,18/06/2025 16:00:00,44.26,18/06/2025 16:00:00,350.08,20/06/2025 16:00:00,45.58,18/06/2025 16:00:00,99.62,,,24/06/2025 17:36:00,78.3,18/06/2025 16:00:00,58.93,18/06/2025 16:00:00,95.52,18/06/2025 16:00:00,142.13,18/06/2025 16:00:00,290.79,18/06/2025 16:00:00,292.08,18/06/2025 16:00:00,42.56,18/06/2025 16:00:00,84.19,18/06/2025 16:00:00,357.13,18/06/2025 16:00:00,220.98,20/06/2025 16:00:00,66.98,18/06/2025 16:00:00,77.48,18/06/2025 16:00:00,28.24,18/06/2025 16:00:00,27.73,18/06/2025 16:00:00,199,18/06/2025 16:00:00,307.55,18/06/2025 16:00:00,47.31,18/06/2025 16:00:00,570.88,18/06/2025 16:00:00,624.51,18/06/2025 16:00:00,88.75,,,18/06/2025 16:00:00,789.95,18/06/2025 16:00:00,157.13,18/06/2025 16:00:00,67.17,14/07/2025 16:00:00,0.28,18/06/2025 16:00:00,222.16,18/06/2025 16:00:00,60,18/06/2025 16:00:00,108.61,18/06/2025 16:00:00,95.22,18/06/2025 16:00:00,86.31,18/06/2025 16:00:00,980,18/06/2025 16:00:00,88.54,,,18/06/2025 16:00:00,314.2,18/06/2025 16:00:00,24.28,20/06/2025 16:00:00,129.45,18/06/2025 16:00:00,195.4,18/06/2025 16:00:00,77.93,18/06/2025 16:00:00,10.43,18/06/2025 16:00:00,29.34,,,20/06/2025 16:00:00,93.08,18/06/2025 16:00:00,41.37,18/06/2025 16:00:00,127.06,20/06/2025 16:00:00,20.43,18/06/2025 16:00:00,198.6,18/06/2025 16:00:00,42.51,18/06/2025 16:00:00,13.79,18/06/2025 16:00:00,123.45,,,18/06/2025 16:00:00,128.85,18/06/2025 16:00:00,22.96,18/06/2025 16:00:00,193.33,20/06/2025 16:00:00,29.95,18/06/2025 16:00:00,9,18/06/2025 16:00:00,173.15,18/06/2025 16:00:00,522,18/06/2025 16:00:00,212.56,20/06/2025 16:00:00,982.19,,,,,18/06/2025 16:00:00,54.02,20/06/2025 16:00:00,101.97,18/06/2025 16:00:00,140.13,20/06/2025 16:00:00,115,18/06/2025 16:00:00,125,18/06/2025 16:00:00,71.97
20/06/2025 16:00:00,198.24,20/06/2025 16:00:00,113.45,20/06/2025 16:00:00,482.23,20/06/2025 16:00:00,95.33,20/06/2025 16:00:00,279.28,20/06/2025 16:00:00,148.41,20/06/2025 16:00:00,239.72,20/06/2025 16:00:00,27.68,20/06/2025 16:00:00,174.87,23/06/2025 16:00:00,149.74,20/06/2025 16:00:00,158.03,20/06/2025 16:00:00,24,20/06/2025 16:00:00,75.24,20/06/2025 16:00:00,69.09,20/06/2025 16:00:00,182.22,20/06/2025 16:00:00,213.35,20/06/2025 16:00:00,275.53,20/06/2025 16:00:00,79.25,20/06/2025 16:00:00,21.7,20/06/2025 16:00:00,41.81,20/06/2025 16:00:00,129.53,20/06/2025 16:00:00,154.23,20/06/2025 16:00:00,214.68,20/06/2025 16:00:00,133.66,20/06/2025 16:00:00,35.93,20/06/2025 16:00:00,66.49,20/06/2025 16:00:00,34.5,23/06/2025 16:00:00,288.52,20/06/2025 16:00:00,118.25,20/06/2025 16:00:00,338.51,20/06/2025 16:00:00,78.75,20/06/2025 16:00:00,45.31,20/06/2025 16:00:00,347.53,23/06/2025 16:00:00,46.89,20/06/2025 16:00:00,99.73,,,25/06/2025 17:36:00,79.51,20/06/2025 16:00:00,59.35,20/06/2025 16:00:00,94.35,20/06/2025 16:00:00,143.31,20/06/2025 16:00:00,292.17,20/06/2025 16:00:00,297.58,20/06/2025 16:00:00,43.38,20/06/2025 16:00:00,84.54,20/06/2025 16:00:00,362.95,20/06/2025 16:00:00,223,23/06/2025 16:00:00,66.37,20/06/2025 16:00:00,77.8,20/06/2025 16:00:00,28.14,20/06/2025 16:00:00,28.43,20/06/2025 16:00:00,198.6,20/06/2025 16:00:00,309.5,20/06/2025 16:00:00,47,20/06/2025 16:00:00,536.93,20/06/2025 16:00:00,638.83,20/06/2025 16:00:00,88.17,,,20/06/2025 16:00:00,786,20/06/2025 16:00:00,157.8,20/06/2025 16:00:00,67.94,15/07/2025 16:00:00,0.28,20/06/2025 16:00:00,223.39,20/06/2025 16:00:00,59.75,20/06/2025 16:00:00,108.85,20/06/2025 16:00:00,95.88,20/06/2025 16:00:00,86.05,20/06/2025 16:00:00,983.99,20/06/2025 16:00:00,88.63,,,20/06/2025 16:00:00,281.43,20/06/2025 16:00:00,24.44,23/06/2025 16:00:00,128.61,20/06/2025 16:00:00,196.53,20/06/2025 16:00:00,78.86,20/06/2025 16:00:00,10.49,20/06/2025 16:00:00,28.52,,,23/06/2025 16:00:00,93.2,20/06/2025 16:00:00,41.24,20/06/2025 16:00:00,127.96,23/06/2025 16:00:00,20.21,20/06/2025 16:00:00,200.41,20/06/2025 16:00:00,42.52,20/06/2025 16:00:00,13.78,20/06/2025 16:00:00,123.1,,,20/06/2025 16:00:00,127.96,20/06/2025 16:00:00,22.38,20/06/2025 16:00:00,198.65,23/06/2025 16:00:00,29.78,20/06/2025 16:00:00,9.07,20/06/2025 16:00:00,176.92,20/06/2025 16:00:00,528.94,20/06/2025 16:00:00,211.66,23/06/2025 16:00:00,975.32,,,,,20/06/2025 16:00:00,54.25,23/06/2025 16:00:00,103.25,20/06/2025 16:00:00,138.76,23/06/2025 16:00:00,115.94,20/06/2025 16:00:00,124.07,20/06/2025 16:00:00,71.87
23/06/2025 16:00:00,201.63,23/06/2025 16:00:00,116.7,23/06/2025 16:00:00,478.21,23/06/2025 16:00:00,95.92,23/06/2025 16:00:00,281.65,23/06/2025 16:00:00,152.12,23/06/2025 16:00:00,239.24,23/06/2025 16:00:00,27.8,23/06/2025 16:00:00,167.32,24/06/2025 16:00:00,151.5,23/06/2025 16:00:00,159.07,23/06/2025 16:00:00,23.87,23/06/2025 16:00:00,75.13,23/06/2025 16:00:00,69.14,23/06/2025 16:00:00,183.57,23/06/2025 16:00:00,205.51,23/06/2025 16:00:00,275.06,23/06/2025 16:00:00,79.24,23/06/2025 16:00:00,21.07,23/06/2025 16:00:00,41.81,23/06/2025 16:00:00,129.29,23/06/2025 16:00:00,151.23,23/06/2025 16:00:00,209.79,23/06/2025 16:00:00,133.07,23/06/2025 16:00:00,36.16,23/06/2025 16:00:00,66.35,23/06/2025 16:00:00,34.39,24/06/2025 16:00:00,289.62,23/06/2025 16:00:00,116.66,23/06/2025 16:00:00,337.5,23/06/2025 16:00:00,78.37,23/06/2025 16:00:00,45.4,23/06/2025 16:00:00,349.97,24/06/2025 16:00:00,42.63,23/06/2025 16:00:00,99.13,,,26/06/2025 17:36:00,81.71,23/06/2025 16:00:00,59.75,23/06/2025 16:00:00,96.25,23/06/2025 16:00:00,144.39,23/06/2025 16:00:00,290.08,23/06/2025 16:00:00,296.82,23/06/2025 16:00:00,43.18,23/06/2025 16:00:00,85.01,23/06/2025 16:00:00,359.92,23/06/2025 16:00:00,222.43,24/06/2025 16:00:00,66.73,23/06/2025 16:00:00,77.5,23/06/2025 16:00:00,28.08,23/06/2025 16:00:00,28.43,23/06/2025 16:00:00,197.83,23/06/2025 16:00:00,301.9,23/06/2025 16:00:00,46.89,23/06/2025 16:00:00,531.42,23/06/2025 16:00:00,639.26,23/06/2025 16:00:00,87.87,,,23/06/2025 16:00:00,770.53,23/06/2025 16:00:00,157.59,23/06/2025 16:00:00,66.05,16/07/2025 16:00:00,0.26,23/06/2025 16:00:00,223.32,23/06/2025 16:00:00,59.58,23/06/2025 16:00:00,108.82,23/06/2025 16:00:00,94.62,23/06/2025 16:00:00,86.24,23/06/2025 16:00:00,983.15,23/06/2025 16:00:00,89.7,,,23/06/2025 16:00:00,286,23/06/2025 16:00:00,23.98,24/06/2025 16:00:00,130.29,23/06/2025 16:00:00,195.25,23/06/2025 16:00:00,78.8,23/06/2025 16:00:00,10.55,23/06/2025 16:00:00,27.2,,,24/06/2025 16:00:00,92.91,23/06/2025 16:00:00,40.05,23/06/2025 16:00:00,126.9,24/06/2025 16:00:00,18.01,23/06/2025 16:00:00,199,23/06/2025 16:00:00,42.9,23/06/2025 16:00:00,13.57,23/06/2025 16:00:00,123.45,,,23/06/2025 16:00:00,128.31,23/06/2025 16:00:00,22.37,23/06/2025 16:00:00,198.14,24/06/2025 16:00:00,30.12,23/06/2025 16:00:00,8.89,23/06/2025 16:00:00,176.61,23/06/2025 16:00:00,518.46,23/06/2025 16:00:00,212.79,24/06/2025 16:00:00,995.5,,,,,23/06/2025 16:00:00,54.45,24/06/2025 16:00:00,104.79,23/06/2025 16:00:00,140.07,24/06/2025 16:00:00,116.72,23/06/2025 16:00:00,126.86,23/06/2025 16:00:00,71.79
24/06/2025 16:00:00,202.59,24/06/2025 16:00:00,109.25,24/06/2025 16:00:00,488.95,24/06/2025 16:00:00,97.73,24/06/2025 16:00:00,290.46,24/06/2025 16:00:00,144.54,24/06/2025 16:00:00,248.38,24/06/2025 16:00:00,28.16,24/06/2025 16:00:00,167.69,25/06/2025 16:00:00,151.38,24/06/2025 16:00:00,161.18,24/06/2025 16:00:00,24.14,24/06/2025 16:00:00,77.72,24/06/2025 16:00:00,69.94,24/06/2025 16:00:00,184.57,24/06/2025 16:00:00,209.99,24/06/2025 16:00:00,280.21,24/06/2025 16:00:00,80.37,24/06/2025 16:00:00,21.34,24/06/2025 16:00:00,42.38,24/06/2025 16:00:00,129.14,24/06/2025 16:00:00,154.73,24/06/2025 16:00:00,212.14,24/06/2025 16:00:00,133.32,24/06/2025 16:00:00,33.27,24/06/2025 16:00:00,67.78,24/06/2025 16:00:00,34.78,25/06/2025 16:00:00,290.86,24/06/2025 16:00:00,117.75,24/06/2025 16:00:00,351.52,24/06/2025 16:00:00,80,24/06/2025 16:00:00,46.75,24/06/2025 16:00:00,356.67,25/06/2025 16:00:00,42.43,24/06/2025 16:00:00,101.22,,,27/06/2025 17:36:00,81.22,24/06/2025 16:00:00,60.43,24/06/2025 16:00:00,90.24,24/06/2025 16:00:00,148.64,24/06/2025 16:00:00,273.13,24/06/2025 16:00:00,303.1,24/06/2025 16:00:00,44.52,24/06/2025 16:00:00,86,24/06/2025 16:00:00,369.89,24/06/2025 16:00:00,227.55,25/06/2025 16:00:00,67.16,24/06/2025 16:00:00,77.05,24/06/2025 16:00:00,28.77,24/06/2025 16:00:00,29.04,24/06/2025 16:00:00,203,24/06/2025 16:00:00,301.45,24/06/2025 16:00:00,47.08,24/06/2025 16:00:00,557.18,24/06/2025 16:00:00,654.45,24/06/2025 16:00:00,88.4,,,24/06/2025 16:00:00,772.89,24/06/2025 16:00:00,159.59,24/06/2025 16:00:00,67.54,17/07/2025 16:00:00,0.27,24/06/2025 16:00:00,225.59,24/06/2025 16:00:00,61.33,24/06/2025 16:00:00,106.33,24/06/2025 16:00:00,97.25,24/06/2025 16:00:00,85.82,24/06/2025 16:00:00,1005.84,24/06/2025 16:00:00,90.48,,,24/06/2025 16:00:00,295.68,24/06/2025 16:00:00,24.25,25/06/2025 16:00:00,130.94,24/06/2025 16:00:00,197.35,24/06/2025 16:00:00,79.98,24/06/2025 16:00:00,10.79,24/06/2025 16:00:00,27.25,,,25/06/2025 16:00:00,91.76,24/06/2025 16:00:00,40.95,24/06/2025 16:00:00,125.57,25/06/2025 16:00:00,18.1,24/06/2025 16:00:00,203.23,24/06/2025 16:00:00,43.05,24/06/2025 16:00:00,13.06,24/06/2025 16:00:00,124.95,,,24/06/2025 16:00:00,129.94,24/06/2025 16:00:00,20.5,24/06/2025 16:00:00,203.63,25/06/2025 16:00:00,30.58,24/06/2025 16:00:00,9.21,24/06/2025 16:00:00,182.46,24/06/2025 16:00:00,518.6,24/06/2025 16:00:00,219,25/06/2025 16:00:00,1007.73,,,,,24/06/2025 16:00:00,55.78,25/06/2025 16:00:00,103.92,24/06/2025 16:00:00,141.63,25/06/2025 16:00:00,117.96,24/06/2025 16:00:00,120.88,24/06/2025 16:00:00,71.02
25/06/2025 16:00:00,201.45,25/06/2025 16:00:00,108.11,25/06/2025 16:00:00,492.04,25/06/2025 16:00:00,98.31,25/06/2025 16:00:00,294.49,25/06/2025 16:00:00,143.41,25/06/2025 16:00:00,250.08,25/06/2025 16:00:00,28.14,25/06/2025 16:00:00,168.65,26/06/2025 16:00:00,152.7,25/06/2025 16:00:00,159.82,25/06/2025 16:00:00,24.21,25/06/2025 16:00:00,78.28,25/06/2025 16:00:00,69.93,25/06/2025 16:00:00,183.31,25/06/2025 16:00:00,214.94,25/06/2025 16:00:00,281.5,25/06/2025 16:00:00,79.64,25/06/2025 16:00:00,22.58,25/06/2025 16:00:00,42.4,25/06/2025 16:00:00,130.26,25/06/2025 16:00:00,156.1,25/06/2025 16:00:00,214.62,25/06/2025 16:00:00,137.87,25/06/2025 16:00:00,33.49,25/06/2025 16:00:00,67.85,25/06/2025 16:00:00,35.15,26/06/2025 16:00:00,285.95,25/06/2025 16:00:00,118.77,25/06/2025 16:00:00,350.45,25/06/2025 16:00:00,81.14,25/06/2025 16:00:00,46.58,25/06/2025 16:00:00,359.12,26/06/2025 16:00:00,42.5,25/06/2025 16:00:00,99.63,,,30/06/2025 17:36:00,82.03,25/06/2025 16:00:00,59.71,25/06/2025 16:00:00,89.31,25/06/2025 16:00:00,149.7,25/06/2025 16:00:00,275.8,25/06/2025 16:00:00,308.89,25/06/2025 16:00:00,44.41,25/06/2025 16:00:00,85.16,25/06/2025 16:00:00,373,25/06/2025 16:00:00,226.91,26/06/2025 16:00:00,66.8,25/06/2025 16:00:00,74.22,25/06/2025 16:00:00,29.06,25/06/2025 16:00:00,29.2,25/06/2025 16:00:00,201,25/06/2025 16:00:00,304.38,25/06/2025 16:00:00,47,25/06/2025 16:00:00,556,25/06/2025 16:00:00,664.6,25/06/2025 16:00:00,87.38,,,25/06/2025 16:00:00,779,25/06/2025 16:00:00,159.58,25/06/2025 16:00:00,67.76,18/07/2025 16:00:00,0.27,25/06/2025 16:00:00,224.68,25/06/2025 16:00:00,61.45,25/06/2025 16:00:00,106.84,25/06/2025 16:00:00,97.5,25/06/2025 16:00:00,85.86,25/06/2025 16:00:00,1003,25/06/2025 16:00:00,90.56,,,25/06/2025 16:00:00,301,25/06/2025 16:00:00,24.55,26/06/2025 16:00:00,130.26,25/06/2025 16:00:00,196.9,25/06/2025 16:00:00,79.7,25/06/2025 16:00:00,10.76,25/06/2025 16:00:00,27.53,,,26/06/2025 16:00:00,92.1,25/06/2025 16:00:00,41.79,25/06/2025 16:00:00,126.3,26/06/2025 16:00:00,17.94,25/06/2025 16:00:00,206.03,25/06/2025 16:00:00,42.92,25/06/2025 16:00:00,13.01,25/06/2025 16:00:00,124.49,,,25/06/2025 16:00:00,129.67,25/06/2025 16:00:00,20.68,25/06/2025 16:00:00,206.92,26/06/2025 16:00:00,30.66,25/06/2025 16:00:00,9.41,25/06/2025 16:00:00,181.53,25/06/2025 16:00:00,513.11,25/06/2025 16:00:00,219.5,26/06/2025 16:00:00,1020.52,,,,,25/06/2025 16:00:00,55.8,26/06/2025 16:00:00,102.33,25/06/2025 16:00:00,144.96,26/06/2025 16:00:00,116.02,25/06/2025 16:00:00,120.24,25/06/2025 16:00:00,70.64
26/06/2025 16:00:00,201.43,26/06/2025 16:00:00,108.94,26/06/2025 16:00:00,492.98,26/06/2025 16:00:00,96.9,26/06/2025 16:00:00,291.8,26/06/2025 16:00:00,143.7,26/06/2025 16:00:00,251.18,26/06/2025 16:00:00,27.98,26/06/2025 16:00:00,173.39,27/06/2025 16:00:00,152.01,26/06/2025 16:00:00,159.55,26/06/2025 16:00:00,24.32,26/06/2025 16:00:00,79.44,26/06/2025 16:00:00,69.7,26/06/2025 16:00:00,180.85,26/06/2025 16:00:00,212,26/06/2025 16:00:00,284.7,26/06/2025 16:00:00,79.84,26/06/2025 16:00:00,22.4,26/06/2025 16:00:00,42.17,26/06/2025 16:00:00,127.71,26/06/2025 16:00:00,156.5,26/06/2025 16:00:00,213.12,26/06/2025 16:00:00,137.32,26/06/2025 16:00:00,33.27,26/06/2025 16:00:00,68.72,26/06/2025 16:00:00,34.85,27/06/2025 16:00:00,286.01,26/06/2025 16:00:00,119.98,26/06/2025 16:00:00,343.78,26/06/2025 16:00:00,82.67,26/06/2025 16:00:00,46.95,26/06/2025 16:00:00,363.22,27/06/2025 16:00:00,43.3,26/06/2025 16:00:00,100.13,,,01/07/2025 17:36:00,82.98,26/06/2025 16:00:00,59.04,26/06/2025 16:00:00,89.28,26/06/2025 16:00:00,147.69,26/06/2025 16:00:00,280,26/06/2025 16:00:00,309.58,26/06/2025 16:00:00,45,26/06/2025 16:00:00,84.25,26/06/2025 16:00:00,374,26/06/2025 16:00:00,227.42,27/06/2025 16:00:00,67.99,26/06/2025 16:00:00,74.62,26/06/2025 16:00:00,29.13,26/06/2025 16:00:00,29.42,26/06/2025 16:00:00,200.41,26/06/2025 16:00:00,302.57,26/06/2025 16:00:00,46.9,26/06/2025 16:00:00,545.53,26/06/2025 16:00:00,670.62,26/06/2025 16:00:00,87.87,,,26/06/2025 16:00:00,793.95,26/06/2025 16:00:00,157.95,26/06/2025 16:00:00,68.6,21/07/2025 16:00:00,0.27,26/06/2025 16:00:00,222.82,26/06/2025 16:00:00,61.56,26/06/2025 16:00:00,106.19,26/06/2025 16:00:00,96.98,26/06/2025 16:00:00,85.89,26/06/2025 16:00:00,987.73,26/06/2025 16:00:00,90.43,,,26/06/2025 16:00:00,296.59,26/06/2025 16:00:00,24.81,27/06/2025 16:00:00,133.41,26/06/2025 16:00:00,201.98,26/06/2025 16:00:00,79.32,26/06/2025 16:00:00,10.5,26/06/2025 16:00:00,27.1,,,27/06/2025 16:00:00,91.77,26/06/2025 16:00:00,43.38,26/06/2025 16:00:00,127.89,27/06/2025 16:00:00,18.43,26/06/2025 16:00:00,206.31,26/06/2025 16:00:00,42.41,26/06/2025 16:00:00,12.9,26/06/2025 16:00:00,122.77,,,26/06/2025 16:00:00,128.32,26/06/2025 16:00:00,20.41,26/06/2025 16:00:00,209.5,27/06/2025 16:00:00,30.6,26/06/2025 16:00:00,9.86,26/06/2025 16:00:00,183.44,26/06/2025 16:00:00,509.2,26/06/2025 16:00:00,221.25,27/06/2025 16:00:00,1035.6,,,,,26/06/2025 16:00:00,55.08,27/06/2025 16:00:00,104.07,26/06/2025 16:00:00,146.9,27/06/2025 16:00:00,116.15,26/06/2025 16:00:00,120,26/06/2025 16:00:00,70.4
27/06/2025 16:00:00,201.89,27/06/2025 16:00:00,109.94,27/06/2025 16:00:00,497.55,27/06/2025 16:00:00,96.32,27/06/2025 16:00:00,292.97,27/06/2025 16:00:00,144.55,27/06/2025 16:00:00,251.85,27/06/2025 16:00:00,28,27/06/2025 16:00:00,174.63,30/06/2025 16:00:00,152.16,27/06/2025 16:00:00,158.68,27/06/2025 16:00:00,24.35,27/06/2025 16:00:00,80,27/06/2025 16:00:00,69.59,27/06/2025 16:00:00,178.82,27/06/2025 16:00:00,213.69,27/06/2025 16:00:00,285.81,27/06/2025 16:00:00,79.06,27/06/2025 16:00:00,22.71,27/06/2025 16:00:00,42.15,27/06/2025 16:00:00,128.29,27/06/2025 16:00:00,158.65,27/06/2025 16:00:00,219.92,27/06/2025 16:00:00,133.29,27/06/2025 16:00:00,34,27/06/2025 16:00:00,68.87,27/06/2025 16:00:00,35.3,30/06/2025 16:00:00,290.88,27/06/2025 16:00:00,121.85,27/06/2025 16:00:00,346.59,27/06/2025 16:00:00,84.49,27/06/2025 16:00:00,47.45,27/06/2025 16:00:00,363.61,30/06/2025 16:00:00,42.39,27/06/2025 16:00:00,101,,,02/07/2025 17:36:00,81.41,27/06/2025 16:00:00,58.65,27/06/2025 16:00:00,90.9,27/06/2025 16:00:00,151.14,27/06/2025 16:00:00,278.57,27/06/2025 16:00:00,314.08,27/06/2025 16:00:00,45.64,27/06/2025 16:00:00,85.02,27/06/2025 16:00:00,383.02,27/06/2025 16:00:00,229.07,30/06/2025 16:00:00,68.68,27/06/2025 16:00:00,73.91,27/06/2025 16:00:00,29.16,27/06/2025 16:00:00,29.62,27/06/2025 16:00:00,205.11,27/06/2025 16:00:00,302.95,27/06/2025 16:00:00,46.83,27/06/2025 16:00:00,546.77,27/06/2025 16:00:00,691,27/06/2025 16:00:00,87.87,,,27/06/2025 16:00:00,795.8,27/06/2025 16:00:00,160.83,27/06/2025 16:00:00,69.31,22/07/2025 16:00:00,0.26,27/06/2025 16:00:00,226.17,27/06/2025 16:00:00,69.79,27/06/2025 16:00:00,108.26,27/06/2025 16:00:00,98.26,27/06/2025 16:00:00,85.5,27/06/2025 16:00:00,982.24,27/06/2025 16:00:00,90.24,,,27/06/2025 16:00:00,295.88,27/06/2025 16:00:00,24.74,30/06/2025 16:00:00,133.34,27/06/2025 16:00:00,202.05,27/06/2025 16:00:00,80.25,27/06/2025 16:00:00,10.7,27/06/2025 16:00:00,27.4,,,30/06/2025 16:00:00,92.42,27/06/2025 16:00:00,44.09,27/06/2025 16:00:00,127.2,30/06/2025 16:00:00,18.48,27/06/2025 16:00:00,205.5,27/06/2025 16:00:00,42.6,27/06/2025 16:00:00,13.02,27/06/2025 16:00:00,121.98,,,27/06/2025 16:00:00,126.88,27/06/2025 16:00:00,20.74,27/06/2025 16:00:00,210.27,30/06/2025 16:00:00,30.45,27/06/2025 16:00:00,10.17,27/06/2025 16:00:00,185.51,27/06/2025 16:00:00,508.55,27/06/2025 16:00:00,221.42,30/06/2025 16:00:00,1049.98,,,,,27/06/2025 16:00:00,55.62,30/06/2025 16:00:00,104.92,27/06/2025 16:00:00,147.04,30/06/2025 16:00:00,116.62,27/06/2025 16:00:00,121,27/06/2025 16:00:00,71.51
30/06/2025 16:00:00,202.01,30/06/2025 16:00:00,108.64,30/06/2025 16:00:00,497.04,30/06/2025 16:00:00,97.23,30/06/2025 16:00:00,290.93,30/06/2025 16:00:00,143.04,30/06/2025 16:00:00,256.31,30/06/2025 16:00:00,28.12,30/06/2025 16:00:00,180.79,01/07/2025 16:00:00,153,30/06/2025 16:00:00,159.26,30/06/2025 16:00:00,24.21,30/06/2025 16:00:00,80.48,30/06/2025 16:00:00,70.13,30/06/2025 16:00:00,181,30/06/2025 16:00:00,226.5,30/06/2025 16:00:00,290.4,30/06/2025 16:00:00,79.25,30/06/2025 16:00:00,22.97,30/06/2025 16:00:00,42.31,30/06/2025 16:00:00,131.2,30/06/2025 16:00:00,158.39,30/06/2025 16:00:00,223.52,30/06/2025 16:00:00,134,30/06/2025 16:00:00,33.9,30/06/2025 16:00:00,68.83,30/06/2025 16:00:00,35.37,01/07/2025 16:00:00,292.5,30/06/2025 16:00:00,124.31,30/06/2025 16:00:00,349.35,30/06/2025 16:00:00,84.9,30/06/2025 16:00:00,47.62,30/06/2025 16:00:00,369.28,01/07/2025 16:00:00,42.07,30/06/2025 16:00:00,101.16,,,03/07/2025 17:36:00,80.12,30/06/2025 16:00:00,58.72,30/06/2025 16:00:00,89.51,30/06/2025 16:00:00,152.28,30/06/2025 16:00:00,278.85,30/06/2025 16:00:00,318.58,30/06/2025 16:00:00,45.4,30/06/2025 16:00:00,84.6,30/06/2025 16:00:00,386.31,30/06/2025 16:00:00,230.94,01/07/2025 16:00:00,68.77,30/06/2025 16:00:00,74.24,30/06/2025 16:00:00,29.24,30/06/2025 16:00:00,29.64,30/06/2025 16:00:00,213.88,30/06/2025 16:00:00,309,30/06/2025 16:00:00,46.41,30/06/2025 16:00:00,552.5,30/06/2025 16:00:00,714.27,30/06/2025 16:00:00,88.54,,,30/06/2025 16:00:00,778.54,30/06/2025 16:00:00,160.34,30/06/2025 16:00:00,68.61,23/07/2025 16:00:00,0.24,30/06/2025 16:00:00,228.85,30/06/2025 16:00:00,71.45,30/06/2025 16:00:00,110.61,30/06/2025 16:00:00,99.6,30/06/2025 16:00:00,86.65,30/06/2025 16:00:00,985.16,30/06/2025 16:00:00,90.59,,,30/06/2025 16:00:00,296.74,30/06/2025 16:00:00,24.91,01/07/2025 16:00:00,132.94,30/06/2025 16:00:00,198.92,30/06/2025 16:00:00,80.31,30/06/2025 16:00:00,10.72,30/06/2025 16:00:00,26.9,,,01/07/2025 16:00:00,91.54,30/06/2025 16:00:00,43.6,30/06/2025 16:00:00,126.3,01/07/2025 16:00:00,18.36,30/06/2025 16:00:00,207.09,30/06/2025 16:00:00,42.69,30/06/2025 16:00:00,12.78,30/06/2025 16:00:00,123.99,,,30/06/2025 16:00:00,127.87,30/06/2025 16:00:00,20.57,30/06/2025 16:00:00,212.6,01/07/2025 16:00:00,30.06,30/06/2025 16:00:00,10.16,30/06/2025 16:00:00,186.84,30/06/2025 16:00:00,512,30/06/2025 16:00:00,224.07,01/07/2025 16:00:00,1046.58,,,,,30/06/2025 16:00:00,55.51,01/07/2025 16:00:00,105.2,30/06/2025 16:00:00,147.86,01/07/2025 16:00:00,118.68,30/06/2025 16:00:00,120,30/06/2025 16:00:00,67.83
01/07/2025 16:00:00,206.67,01/07/2025 16:00:00,108.13,01/07/2025 16:00:00,496.47,01/07/2025 16:00:00,97.6,01/07/2025 16:00:00,294.55,01/07/2025 16:00:00,143.34,01/07/2025 16:00:00,255.75,01/07/2025 16:00:00,28.99,01/07/2025 16:00:00,176.81,02/07/2025 16:00:00,156,01/07/2025 16:00:00,159.88,01/07/2025 16:00:00,24.28,01/07/2025 16:00:00,80.05,01/07/2025 16:00:00,70.99,01/07/2025 16:00:00,182.74,01/07/2025 16:00:00,219.3,01/07/2025 16:00:00,290.89,01/07/2025 16:00:00,78.96,01/07/2025 16:00:00,22.33,01/07/2025 16:00:00,43.42,01/07/2025 16:00:00,132.59,01/07/2025 16:00:00,158.22,01/07/2025 16:00:00,219.5,01/07/2025 16:00:00,135.54,01/07/2025 16:00:00,33.8,01/07/2025 16:00:00,69.38,01/07/2025 16:00:00,35.59,02/07/2025 16:00:00,298.08,01/07/2025 16:00:00,123.5,01/07/2025 16:00:00,353.82,01/07/2025 16:00:00,85,01/07/2025 16:00:00,47.02,01/07/2025 16:00:00,364.34,02/07/2025 16:00:00,43.43,01/07/2025 16:00:00,100.75,,,04/07/2025 17:36:00,80.47,01/07/2025 16:00:00,58.92,01/07/2025 16:00:00,89.86,01/07/2025 16:00:00,152,01/07/2025 16:00:00,280.01,01/07/2025 16:00:00,316.93,01/07/2025 16:00:00,44.97,01/07/2025 16:00:00,85.86,01/07/2025 16:00:00,386.59,01/07/2025 16:00:00,229.62,02/07/2025 16:00:00,68.9,01/07/2025 16:00:00,74.79,01/07/2025 16:00:00,29.36,01/07/2025 16:00:00,29.69,01/07/2025 16:00:00,209.5,01/07/2025 16:00:00,311.97,01/07/2025 16:00:00,46.26,01/07/2025 16:00:00,559.32,01/07/2025 16:00:00,708,01/07/2025 16:00:00,91.1,,,01/07/2025 16:00:00,779.53,01/07/2025 16:00:00,160.34,01/07/2025 16:00:00,68.63,24/07/2025 16:00:00,0.24,01/07/2025 16:00:00,233.58,01/07/2025 16:00:00,71.99,01/07/2025 16:00:00,111.5,01/07/2025 16:00:00,98.33,01/07/2025 16:00:00,86.83,01/07/2025 16:00:00,990,01/07/2025 16:00:00,92,,,01/07/2025 16:00:00,298.12,01/07/2025 16:00:00,24.31,02/07/2025 16:00:00,135.87,01/07/2025 16:00:00,196.99,01/07/2025 16:00:00,80.36,01/07/2025 16:00:00,10.81,01/07/2025 16:00:00,26.43,,,02/07/2025 16:00:00,95.28,01/07/2025 16:00:00,43.99,01/07/2025 16:00:00,124.94,02/07/2025 16:00:00,19.29,01/07/2025 16:00:00,207,01/07/2025 16:00:00,43.9,01/07/2025 16:00:00,12.48,01/07/2025 16:00:00,123.67,,,01/07/2025 16:00:00,129.65,01/07/2025 16:00:00,20.3,01/07/2025 16:00:00,212.14,02/07/2025 16:00:00,31.42,01/07/2025 16:00:00,10.19,01/07/2025 16:00:00,186.04,01/07/2025 16:00:00,504.68,01/07/2025 16:00:00,219.52,02/07/2025 16:00:00,1056,,,,,01/07/2025 16:00:00,56.67,02/07/2025 16:00:00,105.49,01/07/2025 16:00:00,148.28,02/07/2025 16:00:00,118.09,01/07/2025 16:00:00,119.97,01/07/2025 16:00:00,69.57
02/07/2025 16:00:00,208.91,02/07/2025 16:00:00,110,02/07/2025 16:00:00,489.99,02/07/2025 16:00:00,98.13,02/07/2025 16:00:00,290,02/07/2025 16:00:00,147.01,02/07/2025 16:00:00,248,02/07/2025 16:00:00,28.81,02/07/2025 16:00:00,176.55,03/07/2025 13:00:00,155.43,02/07/2025 16:00:00,161.14,02/07/2025 16:00:00,25.13,02/07/2025 16:00:00,81.92,02/07/2025 16:00:00,71.69,02/07/2025 16:00:00,176.35,02/07/2025 16:00:00,217.68,02/07/2025 16:00:00,292.04,02/07/2025 16:00:00,82.06,02/07/2025 16:00:00,22.53,02/07/2025 16:00:00,43.82,02/07/2025 16:00:00,135.25,02/07/2025 16:00:00,159.68,02/07/2025 16:00:00,219.73,02/07/2025 16:00:00,135.27,02/07/2025 16:00:00,35.77,02/07/2025 16:00:00,68.68,02/07/2025 16:00:00,35.91,03/07/2025 13:00:00,294.67,02/07/2025 16:00:00,123.32,02/07/2025 16:00:00,354.6,02/07/2025 16:00:00,86.49,02/07/2025 16:00:00,48.36,02/07/2025 16:00:00,373.65,03/07/2025 13:00:00,43.75,02/07/2025 16:00:00,104.25,,,07/07/2025 17:36:00,81.22,02/07/2025 16:00:00,58.53,02/07/2025 16:00:00,93.12,02/07/2025 16:00:00,154.21,02/07/2025 16:00:00,291.03,02/07/2025 16:00:00,322.99,02/07/2025 16:00:00,46.7,02/07/2025 16:00:00,85.56,02/07/2025 16:00:00,392.7,02/07/2025 16:00:00,236.26,03/07/2025 13:00:00,66.92,02/07/2025 16:00:00,75.87,02/07/2025 16:00:00,29.1,02/07/2025 16:00:00,29.69,02/07/2025 16:00:00,210.4,02/07/2025 16:00:00,320.74,02/07/2025 16:00:00,47.59,02/07/2025 16:00:00,562.94,02/07/2025 16:00:00,708.8,02/07/2025 16:00:00,91.83,,,02/07/2025 16:00:00,776.5,02/07/2025 16:00:00,164.39,02/07/2025 16:00:00,71.89,28/07/2025 16:00:00,0.23,02/07/2025 16:00:00,238.16,02/07/2025 16:00:00,73.17,02/07/2025 16:00:00,111.79,02/07/2025 16:00:00,104.29,02/07/2025 16:00:00,88.82,02/07/2025 16:00:00,983.87,02/07/2025 16:00:00,91.79,,,02/07/2025 16:00:00,303.17,02/07/2025 16:00:00,25.58,03/07/2025 13:00:00,138.11,02/07/2025 16:00:00,202.18,02/07/2025 16:00:00,81.08,02/07/2025 16:00:00,11.38,02/07/2025 16:00:00,28.15,,,03/07/2025 13:05:00,94.2,02/07/2025 16:00:00,44.75,02/07/2025 16:00:00,130,03/07/2025 13:05:00,19.59,02/07/2025 16:00:00,210.44,02/07/2025 16:00:00,43.15,02/07/2025 16:00:00,13.21,02/07/2025 16:00:00,125.39,,,02/07/2025 16:00:00,131.73,02/07/2025 16:00:00,21.59,02/07/2025 16:00:00,215.43,03/07/2025 13:00:00,31.1,02/07/2025 16:00:00,10.45,02/07/2025 16:00:00,193.75,02/07/2025 16:00:00,508.88,02/07/2025 16:00:00,229.13,03/07/2025 13:00:00,1071.33,,,,,02/07/2025 16:00:00,57.5,03/07/2025 13:00:00,104.22,02/07/2025 16:00:00,149.71,03/07/2025 13:00:00,117,02/07/2025 16:00:00,123.2,02/07/2025 16:00:00,72.79
03/07/2025 13:05:00,212.15,03/07/2025 13:00:00,110.86,03/07/2025 13:05:00,493.81,03/07/2025 13:00:00,97.7,03/07/2025 13:00:00,287.94,03/07/2025 13:00:00,147.84,03/07/2025 13:00:00,245.55,03/07/2025 13:00:00,28.29,03/07/2025 13:05:00,179.82,07/07/2025 16:00:00,156.01,03/07/2025 13:00:00,161.79,03/07/2025 13:00:00,25.35,03/07/2025 13:00:00,82.64,03/07/2025 13:00:00,71.04,03/07/2025 13:00:00,175.95,03/07/2025 13:00:00,233.22,03/07/2025 13:00:00,292.15,03/07/2025 13:00:00,82.55,03/07/2025 13:05:00,22.15,03/07/2025 13:00:00,43.74,03/07/2025 13:05:00,136.7,03/07/2025 13:05:00,163.04,03/07/2025 13:05:00,221.82,03/07/2025 13:00:00,134.67,03/07/2025 13:00:00,36,03/07/2025 13:05:00,68.18,03/07/2025 13:05:00,35.8,07/07/2025 16:00:00,294.12,03/07/2025 13:00:00,123.07,03/07/2025 13:00:00,354.59,03/07/2025 13:00:00,87.13,03/07/2025 13:00:00,48.95,03/07/2025 13:00:00,371.81,07/07/2025 16:00:00,43.51,03/07/2025 13:00:00,106.43,,,08/07/2025 17:36:00,77.24,03/07/2025 13:00:00,59.07,03/07/2025 13:00:00,93.95,03/07/2025 13:00:00,154.25,03/07/2025 13:05:00,297,03/07/2025 13:00:00,325.33,03/07/2025 13:00:00,47.68,03/07/2025 13:00:00,82.72,03/07/2025 13:00:00,398.92,03/07/2025 13:00:00,237.69,07/07/2025 16:00:00,67.19,03/07/2025 13:05:00,76.13,03/07/2025 13:15:00,29.27,03/07/2025 13:05:00,29.64,03/07/2025 13:00:00,211.79,03/07/2025 13:00:00,309.84,03/07/2025 13:00:00,47.21,03/07/2025 13:00:00,560.78,03/07/2025 13:00:00,715.91,03/07/2025 13:00:00,92.8,,,03/07/2025 13:00:00,780.46,03/07/2025 13:00:00,166.18,03/07/2025 13:00:00,74.09,29/07/2025 16:00:00,0.22,03/07/2025 13:05:00,239.89,03/07/2025 13:00:00,76.27,03/07/2025 13:05:00,111.55,03/07/2025 13:00:00,105.95,03/07/2025 13:00:00,88.37,03/07/2025 13:05:00,982.41,03/07/2025 13:00:00,91,,,03/07/2025 13:00:00,303,03/07/2025 13:00:00,26.08,07/07/2025 16:00:00,139.15,03/07/2025 13:00:00,203.3,03/07/2025 13:00:00,80.47,03/07/2025 13:00:00,11.75,03/07/2025 13:00:00,28.67,,,07/07/2025 16:00:00,94.16,03/07/2025 13:00:00,45.76,03/07/2025 13:05:00,133.49,07/07/2025 16:00:00,19.43,03/07/2025 13:05:00,215.25,03/07/2025 13:05:00,43,03/07/2025 13:00:00,13.12,03/07/2025 13:00:00,125.35,,,03/07/2025 13:05:00,132.73,03/07/2025 13:00:00,21.76,03/07/2025 13:00:00,219.4,07/07/2025 16:00:00,30.9,03/07/2025 13:00:00,10.71,03/07/2025 13:00:00,195.53,03/07/2025 13:00:00,520,03/07/2025 13:00:00,226.98,07/07/2025 16:00:00,1083.49,,,,,03/07/2025 13:00:00,57.25,07/07/2025 16:00:00,103.82,03/07/2025 13:00:00,150.07,07/07/2025 16:00:00,117.18,03/07/2025 13:00:00,122.87,03/07/2025 13:00:00,73
07/07/2025 16:00:00,212.68,07/07/2025 16:00:00,111.54,07/07/2025 16:00:00,497.38,07/07/2025 16:00:00,98.24,07/07/2025 16:00:00,292.26,07/07/2025 16:00:00,147.4,07/07/2025 16:00:00,247.52,07/07/2025 16:00:00,28.42,07/07/2025 16:00:00,180.14,08/07/2025 16:00:00,154.48,07/07/2025 16:00:00,160.85,07/07/2025 16:00:00,25.36,07/07/2025 16:00:00,82.97,07/07/2025 16:00:00,71.37,07/07/2025 16:00:00,179.36,07/07/2025 16:00:00,235.11,07/07/2025 16:00:00,295.26,07/07/2025 16:00:00,80.95,07/07/2025 16:00:00,22.21,07/07/2025 16:00:00,43.7,07/07/2025 16:00:00,135.53,07/07/2025 16:00:00,161.11,07/07/2025 16:00:00,223,07/07/2025 16:00:00,134.69,07/07/2025 16:00:00,35.42,07/07/2025 16:00:00,69.08,07/07/2025 16:00:00,35.92,08/07/2025 16:00:00,293.01,07/07/2025 16:00:00,123.21,07/07/2025 16:00:00,358.92,07/07/2025 16:00:00,88.13,07/07/2025 16:00:00,48.74,07/07/2025 16:00:00,371.3,08/07/2025 16:00:00,43.36,07/07/2025 16:00:00,104,,,09/07/2025 17:36:00,75.48,07/07/2025 16:00:00,59.62,07/07/2025 16:00:00,93.24,07/07/2025 16:00:00,152.54,07/07/2025 16:00:00,297.88,07/07/2025 16:00:00,327.44,07/07/2025 16:00:00,48.15,07/07/2025 16:00:00,82.97,07/07/2025 16:00:00,397.86,07/07/2025 16:00:00,235.56,08/07/2025 16:00:00,66.77,07/07/2025 16:00:00,76.17,07/07/2025 16:00:00,29.14,07/07/2025 16:00:00,29.72,07/07/2025 16:00:00,215.95,07/07/2025 16:00:00,308.61,07/07/2025 16:00:00,46.87,07/07/2025 16:00:00,570,07/07/2025 16:00:00,720.99,07/07/2025 16:00:00,92.72,,,07/07/2025 16:00:00,779.68,07/07/2025 16:00:00,166.14,07/07/2025 16:00:00,73.33,30/07/2025 16:00:00,0.23,07/07/2025 16:00:00,239.87,07/07/2025 16:00:00,76.04,07/07/2025 16:00:00,112,07/07/2025 16:00:00,103.16,07/07/2025 16:00:00,88.65,07/07/2025 16:00:00,985,07/07/2025 16:00:00,91.49,,,07/07/2025 16:00:00,303.7,07/07/2025 16:00:00,25.86,08/07/2025 16:00:00,138.9,07/07/2025 16:00:00,202.28,07/07/2025 16:00:00,80.95,07/07/2025 16:00:00,11.6,07/07/2025 16:00:00,28.01,,,08/07/2025 16:00:00,94.06,07/07/2025 16:00:00,45.25,07/07/2025 16:00:00,132.1,08/07/2025 16:00:00,19.38,07/07/2025 16:00:00,215.02,07/07/2025 16:00:00,43.18,07/07/2025 16:00:00,12.99,07/07/2025 16:00:00,125.56,,,07/07/2025 16:00:00,132.23,07/07/2025 16:00:00,21.34,07/07/2025 16:00:00,220,08/07/2025 16:00:00,29.69,07/07/2025 16:00:00,10.69,07/07/2025 16:00:00,196.18,07/07/2025 16:00:00,517.64,07/07/2025 16:00:00,227.67,08/07/2025 16:00:00,1075.42,,,,,07/07/2025 16:00:00,56.8,08/07/2025 16:00:00,102.3,07/07/2025 16:00:00,150.09,08/07/2025 16:00:00,116.54,07/07/2025 16:00:00,122.68,07/07/2025 16:00:00,73.7
08/07/2025 16:00:00,210.1,08/07/2025 16:00:00,110.89,08/07/2025 16:00:00,497.24,08/07/2025 16:00:00,98.82,08/07/2025 16:00:00,293.1,08/07/2025 16:00:00,147.32,08/07/2025 16:00:00,248,08/07/2025 16:00:00,28.24,08/07/2025 16:00:00,178.78,09/07/2025 16:00:00,155.79,08/07/2025 16:00:00,159.52,08/07/2025 16:00:00,25.24,08/07/2025 16:00:00,82.3,08/07/2025 16:00:00,70.68,08/07/2025 16:00:00,179.91,08/07/2025 16:00:00,237.13,08/07/2025 16:00:00,289.27,08/07/2025 16:00:00,80.94,08/07/2025 16:00:00,22.18,08/07/2025 16:00:00,42.8,08/07/2025 16:00:00,133.41,08/07/2025 16:00:00,159.47,08/07/2025 16:00:00,223.92,08/07/2025 16:00:00,133.24,08/07/2025 16:00:00,34.98,08/07/2025 16:00:00,68.8,08/07/2025 16:00:00,35.58,09/07/2025 16:00:00,292.25,08/07/2025 16:00:00,123.22,08/07/2025 16:00:00,356.68,08/07/2025 16:00:00,87.61,08/07/2025 16:00:00,47.5,08/07/2025 16:00:00,366.02,09/07/2025 16:00:00,45.58,08/07/2025 16:00:00,101.29,,,10/07/2025 17:36:00,76.92,08/07/2025 16:00:00,60,08/07/2025 16:00:00,92.55,08/07/2025 16:00:00,151.73,08/07/2025 16:00:00,291.96,08/07/2025 16:00:00,324.47,08/07/2025 16:00:00,47.79,08/07/2025 16:00:00,82.79,08/07/2025 16:00:00,392.43,08/07/2025 16:00:00,235.05,09/07/2025 16:00:00,67.01,08/07/2025 16:00:00,75.69,08/07/2025 16:00:00,29.16,08/07/2025 16:00:00,29.37,08/07/2025 16:00:00,219,08/07/2025 16:00:00,304.23,08/07/2025 16:00:00,46.65,08/07/2025 16:00:00,564.58,08/07/2025 16:00:00,710.72,08/07/2025 16:00:00,92.67,,,08/07/2025 16:00:00,774.85,08/07/2025 16:00:00,164.27,08/07/2025 16:00:00,73.44,31/07/2025 16:00:00,0.23,08/07/2025 16:00:00,239.28,08/07/2025 16:00:00,76.13,08/07/2025 16:00:00,111.76,08/07/2025 16:00:00,101.72,08/07/2025 16:00:00,87.56,08/07/2025 16:00:00,989.5,08/07/2025 16:00:00,90.9,,,08/07/2025 16:00:00,301.75,08/07/2025 16:00:00,25.52,09/07/2025 16:00:00,139.7,08/07/2025 16:00:00,199.18,08/07/2025 16:00:00,79.49,08/07/2025 16:00:00,11.65,08/07/2025 16:00:00,27.71,,,09/07/2025 16:00:00,97.55,08/07/2025 16:00:00,45.66,08/07/2025 16:00:00,130.32,09/07/2025 16:00:00,20.52,08/07/2025 16:00:00,215,08/07/2025 16:00:00,42.85,08/07/2025 16:00:00,12.78,08/07/2025 16:00:00,125.02,,,08/07/2025 16:00:00,131.25,08/07/2025 16:00:00,20.95,08/07/2025 16:00:00,220.9,09/07/2025 16:00:00,30.96,08/07/2025 16:00:00,10.55,08/07/2025 16:00:00,197.36,08/07/2025 16:00:00,507.37,08/07/2025 16:00:00,224.05,09/07/2025 16:00:00,1080,,,,,08/07/2025 16:00:00,56.07,09/07/2025 16:00:00,103,08/07/2025 16:00:00,149.73,09/07/2025 16:00:00,116.31,08/07/2025 16:00:00,119.72,08/07/2025 16:00:00,72.86
09/07/2025 16:00:00,209.53,09/07/2025 16:00:00,113.92,09/07/2025 16:00:00,500.3,09/07/2025 16:00:00,97.15,09/07/2025 16:00:00,291.39,09/07/2025 16:00:00,152.94,09/07/2025 16:00:00,248.99,09/07/2025 16:00:00,28.33,09/07/2025 16:00:00,176.11,10/07/2025 16:00:00,156.1,09/07/2025 16:00:00,158.1,09/07/2025 16:00:00,25.69,09/07/2025 16:00:00,82.43,09/07/2025 16:00:00,70.16,09/07/2025 16:00:00,179.57,09/07/2025 16:00:00,235.51,09/07/2025 16:00:00,287.18,09/07/2025 16:00:00,82.38,09/07/2025 16:00:00,23.29,09/07/2025 16:00:00,42.99,09/07/2025 16:00:00,134.9,09/07/2025 16:00:00,159.4,09/07/2025 16:00:00,221.07,09/07/2025 16:00:00,133.47,09/07/2025 16:00:00,36.29,09/07/2025 16:00:00,68.54,09/07/2025 16:00:00,35.92,10/07/2025 16:00:00,296.3,09/07/2025 16:00:00,121.84,09/07/2025 16:00:00,355.07,09/07/2025 16:00:00,86.64,09/07/2025 16:00:00,47.16,09/07/2025 16:00:00,367.51,10/07/2025 16:00:00,45.29,09/07/2025 16:00:00,102.92,,,11/07/2025 17:36:00,76.95,09/07/2025 16:00:00,59.42,09/07/2025 16:00:00,95.22,09/07/2025 16:00:00,154.38,09/07/2025 16:00:00,298.51,09/07/2025 16:00:00,318.66,09/07/2025 16:00:00,47.98,09/07/2025 16:00:00,83.27,09/07/2025 16:00:00,399.72,09/07/2025 16:00:00,237.33,10/07/2025 16:00:00,66.88,09/07/2025 16:00:00,75.56,09/07/2025 16:00:00,29.15,09/07/2025 16:00:00,29.52,09/07/2025 16:00:00,220.12,09/07/2025 16:00:00,303.19,09/07/2025 16:00:00,47.2,09/07/2025 16:00:00,562,09/07/2025 16:00:00,704.34,09/07/2025 16:00:00,92.15,,,09/07/2025 16:00:00,783.8,09/07/2025 16:00:00,164.62,09/07/2025 16:00:00,75.33,01/08/2025 16:00:00,0.23,09/07/2025 16:00:00,240.7,09/07/2025 16:00:00,74.13,09/07/2025 16:00:00,112.43,09/07/2025 16:00:00,102.51,09/07/2025 16:00:00,88.83,09/07/2025 16:00:00,988.39,09/07/2025 16:00:00,91.4,,,09/07/2025 16:00:00,303.16,09/07/2025 16:00:00,25.82,10/07/2025 16:00:00,140,09/07/2025 16:00:00,200.99,09/07/2025 16:00:00,79.94,09/07/2025 16:00:00,11.78,09/07/2025 16:00:00,29.37,,,10/07/2025 16:00:00,94.88,09/07/2025 16:00:00,46.74,09/07/2025 16:00:00,134.56,10/07/2025 16:00:00,20.24,09/07/2025 16:00:00,216.94,09/07/2025 16:00:00,43,09/07/2025 16:00:00,13.52,09/07/2025 16:00:00,125.52,,,09/07/2025 16:00:00,131.53,09/07/2025 16:00:00,22.07,09/07/2025 16:00:00,218.88,10/07/2025 16:00:00,29.73,09/07/2025 16:00:00,10.77,09/07/2025 16:00:00,200,09/07/2025 16:00:00,510.98,09/07/2025 16:00:00,224.2,10/07/2025 16:00:00,1091.78,,,,,09/07/2025 16:00:00,56.48,10/07/2025 16:00:00,101.73,09/07/2025 16:00:00,150.47,10/07/2025 16:00:00,116.6,09/07/2025 16:00:00,122.98,09/07/2025 16:00:00,72.87
10/07/2025 16:00:00,210.51,10/07/2025 16:00:00,113.71,10/07/2025 16:00:00,503.05,10/07/2025 16:00:00,96.66,10/07/2025 16:00:00,288.9,10/07/2025 16:00:00,152.79,10/07/2025 16:00:00,250.61,10/07/2025 16:00:00,27.76,10/07/2025 16:00:00,176.67,11/07/2025 16:00:00,157.09,10/07/2025 16:00:00,157.76,10/07/2025 16:00:00,25.58,10/07/2025 16:00:00,81.61,10/07/2025 16:00:00,69.29,10/07/2025 16:00:00,178.4,10/07/2025 16:00:00,239.94,10/07/2025 16:00:00,283,10/07/2025 16:00:00,83.64,10/07/2025 16:00:00,23.63,10/07/2025 16:00:00,41.87,10/07/2025 16:00:00,134.43,10/07/2025 16:00:00,158.99,10/07/2025 16:00:00,221.55,10/07/2025 16:00:00,133.73,10/07/2025 16:00:00,36.03,10/07/2025 16:00:00,69.26,10/07/2025 16:00:00,35.56,11/07/2025 16:00:00,298.14,10/07/2025 16:00:00,120.62,10/07/2025 16:00:00,356.83,10/07/2025 16:00:00,85.83,10/07/2025 16:00:00,46.9,10/07/2025 16:00:00,369,11/07/2025 16:00:00,45.69,10/07/2025 16:00:00,102.74,,,14/07/2025 17:36:00,78.04,10/07/2025 16:00:00,57.72,10/07/2025 16:00:00,94.1,10/07/2025 16:00:00,156.11,10/07/2025 16:00:00,296.19,10/07/2025 16:00:00,317.85,10/07/2025 16:00:00,47.31,10/07/2025 16:00:00,82.89,10/07/2025 16:00:00,404.66,10/07/2025 16:00:00,237.17,11/07/2025 16:00:00,65.1,10/07/2025 16:00:00,76.97,10/07/2025 16:00:00,29.16,10/07/2025 16:00:00,29.4,10/07/2025 16:00:00,226.65,10/07/2025 16:00:00,303.06,10/07/2025 16:00:00,47.45,10/07/2025 16:00:00,565.65,10/07/2025 16:00:00,696.74,10/07/2025 16:00:00,91.32,,,10/07/2025 16:00:00,789.67,10/07/2025 16:00:00,162.99,10/07/2025 16:00:00,75.55,,,10/07/2025 16:00:00,237.82,10/07/2025 16:00:00,73.12,10/07/2025 16:00:00,113.07,10/07/2025 16:00:00,102.92,10/07/2025 16:00:00,89.23,10/07/2025 16:00:00,987,10/07/2025 16:00:00,91.45,,,10/07/2025 16:00:00,292.04,10/07/2025 16:00:00,25.68,11/07/2025 16:00:00,139.64,10/07/2025 16:00:00,201.41,10/07/2025 16:00:00,78.28,10/07/2025 16:00:00,11.86,10/07/2025 16:00:00,29.7,,,11/07/2025 16:00:00,94.37,10/07/2025 16:00:00,46.78,10/07/2025 16:00:00,133.45,11/07/2025 16:00:00,20.32,10/07/2025 16:00:00,219.28,10/07/2025 16:00:00,43.02,10/07/2025 16:00:00,13.32,10/07/2025 16:00:00,125.02,,,10/07/2025 16:00:00,131.43,10/07/2025 16:00:00,21.91,10/07/2025 16:00:00,219.12,11/07/2025 16:00:00,29.26,10/07/2025 16:00:00,10.75,10/07/2025 16:00:00,196.6,10/07/2025 16:00:00,511.71,10/07/2025 16:00:00,224.76,11/07/2025 16:00:00,1099.61,,,,,10/07/2025 16:00:00,56.67,11/07/2025 16:00:00,101.54,10/07/2025 16:00:00,151.05,11/07/2025 16:00:00,117.73,10/07/2025 16:00:00,121.13,10/07/2025 16:00:00,73.3
11/07/2025 16:00:00,210.57,11/07/2025 16:00:00,114.85,11/07/2025 16:00:00,498.47,11/07/2025 16:00:00,95.01,11/07/2025 16:00:00,285.01,11/07/2025 16:00:00,154.29,11/07/2025 16:00:00,251.5,11/07/2025 16:00:00,27.55,11/07/2025 16:00:00,177.91,14/07/2025 16:00:00,156.87,11/07/2025 16:00:00,158.05,11/07/2025 16:00:00,25.65,11/07/2025 16:00:00,81.75,11/07/2025 16:00:00,69.57,11/07/2025 16:00:00,179.96,11/07/2025 16:00:00,231.37,11/07/2025 16:00:00,285.52,11/07/2025 16:00:00,84.02,11/07/2025 16:00:00,23.56,11/07/2025 16:00:00,41.98,11/07/2025 16:00:00,134.84,11/07/2025 16:00:00,159,11/07/2025 16:00:00,223.58,11/07/2025 16:00:00,133.27,11/07/2025 16:00:00,36.45,11/07/2025 16:00:00,68.29,11/07/2025 16:00:00,35.24,14/07/2025 16:00:00,299.18,11/07/2025 16:00:00,120.64,11/07/2025 16:00:00,352.51,11/07/2025 16:00:00,85.92,11/07/2025 16:00:00,46.64,11/07/2025 16:00:00,370.36,14/07/2025 16:00:00,45.96,11/07/2025 16:00:00,102.23,,,15/07/2025 17:36:00,78.57,11/07/2025 16:00:00,58.44,11/07/2025 16:00:00,94.7,11/07/2025 16:00:00,156.05,11/07/2025 16:00:00,298.23,11/07/2025 16:00:00,322.98,11/07/2025 16:00:00,47,11/07/2025 16:00:00,81.92,11/07/2025 16:00:00,405.45,11/07/2025 16:00:00,235.62,14/07/2025 16:00:00,64.75,11/07/2025 16:00:00,77.31,11/07/2025 16:00:00,29.01,11/07/2025 16:00:00,29.58,11/07/2025 16:00:00,225.43,11/07/2025 16:00:00,300.02,11/07/2025 16:00:00,47.75,11/07/2025 16:00:00,559.82,11/07/2025 16:00:00,703.59,11/07/2025 16:00:00,90.06,,,11/07/2025 16:00:00,786.35,11/07/2025 16:00:00,162,11/07/2025 16:00:00,75.41,,,11/07/2025 16:00:00,234.37,11/07/2025 16:00:00,73.69,11/07/2025 16:00:00,113.54,11/07/2025 16:00:00,104.31,11/07/2025 16:00:00,91.77,11/07/2025 16:00:00,973.29,11/07/2025 16:00:00,92.85,,,11/07/2025 16:00:00,287.21,11/07/2025 16:00:00,25.5,14/07/2025 16:00:00,139.6,11/07/2025 16:00:00,205.51,11/07/2025 16:00:00,77.69,11/07/2025 16:00:00,11.85,11/07/2025 16:00:00,29.62,,,14/07/2025 16:00:00,93.68,11/07/2025 16:00:00,45.9,11/07/2025 16:00:00,133.49,14/07/2025 16:00:00,20.01,11/07/2025 16:00:00,219.75,11/07/2025 16:00:00,43.34,11/07/2025 16:00:00,13.61,11/07/2025 16:00:00,123.73,,,11/07/2025 16:00:00,131.95,11/07/2025 16:00:00,22.11,11/07/2025 16:00:00,218.86,14/07/2025 16:00:00,28.5,11/07/2025 16:00:00,10.94,11/07/2025 16:00:00,197,11/07/2025 16:00:00,514.2,11/07/2025 16:00:00,225.58,14/07/2025 16:00:00,1101.08,,,,,11/07/2025 16:00:00,57.52,14/07/2025 16:00:00,101.41,11/07/2025 16:00:00,151.38,14/07/2025 16:00:00,117.45,11/07/2025 16:00:00,121.86,11/07/2025 16:00:00,73.85
14/07/2025 16:00:00,209.93,14/07/2025 16:00:00,115.23,14/07/2025 16:00:00,501.52,14/07/2025 16:00:00,94.51,14/07/2025 16:00:00,282.83,14/07/2025 16:00:00,154.9,14/07/2025 16:00:00,256.19,14/07/2025 16:00:00,27.02,14/07/2025 16:00:00,182.07,15/07/2025 16:00:00,156.36,14/07/2025 16:00:00,155.58,14/07/2025 16:00:00,25.58,14/07/2025 16:00:00,82.2,14/07/2025 16:00:00,69.8,14/07/2025 16:00:00,181,14/07/2025 16:00:00,229.45,14/07/2025 16:00:00,287.07,14/07/2025 16:00:00,83.43,14/07/2025 16:00:00,23.24,14/07/2025 16:00:00,41.59,14/07/2025 16:00:00,134.75,14/07/2025 16:00:00,156.42,14/07/2025 16:00:00,225.07,14/07/2025 16:00:00,132.02,14/07/2025 16:00:00,37.02,14/07/2025 16:00:00,67.83,14/07/2025 16:00:00,34.9,15/07/2025 16:00:00,301.3,14/07/2025 16:00:00,119.78,14/07/2025 16:00:00,347.39,14/07/2025 16:00:00,86.48,14/07/2025 16:00:00,46.81,14/07/2025 16:00:00,370.48,15/07/2025 16:00:00,44.94,14/07/2025 16:00:00,101,,,16/07/2025 17:36:00,82.2,14/07/2025 16:00:00,58,14/07/2025 16:00:00,94.96,14/07/2025 16:00:00,155.59,14/07/2025 16:00:00,293.86,14/07/2025 16:00:00,319.29,14/07/2025 16:00:00,47.26,14/07/2025 16:00:00,81.27,14/07/2025 16:00:00,404,14/07/2025 16:00:00,234.08,15/07/2025 16:00:00,64.48,14/07/2025 16:00:00,77.25,14/07/2025 16:00:00,29.1,14/07/2025 16:00:00,29.54,14/07/2025 16:00:00,231.4,14/07/2025 16:00:00,301.64,14/07/2025 16:00:00,46.88,14/07/2025 16:00:00,550.5,14/07/2025 16:00:00,704.74,14/07/2025 16:00:00,89.53,,,14/07/2025 16:00:00,790,14/07/2025 16:00:00,161.33,14/07/2025 16:00:00,75.08,,,14/07/2025 16:00:00,236.5,14/07/2025 16:00:00,72.34,14/07/2025 16:00:00,109.67,14/07/2025 16:00:00,104,14/07/2025 16:00:00,89.75,14/07/2025 16:00:00,971.1,14/07/2025 16:00:00,92.62,,,14/07/2025 16:00:00,280.69,14/07/2025 16:00:00,25.2,15/07/2025 16:00:00,140.84,14/07/2025 16:00:00,200,14/07/2025 16:00:00,77.44,14/07/2025 16:00:00,11.76,14/07/2025 16:00:00,29.25,,,15/07/2025 16:00:00,93.62,14/07/2025 16:00:00,45.83,14/07/2025 16:00:00,133.56,15/07/2025 16:00:00,19.46,14/07/2025 16:00:00,219.41,14/07/2025 16:00:00,43.49,14/07/2025 16:00:00,13.56,14/07/2025 16:00:00,123.15,,,14/07/2025 16:00:00,129.24,14/07/2025 16:00:00,22.97,14/07/2025 16:00:00,220.3,15/07/2025 16:00:00,28.71,14/07/2025 16:00:00,10.81,14/07/2025 16:00:00,197.6,14/07/2025 16:00:00,512.5,14/07/2025 16:00:00,223.27,15/07/2025 16:00:00,1070.85,,,,,14/07/2025 16:00:00,57.31,15/07/2025 16:00:00,102.08,14/07/2025 16:00:00,150.46,15/07/2025 16:00:00,117.53,14/07/2025 16:00:00,122.61,14/07/2025 16:00:00,74.4
15/07/2025 16:00:00,209.22,15/07/2025 16:00:00,113.66,15/07/2025 16:00:00,503.02,15/07/2025 16:00:00,95.6,15/07/2025 16:00:00,283.77,15/07/2025 16:00:00,151.6,15/07/2025 16:00:00,263.92,15/07/2025 16:00:00,26.93,15/07/2025 16:00:00,183.94,16/07/2025 16:00:00,160.3,15/07/2025 16:00:00,153.56,15/07/2025 16:00:00,25.34,15/07/2025 16:00:00,80.75,15/07/2025 16:00:00,69.51,15/07/2025 16:00:00,180.56,15/07/2025 16:00:00,232.41,15/07/2025 16:00:00,288,15/07/2025 16:00:00,83.78,15/07/2025 16:00:00,23.57,15/07/2025 16:00:00,41.44,15/07/2025 16:00:00,135.43,15/07/2025 16:00:00,156.29,15/07/2025 16:00:00,226.2,15/07/2025 16:00:00,131.9,15/07/2025 16:00:00,36.15,15/07/2025 16:00:00,67.68,15/07/2025 16:00:00,35.62,16/07/2025 16:00:00,299.78,15/07/2025 16:00:00,120.23,15/07/2025 16:00:00,348.12,15/07/2025 16:00:00,88.65,15/07/2025 16:00:00,46.88,15/07/2025 16:00:00,369.98,16/07/2025 16:00:00,42.9,15/07/2025 16:00:00,100.3,,,17/07/2025 17:36:00,80,15/07/2025 16:00:00,57.8,15/07/2025 16:00:00,94.27,15/07/2025 16:00:00,157.91,15/07/2025 16:00:00,297.19,15/07/2025 16:00:00,318.61,15/07/2025 16:00:00,46.86,15/07/2025 16:00:00,81.39,15/07/2025 16:00:00,406.26,15/07/2025 16:00:00,233.04,16/07/2025 16:00:00,64,15/07/2025 16:00:00,77.57,15/07/2025 16:00:00,29.33,15/07/2025 16:00:00,30.34,15/07/2025 16:00:00,230.12,15/07/2025 16:00:00,299.71,15/07/2025 16:00:00,47.15,15/07/2025 16:00:00,553.11,15/07/2025 16:00:00,713.3,15/07/2025 16:00:00,88.85,,,15/07/2025 16:00:00,801.67,15/07/2025 16:00:00,162.94,15/07/2025 16:00:00,75.8,,,15/07/2025 16:00:00,237.19,15/07/2025 16:00:00,72.26,15/07/2025 16:00:00,110.94,15/07/2025 16:00:00,105,15/07/2025 16:00:00,89.7,15/07/2025 16:00:00,979.25,15/07/2025 16:00:00,92.55,,,15/07/2025 16:00:00,281.04,15/07/2025 16:00:00,25.06,16/07/2025 16:00:00,140.05,15/07/2025 16:00:00,199.41,15/07/2025 16:00:00,77.5,15/07/2025 16:00:00,11.9,15/07/2025 16:00:00,28.67,,,16/07/2025 16:00:00,92.66,15/07/2025 16:00:00,45.24,15/07/2025 16:00:00,132.96,16/07/2025 16:00:00,18.66,15/07/2025 16:00:00,220.77,15/07/2025 16:00:00,43.35,15/07/2025 16:00:00,13.27,15/07/2025 16:00:00,123.19,,,15/07/2025 16:00:00,127.44,15/07/2025 16:00:00,22.05,15/07/2025 16:00:00,220.09,16/07/2025 16:00:00,28.41,15/07/2025 16:00:00,11.12,15/07/2025 16:00:00,195.46,15/07/2025 16:00:00,507.65,15/07/2025 16:00:00,223.01,16/07/2025 16:00:00,1054.59,,,,,15/07/2025 16:00:00,56.99,16/07/2025 16:00:00,100.98,15/07/2025 16:00:00,146.6,16/07/2025 16:00:00,116.99,15/07/2025 16:00:00,122.59,15/07/2025 16:00:00,75.34
16/07/2025 16:00:00,210.3,16/07/2025 16:00:00,112.88,16/07/2025 16:00:00,505.18,16/07/2025 16:00:00,95.42,16/07/2025 16:00:00,282.75,16/07/2025 16:00:00,150.76,16/07/2025 16:00:00,264,16/07/2025 16:00:00,27.02,16/07/2025 16:00:00,184.32,17/07/2025 16:00:00,163.18,16/07/2025 16:00:00,152.74,16/07/2025 16:00:00,24.68,16/07/2025 16:00:00,78.89,16/07/2025 16:00:00,69.35,16/07/2025 16:00:00,180.83,16/07/2025 16:00:00,235.5,16/07/2025 16:00:00,288.4,16/07/2025 16:00:00,81.46,16/07/2025 16:00:00,22.99,16/07/2025 16:00:00,41.27,16/07/2025 16:00:00,133.95,16/07/2025 16:00:00,154.3,16/07/2025 16:00:00,225.88,16/07/2025 16:00:00,132.12,16/07/2025 16:00:00,35,16/07/2025 16:00:00,67.15,16/07/2025 16:00:00,34.77,17/07/2025 16:00:00,299.77,16/07/2025 16:00:00,119.36,16/07/2025 16:00:00,347.29,16/07/2025 16:00:00,91.48,16/07/2025 16:00:00,46.25,16/07/2025 16:00:00,359.86,17/07/2025 16:00:00,42.58,16/07/2025 16:00:00,99.71,,,18/07/2025 17:36:00,78.82,16/07/2025 16:00:00,58.47,16/07/2025 16:00:00,92.41,16/07/2025 16:00:00,157.62,16/07/2025 16:00:00,292.51,16/07/2025 16:00:00,312.44,16/07/2025 16:00:00,45.96,16/07/2025 16:00:00,81.66,16/07/2025 16:00:00,405,16/07/2025 16:00:00,232,17/07/2025 16:00:00,63.25,16/07/2025 16:00:00,76.94,16/07/2025 16:00:00,29.22,16/07/2025 16:00:00,29.8,16/07/2025 16:00:00,232.13,16/07/2025 16:00:00,292.55,16/07/2025 16:00:00,46.77,16/07/2025 16:00:00,552.42,16/07/2025 16:00:00,708.5,16/07/2025 16:00:00,88.08,,,16/07/2025 16:00:00,773.5,16/07/2025 16:00:00,160.74,16/07/2025 16:00:00,74.4,,,16/07/2025 16:00:00,235.46,16/07/2025 16:00:00,71.9,16/07/2025 16:00:00,108.58,16/07/2025 16:00:00,102.67,16/07/2025 16:00:00,89.59,16/07/2025 16:00:00,967.99,16/07/2025 16:00:00,92.38,,,16/07/2025 16:00:00,276.75,16/07/2025 16:00:00,24.54,17/07/2025 16:00:00,141,16/07/2025 16:00:00,193.39,16/07/2025 16:00:00,76.55,16/07/2025 16:00:00,11.35,16/07/2025 16:00:00,27.96,,,17/07/2025 16:00:00,90.73,16/07/2025 16:00:00,43.89,16/07/2025 16:00:00,128.5,17/07/2025 16:00:00,18.24,16/07/2025 16:00:00,218.4,16/07/2025 16:00:00,42.95,16/07/2025 16:00:00,12.78,16/07/2025 16:00:00,122.13,,,16/07/2025 16:00:00,126.89,16/07/2025 16:00:00,21.35,16/07/2025 16:00:00,216.31,17/07/2025 16:00:00,28.35,16/07/2025 16:00:00,10.91,16/07/2025 16:00:00,196.89,16/07/2025 16:00:00,503,16/07/2025 16:00:00,215.5,17/07/2025 16:00:00,1085,,,,,16/07/2025 16:00:00,56.58,17/07/2025 16:00:00,101,16/07/2025 16:00:00,145.02,17/07/2025 16:00:00,117.28,16/07/2025 16:00:00,119.71,16/07/2025 16:00:00,75.06
17/07/2025 16:00:00,210.57,17/07/2025 16:00:00,111.49,17/07/2025 16:00:00,505.68,17/07/2025 16:00:00,95.08,17/07/2025 16:00:00,281.5,17/07/2025 16:00:00,149.16,17/07/2025 16:00:00,269.8,17/07/2025 16:00:00,26.8,17/07/2025 16:00:00,183.12,18/07/2025 16:00:00,163.93,17/07/2025 16:00:00,154.04,17/07/2025 16:00:00,24.49,17/07/2025 16:00:00,79.46,17/07/2025 16:00:00,69.81,17/07/2025 16:00:00,183.03,17/07/2025 16:00:00,243.34,17/07/2025 16:00:00,283.44,17/07/2025 16:00:00,81.98,17/07/2025 16:00:00,22.66,17/07/2025 16:00:00,41.29,17/07/2025 16:00:00,141.7,17/07/2025 16:00:00,153,17/07/2025 16:00:00,223.32,17/07/2025 16:00:00,126.55,17/07/2025 16:00:00,34.48,17/07/2025 16:00:00,67.55,17/07/2025 16:00:00,34.3,18/07/2025 16:00:00,299.74,17/07/2025 16:00:00,119.75,17/07/2025 16:00:00,350,17/07/2025 16:00:00,90.13,17/07/2025 16:00:00,45.64,17/07/2025 16:00:00,356.54,18/07/2025 16:00:00,44.03,17/07/2025 16:00:00,99.33,,,21/07/2025 17:36:00,80.41,17/07/2025 16:00:00,58.7,17/07/2025 16:00:00,91.1,17/07/2025 16:00:00,157.26,17/07/2025 16:00:00,297.59,17/07/2025 16:00:00,310.92,17/07/2025 16:00:00,44.15,17/07/2025 16:00:00,80.89,17/07/2025 16:00:00,414.86,17/07/2025 16:00:00,227.5,18/07/2025 16:00:00,63.35,17/07/2025 16:00:00,77.21,17/07/2025 16:00:00,29.39,17/07/2025 16:00:00,29.79,17/07/2025 16:00:00,230.11,17/07/2025 16:00:00,292.33,17/07/2025 16:00:00,46.81,17/07/2025 16:00:00,552.98,17/07/2025 16:00:00,706.28,17/07/2025 16:00:00,87.66,,,17/07/2025 16:00:00,786.79,17/07/2025 16:00:00,161.69,17/07/2025 16:00:00,73.97,,,17/07/2025 16:00:00,236.61,17/07/2025 16:00:00,72.12,17/07/2025 16:00:00,109.21,17/07/2025 16:00:00,101.59,17/07/2025 16:00:00,89.54,17/07/2025 16:00:00,950.36,17/07/2025 16:00:00,93,,,17/07/2025 16:00:00,280.75,17/07/2025 16:00:00,24.56,18/07/2025 16:00:00,144.97,17/07/2025 16:00:00,193.88,17/07/2025 16:00:00,76.22,17/07/2025 16:00:00,11.19,17/07/2025 16:00:00,28.01,,,18/07/2025 16:00:00,94.04,17/07/2025 16:00:00,43.87,17/07/2025 16:00:00,128.18,18/07/2025 16:00:00,19.14,17/07/2025 16:00:00,216.14,17/07/2025 16:00:00,42.7,17/07/2025 16:00:00,12.84,17/07/2025 16:00:00,121.05,,,17/07/2025 16:00:00,127,17/07/2025 16:00:00,21.1,17/07/2025 16:00:00,215.84,18/07/2025 16:00:00,28.05,17/07/2025 16:00:00,11.44,17/07/2025 16:00:00,193.05,17/07/2025 16:00:00,505.8,17/07/2025 16:00:00,216.35,18/07/2025 16:00:00,1111.93,,,,,17/07/2025 16:00:00,56.91,18/07/2025 16:00:00,101.68,17/07/2025 16:00:00,146.1,18/07/2025 16:00:00,117.34,17/07/2025 16:00:00,117.22,17/07/2025 16:00:00,74.51
18/07/2025 16:00:00,210.87,18/07/2025 16:00:00,111.11,18/07/2025 16:00:00,514.48,18/07/2025 16:00:00,95.09,18/07/2025 16:00:00,283.38,18/07/2025 16:00:00,155.02,18/07/2025 16:00:00,265.4,18/07/2025 16:00:00,26.97,18/07/2025 16:00:00,186.62,21/07/2025 16:00:00,163.77,18/07/2025 16:00:00,153.78,18/07/2025 16:00:00,24.71,18/07/2025 16:00:00,79.85,18/07/2025 16:00:00,70.44,18/07/2025 16:00:00,179.47,18/07/2025 16:00:00,248.5,18/07/2025 16:00:00,289.52,18/07/2025 16:00:00,81.7,18/07/2025 16:00:00,23.22,18/07/2025 16:00:00,40.98,18/07/2025 16:00:00,146.26,18/07/2025 16:00:00,153.04,18/07/2025 16:00:00,225.14,18/07/2025 16:00:00,122.63,18/07/2025 16:00:00,34.3,18/07/2025 16:00:00,68.78,18/07/2025 16:00:00,34.86,21/07/2025 16:00:00,298.11,18/07/2025 16:00:00,121.97,18/07/2025 16:00:00,349.5,18/07/2025 16:00:00,93.15,18/07/2025 16:00:00,47.01,18/07/2025 16:00:00,359.98,21/07/2025 16:00:00,43.75,18/07/2025 16:00:00,99.72,,,22/07/2025 17:36:00,80.7,18/07/2025 16:00:00,57.98,18/07/2025 16:00:00,93.37,18/07/2025 16:00:00,162.54,18/07/2025 16:00:00,300.93,18/07/2025 16:00:00,311.86,18/07/2025 16:00:00,45.42,18/07/2025 16:00:00,81.17,18/07/2025 16:00:00,418.7,18/07/2025 16:00:00,228.42,21/07/2025 16:00:00,62.55,18/07/2025 16:00:00,76.96,18/07/2025 16:00:00,29.6,18/07/2025 16:00:00,30.32,18/07/2025 16:00:00,231.43,18/07/2025 16:00:00,287.89,18/07/2025 16:00:00,48.14,18/07/2025 16:00:00,555.26,18/07/2025 16:00:00,707.06,18/07/2025 16:00:00,86.7,,,18/07/2025 16:00:00,763.86,18/07/2025 16:00:00,162.9,18/07/2025 16:00:00,75.19,,,18/07/2025 16:00:00,239.72,18/07/2025 16:00:00,73.28,18/07/2025 16:00:00,109.85,18/07/2025 16:00:00,103.96,18/07/2025 16:00:00,89.98,18/07/2025 16:00:00,959.95,18/07/2025 16:00:00,93.53,,,18/07/2025 16:00:00,283.24,18/07/2025 16:00:00,24.96,21/07/2025 16:00:00,144.94,18/07/2025 16:00:00,195.66,18/07/2025 16:00:00,77.37,18/07/2025 16:00:00,11.17,18/07/2025 16:00:00,28.65,,,21/07/2025 16:00:00,94.3,18/07/2025 16:00:00,44.85,18/07/2025 16:00:00,129.37,21/07/2025 16:00:00,18.93,18/07/2025 16:00:00,218.49,18/07/2025 16:00:00,43.01,18/07/2025 16:00:00,13.12,18/07/2025 16:00:00,122.3,,,18/07/2025 16:00:00,128.38,18/07/2025 16:00:00,21.75,18/07/2025 16:00:00,218.6,21/07/2025 16:00:00,28,18/07/2025 16:00:00,11.88,18/07/2025 16:00:00,196.34,18/07/2025 16:00:00,502.37,18/07/2025 16:00:00,219.31,21/07/2025 16:00:00,1107.68,,,,,18/07/2025 16:00:00,57.76,21/07/2025 16:00:00,101.95,18/07/2025 16:00:00,148.33,21/07/2025 16:00:00,118.45,18/07/2025 16:00:00,118.99,18/07/2025 16:00:00,75.25
21/07/2025 16:00:00,212.1,21/07/2025 16:00:00,107.6,21/07/2025 16:00:00,506.71,21/07/2025 16:00:00,95.26,21/07/2025 16:00:00,286.29,21/07/2025 16:00:00,151.2,21/07/2025 16:00:00,263.69,21/07/2025 16:00:00,27.46,21/07/2025 16:00:00,187.1,22/07/2025 16:00:00,165,21/07/2025 16:00:00,155.07,21/07/2025 16:00:00,24.59,21/07/2025 16:00:00,80.75,21/07/2025 16:00:00,70.19,21/07/2025 16:00:00,178,21/07/2025 16:00:00,245.31,21/07/2025 16:00:00,291,21/07/2025 16:00:00,80.16,21/07/2025 16:00:00,23.4,21/07/2025 16:00:00,41.95,21/07/2025 16:00:00,143.1,21/07/2025 16:00:00,154.92,21/07/2025 16:00:00,225.84,21/07/2025 16:00:00,124.26,21/07/2025 16:00:00,33.65,21/07/2025 16:00:00,67.9,21/07/2025 16:00:00,34.75,22/07/2025 16:00:00,295.86,21/07/2025 16:00:00,121.07,21/07/2025 16:00:00,349.06,21/07/2025 16:00:00,93.59,21/07/2025 16:00:00,47.54,21/07/2025 16:00:00,360.72,22/07/2025 16:00:00,43.15,21/07/2025 16:00:00,99.56,,,23/07/2025 17:36:00,82.07,21/07/2025 16:00:00,57.9,21/07/2025 16:00:00,91.74,21/07/2025 16:00:00,152.25,21/07/2025 16:00:00,294.75,21/07/2025 16:00:00,307.96,21/07/2025 16:00:00,45.78,21/07/2025 16:00:00,81.33,21/07/2025 16:00:00,417.22,21/07/2025 16:00:00,225.97,22/07/2025 16:00:00,61.09,21/07/2025 16:00:00,78.62,21/07/2025 16:00:00,29.68,21/07/2025 16:00:00,29.82,21/07/2025 16:00:00,229.4,21/07/2025 16:00:00,284.64,21/07/2025 16:00:00,47.39,21/07/2025 16:00:00,553.4,21/07/2025 16:00:00,709.14,21/07/2025 16:00:00,86.64,,,21/07/2025 16:00:00,768.17,21/07/2025 16:00:00,163.09,21/07/2025 16:00:00,76.24,,,21/07/2025 16:00:00,236.54,21/07/2025 16:00:00,72.93,21/07/2025 16:00:00,108.38,21/07/2025 16:00:00,102.11,21/07/2025 16:00:00,89.43,21/07/2025 16:00:00,951.51,21/07/2025 16:00:00,94.26,,,21/07/2025 16:00:00,283.52,21/07/2025 16:00:00,25.18,22/07/2025 16:00:00,143.04,21/07/2025 16:00:00,189.89,21/07/2025 16:00:00,77.5,21/07/2025 16:00:00,11.26,21/07/2025 16:00:00,28.59,,,22/07/2025 16:00:00,92.95,21/07/2025 16:00:00,45.57,21/07/2025 16:00:00,124.98,22/07/2025 16:00:00,18.44,21/07/2025 16:00:00,217.44,21/07/2025 16:00:00,43.4,21/07/2025 16:00:00,13.04,21/07/2025 16:00:00,122.49,,,21/07/2025 16:00:00,127.28,21/07/2025 16:00:00,21.37,21/07/2025 16:00:00,218.28,22/07/2025 16:00:00,27.53,21/07/2025 16:00:00,11.85,21/07/2025 16:00:00,197.06,21/07/2025 16:00:00,504.77,21/07/2025 16:00:00,220.03,22/07/2025 16:00:00,1096.08,,,,,21/07/2025 16:00:00,58.16,22/07/2025 16:00:00,101.28,21/07/2025 16:00:00,150.02,22/07/2025 16:00:00,120.12,21/07/2025 16:00:00,118.02,21/07/2025 16:00:00,76.34
22/07/2025 16:00:00,213.14,22/07/2025 16:00:00,107.98,22/07/2025 16:00:00,510.97,22/07/2025 16:00:00,95.84,22/07/2025 16:00:00,284.74,22/07/2025 16:00:00,149.26,22/07/2025 16:00:00,260.73,22/07/2025 16:00:00,27.45,22/07/2025 16:00:00,192.42,23/07/2025 16:00:00,168.6,22/07/2025 16:00:00,154.92,22/07/2025 16:00:00,24.37,22/07/2025 16:00:00,80.28,22/07/2025 16:00:00,69.45,22/07/2025 16:00:00,169.62,22/07/2025 16:00:00,241.98,22/07/2025 16:00:00,291.5,22/07/2025 16:00:00,79.87,22/07/2025 16:00:00,23.34,22/07/2025 16:00:00,42.75,22/07/2025 16:00:00,141.23,22/07/2025 16:00:00,158.96,22/07/2025 16:00:00,229.68,22/07/2025 16:00:00,124.33,22/07/2025 16:00:00,33.64,22/07/2025 16:00:00,68.34,22/07/2025 16:00:00,35.11,23/07/2025 16:00:00,299.49,22/07/2025 16:00:00,120.75,22/07/2025 16:00:00,351.1,22/07/2025 16:00:00,93.57,22/07/2025 16:00:00,47.6,22/07/2025 16:00:00,364.48,23/07/2025 16:00:00,43.78,22/07/2025 16:00:00,99.2,,,24/07/2025 17:36:00,78.98,22/07/2025 16:00:00,58.55,22/07/2025 16:00:00,91.25,22/07/2025 16:00:00,152.98,22/07/2025 16:00:00,296.46,22/07/2025 16:00:00,302.98,22/07/2025 16:00:00,45.82,22/07/2025 16:00:00,80.88,22/07/2025 16:00:00,410.38,22/07/2025 16:00:00,226.78,23/07/2025 16:00:00,61.34,22/07/2025 16:00:00,79.48,22/07/2025 16:00:00,29.48,22/07/2025 16:00:00,29.24,22/07/2025 16:00:00,228.3,22/07/2025 16:00:00,282.63,22/07/2025 16:00:00,46.91,22/07/2025 16:00:00,555.81,22/07/2025 16:00:00,703.66,22/07/2025 16:00:00,86.91,,,22/07/2025 16:00:00,763.34,22/07/2025 16:00:00,163.72,22/07/2025 16:00:00,76.66,,,22/07/2025 16:00:00,235.14,22/07/2025 16:00:00,74.07,22/07/2025 16:00:00,108.4,22/07/2025 16:00:00,102.75,22/07/2025 16:00:00,89.97,22/07/2025 16:00:00,948.8,22/07/2025 16:00:00,95.12,,,22/07/2025 16:00:00,281.8,22/07/2025 16:00:00,24.95,23/07/2025 16:00:00,145.54,22/07/2025 16:00:00,186.75,22/07/2025 16:00:00,76.42,22/07/2025 16:00:00,11.24,22/07/2025 16:00:00,28.48,,,23/07/2025 16:00:00,97.35,22/07/2025 16:00:00,45.61,22/07/2025 16:00:00,123.38,23/07/2025 16:00:00,18.85,22/07/2025 16:00:00,214.04,22/07/2025 16:00:00,43.91,22/07/2025 16:00:00,12.73,22/07/2025 16:00:00,125.08,,,22/07/2025 16:00:00,126.77,22/07/2025 16:00:00,20.7,22/07/2025 16:00:00,215.49,23/07/2025 16:00:00,28.09,22/07/2025 16:00:00,11.6,22/07/2025 16:00:00,195.89,22/07/2025 16:00:00,497.1,22/07/2025 16:00:00,222.65,23/07/2025 16:00:00,1104.17,,,,,22/07/2025 16:00:00,57.82,23/07/2025 16:00:00,103.09,22/07/2025 16:00:00,145.56,23/07/2025 16:00:00,120.82,22/07/2025 16:00:00,116.71,22/07/2025 16:00:00,76.35
23/07/2025 16:00:00,215,23/07/2025 16:00:00,108.93,23/07/2025 16:00:00,506.75,23/07/2025 16:00:00,96.01,23/07/2025 16:00:00,284.3,23/07/2025 16:00:00,150.91,23/07/2025 16:00:00,260.53,23/07/2025 16:00:00,26.3,23/07/2025 16:00:00,192.36,24/07/2025 16:00:00,169.5,23/07/2025 16:00:00,158.22,23/07/2025 16:00:00,25.38,23/07/2025 16:00:00,83,23/07/2025 16:00:00,69.66,23/07/2025 16:00:00,163,23/07/2025 16:00:00,239.95,23/07/2025 16:00:00,292.84,23/07/2025 16:00:00,82.62,23/07/2025 16:00:00,23.26,23/07/2025 16:00:00,42.4,23/07/2025 16:00:00,145.86,23/07/2025 16:00:00,158.59,23/07/2025 16:00:00,228.47,23/07/2025 16:00:00,126.32,23/07/2025 16:00:00,34.8,23/07/2025 16:00:00,68.35,23/07/2025 16:00:00,35.37,24/07/2025 16:00:00,296.91,23/07/2025 16:00:00,121.52,23/07/2025 16:00:00,353,23/07/2025 16:00:00,94.5,23/07/2025 16:00:00,48.01,23/07/2025 16:00:00,371.7,24/07/2025 16:00:00,44.33,23/07/2025 16:00:00,101.72,,,25/07/2025 17:36:00,78.61,23/07/2025 16:00:00,59.17,23/07/2025 16:00:00,93.54,23/07/2025 16:00:00,151.92,23/07/2025 16:00:00,307.81,23/07/2025 16:00:00,308,23/07/2025 16:00:00,46.52,23/07/2025 16:00:00,80.97,23/07/2025 16:00:00,420,23/07/2025 16:00:00,229.44,24/07/2025 16:00:00,61.65,23/07/2025 16:00:00,82.02,23/07/2025 16:00:00,29.77,23/07/2025 16:00:00,29.43,23/07/2025 16:00:00,230.32,23/07/2025 16:00:00,287.5,23/07/2025 16:00:00,48.86,23/07/2025 16:00:00,557.01,23/07/2025 16:00:00,702,23/07/2025 16:00:00,88.86,,,23/07/2025 16:00:00,780,23/07/2025 16:00:00,166.36,23/07/2025 16:00:00,78.12,,,23/07/2025 16:00:00,237.6,23/07/2025 16:00:00,76.15,23/07/2025 16:00:00,110.62,23/07/2025 16:00:00,107.5,23/07/2025 16:00:00,91.85,23/07/2025 16:00:00,942.38,23/07/2025 16:00:00,95.75,,,23/07/2025 16:00:00,289.74,23/07/2025 16:00:00,25.68,24/07/2025 16:00:00,146.78,23/07/2025 16:00:00,200.52,23/07/2025 16:00:00,78.15,23/07/2025 16:00:00,11.28,23/07/2025 16:00:00,30.21,,,24/07/2025 16:00:00,95.5,23/07/2025 16:00:00,44.66,23/07/2025 16:00:00,129.44,24/07/2025 16:00:00,19.12,23/07/2025 16:00:00,194.9,23/07/2025 16:00:00,44.64,23/07/2025 16:00:00,13.24,23/07/2025 16:00:00,126.19,,,23/07/2025 16:00:00,128.84,23/07/2025 16:00:00,21.62,23/07/2025 16:00:00,227.86,24/07/2025 16:00:00,28.31,23/07/2025 16:00:00,11.97,23/07/2025 16:00:00,197.55,23/07/2025 16:00:00,509.87,23/07/2025 16:00:00,226.68,24/07/2025 16:00:00,1117,,,,,23/07/2025 16:00:00,58.55,24/07/2025 16:00:00,102.55,23/07/2025 16:00:00,148.66,24/07/2025 16:00:00,119.51,23/07/2025 16:00:00,118.32,23/07/2025 16:00:00,77.5
24/07/2025 16:00:00,213.9,24/07/2025 16:00:00,109.66,24/07/2025 16:00:00,508.77,24/07/2025 16:00:00,95.57,24/07/2025 16:00:00,261.25,24/07/2025 16:00:00,152.69,24/07/2025 16:00:00,263.56,24/07/2025 16:00:00,27.77,24/07/2025 16:00:00,198.11,25/07/2025 16:00:00,169.75,24/07/2025 16:00:00,158.87,24/07/2025 16:00:00,25.39,24/07/2025 16:00:00,83.84,24/07/2025 16:00:00,69.26,24/07/2025 16:00:00,164.94,24/07/2025 16:00:00,242.41,24/07/2025 16:00:00,297.42,24/07/2025 16:00:00,84.2,24/07/2025 16:00:00,23.49,24/07/2025 16:00:00,42.9,24/07/2025 16:00:00,145.82,24/07/2025 16:00:00,158.35,24/07/2025 16:00:00,229.17,24/07/2025 16:00:00,125.28,24/07/2025 16:00:00,34.94,24/07/2025 16:00:00,68.36,24/07/2025 16:00:00,35.82,25/07/2025 16:00:00,296.81,24/07/2025 16:00:00,122.85,24/07/2025 16:00:00,354.82,24/07/2025 16:00:00,96.29,24/07/2025 16:00:00,48.49,24/07/2025 16:00:00,375.48,25/07/2025 16:00:00,44.67,24/07/2025 16:00:00,103.12,,,28/07/2025 17:36:00,77.45,24/07/2025 16:00:00,59.72,24/07/2025 16:00:00,94.4,24/07/2025 16:00:00,150,24/07/2025 16:00:00,309.23,24/07/2025 16:00:00,308.3,24/07/2025 16:00:00,46.24,24/07/2025 16:00:00,79.04,24/07/2025 16:00:00,427.04,24/07/2025 16:00:00,226,25/07/2025 16:00:00,59.61,24/07/2025 16:00:00,82.22,24/07/2025 16:00:00,29.79,24/07/2025 16:00:00,29.32,24/07/2025 16:00:00,233.91,24/07/2025 16:00:00,283.1,24/07/2025 16:00:00,49.02,24/07/2025 16:00:00,562,24/07/2025 16:00:00,718.93,24/07/2025 16:00:00,88.86,,,24/07/2025 16:00:00,801.36,24/07/2025 16:00:00,165.35,24/07/2025 16:00:00,75.75,,,24/07/2025 16:00:00,226.12,24/07/2025 16:00:00,76.51,24/07/2025 16:00:00,113.58,24/07/2025 16:00:00,107.22,24/07/2025 16:00:00,92.04,24/07/2025 16:00:00,941.33,24/07/2025 16:00:00,95.17,,,24/07/2025 16:00:00,281.78,24/07/2025 16:00:00,25.72,25/07/2025 16:00:00,147.49,24/07/2025 16:00:00,198.01,24/07/2025 16:00:00,78.33,24/07/2025 16:00:00,11.31,24/07/2025 16:00:00,27.19,,,25/07/2025 16:00:00,93.4,24/07/2025 16:00:00,44.96,24/07/2025 16:00:00,130.78,25/07/2025 16:00:00,19.35,24/07/2025 16:00:00,186.42,24/07/2025 16:00:00,43.49,24/07/2025 16:00:00,13.49,24/07/2025 16:00:00,126.07,,,24/07/2025 16:00:00,127.75,24/07/2025 16:00:00,21.96,24/07/2025 16:00:00,220.64,25/07/2025 16:00:00,28.76,24/07/2025 16:00:00,12.08,24/07/2025 16:00:00,197.77,24/07/2025 16:00:00,512.73,24/07/2025 16:00:00,228.06,25/07/2025 16:00:00,1122.32,,,,,24/07/2025 16:00:00,58.36,25/07/2025 16:00:00,102.63,24/07/2025 16:00:00,146.37,25/07/2025 16:00:00,119.68,24/07/2025 16:00:00,118.78,24/07/2025 16:00:00,72.93
25/07/2025 16:00:00,214.7,25/07/2025 16:00:00,110.73,25/07/2025 16:00:00,512.47,25/07/2025 16:00:00,96.84,25/07/2025 16:00:00,260.02,25/07/2025 16:00:00,155.83,25/07/2025 16:00:00,268.83,25/07/2025 16:00:00,27.91,25/07/2025 16:00:00,192.93,28/07/2025 16:00:00,167.86,25/07/2025 16:00:00,157.34,25/07/2025 16:00:00,24.97,25/07/2025 16:00:00,84.12,25/07/2025 16:00:00,69.13,25/07/2025 16:00:00,161.36,25/07/2025 16:00:00,242.34,25/07/2025 16:00:00,296.7,25/07/2025 16:00:00,84.16,25/07/2025 16:00:00,20.68,25/07/2025 16:00:00,43.02,25/07/2025 16:00:00,144.81,25/07/2025 16:00:00,158.9,25/07/2025 16:00:00,232.22,25/07/2025 16:00:00,125.77,25/07/2025 16:00:00,35.41,25/07/2025 16:00:00,68.38,25/07/2025 16:00:00,34.14,28/07/2025 16:00:00,297.06,25/07/2025 16:00:00,122.26,25/07/2025 16:00:00,354,25/07/2025 16:00:00,95.39,25/07/2025 16:00:00,48.39,25/07/2025 16:00:00,374.66,28/07/2025 16:00:00,45.1,25/07/2025 16:00:00,102.87,,,29/07/2025 17:36:00,74.96,25/07/2025 16:00:00,59.56,25/07/2025 16:00:00,95.7,25/07/2025 16:00:00,150,25/07/2025 16:00:00,308.58,25/07/2025 16:00:00,309.42,25/07/2025 16:00:00,46.13,25/07/2025 16:00:00,79.3,25/07/2025 16:00:00,429.69,25/07/2025 16:00:00,223.08,28/07/2025 16:00:00,60.56,25/07/2025 16:00:00,83.02,25/07/2025 16:00:00,29.59,25/07/2025 16:00:00,29.35,25/07/2025 16:00:00,232.02,25/07/2025 16:00:00,281,25/07/2025 16:00:00,49.08,25/07/2025 16:00:00,564.36,25/07/2025 16:00:00,720.76,25/07/2025 16:00:00,88.39,,,25/07/2025 16:00:00,809,25/07/2025 16:00:00,165.53,25/07/2025 16:00:00,74.87,,,25/07/2025 16:00:00,226.32,25/07/2025 16:00:00,75.91,25/07/2025 16:00:00,114.56,25/07/2025 16:00:00,106.76,25/07/2025 16:00:00,91.97,25/07/2025 16:00:00,936.3,25/07/2025 16:00:00,94.91,,,25/07/2025 16:00:00,281.8,25/07/2025 16:00:00,25.73,28/07/2025 16:00:00,149.51,25/07/2025 16:00:00,203.53,25/07/2025 16:00:00,78,25/07/2025 16:00:00,11.34,25/07/2025 16:00:00,24.64,,,28/07/2025 16:00:00,94.93,25/07/2025 16:00:00,44.57,25/07/2025 16:00:00,133.05,28/07/2025 16:00:00,19.4,25/07/2025 16:00:00,185.7,25/07/2025 16:00:00,43.85,25/07/2025 16:00:00,13.7,25/07/2025 16:00:00,126.76,,,25/07/2025 16:00:00,127.93,25/07/2025 16:00:00,22.49,25/07/2025 16:00:00,211.5,28/07/2025 16:00:00,29.04,25/07/2025 16:00:00,12.15,25/07/2025 16:00:00,196.33,25/07/2025 16:00:00,514.67,25/07/2025 16:00:00,226.5,28/07/2025 16:00:00,1124,,,,,25/07/2025 16:00:00,58.75,28/07/2025 16:00:00,103,25/07/2025 16:00:00,145.89,28/07/2025 16:00:00,119.63,25/07/2025 16:00:00,119.06,25/07/2025 16:00:00,72.1
28/07/2025 16:00:00,214.03,28/07/2025 16:00:00,111,28/07/2025 16:00:00,514.08,28/07/2025 16:00:00,97.28,28/07/2025 16:00:00,260.3,28/07/2025 16:00:00,155.4,28/07/2025 16:00:00,273.36,28/07/2025 16:00:00,27.93,28/07/2025 16:00:00,194.41,29/07/2025 16:00:00,166.67,28/07/2025 16:00:00,157.63,28/07/2025 16:00:00,24.68,28/07/2025 16:00:00,84.32,28/07/2025 16:00:00,68.74,28/07/2025 16:00:00,159.6,28/07/2025 16:00:00,246,28/07/2025 16:00:00,297.66,28/07/2025 16:00:00,84.47,28/07/2025 16:00:00,20.82,28/07/2025 16:00:00,43.02,28/07/2025 16:00:00,142.7,28/07/2025 16:00:00,159.76,28/07/2025 16:00:00,233.35,28/07/2025 16:00:00,126.15,28/07/2025 16:00:00,35.65,28/07/2025 16:00:00,67.75,28/07/2025 16:00:00,33.67,29/07/2025 16:00:00,298.95,28/07/2025 16:00:00,121.03,28/07/2025 16:00:00,356.38,28/07/2025 16:00:00,96.07,28/07/2025 16:00:00,48.45,28/07/2025 16:00:00,373.74,29/07/2025 16:00:00,45.42,28/07/2025 16:00:00,103.06,,,30/07/2025 17:36:00,74.36,28/07/2025 16:00:00,59.75,28/07/2025 16:00:00,95.69,28/07/2025 16:00:00,150.6,28/07/2025 16:00:00,305.82,28/07/2025 16:00:00,311.6,28/07/2025 16:00:00,46.25,28/07/2025 16:00:00,79.96,28/07/2025 16:00:00,431.25,28/07/2025 16:00:00,225.22,29/07/2025 16:00:00,59.8,28/07/2025 16:00:00,81.19,28/07/2025 16:00:00,29.48,28/07/2025 16:00:00,29.48,28/07/2025 16:00:00,233.24,28/07/2025 16:00:00,283.5,28/07/2025 16:00:00,48.44,28/07/2025 16:00:00,567.37,28/07/2025 16:00:00,728,28/07/2025 16:00:00,87.8,,,28/07/2025 16:00:00,812.65,28/07/2025 16:00:00,166.78,28/07/2025 16:00:00,75.82,,,28/07/2025 16:00:00,225.13,28/07/2025 16:00:00,79,28/07/2025 16:00:00,113.39,28/07/2025 16:00:00,106.22,28/07/2025 16:00:00,92.72,28/07/2025 16:00:00,935.5,28/07/2025 16:00:00,95.2,,,28/07/2025 16:00:00,280.19,28/07/2025 16:00:00,25.74,29/07/2025 16:00:00,150,28/07/2025 16:00:00,204.2,28/07/2025 16:00:00,78.41,28/07/2025 16:00:00,11.48,28/07/2025 16:00:00,25.33,,,29/07/2025 16:00:00,93.25,28/07/2025 16:00:00,44.68,28/07/2025 16:00:00,131.35,29/07/2025 16:00:00,19.5,28/07/2025 16:00:00,187.88,28/07/2025 16:00:00,43.91,28/07/2025 16:00:00,14.05,28/07/2025 16:00:00,126.34,,,28/07/2025 16:00:00,126.83,28/07/2025 16:00:00,22.55,28/07/2025 16:00:00,213.05,29/07/2025 16:00:00,28.37,28/07/2025 16:00:00,12.34,28/07/2025 16:00:00,196.03,28/07/2025 16:00:00,516.42,28/07/2025 16:00:00,226.75,29/07/2025 16:00:00,1123.35,,,,,28/07/2025 16:00:00,58.6,29/07/2025 16:00:00,101.53,28/07/2025 16:00:00,145.84,29/07/2025 16:00:00,118.02,28/07/2025 16:00:00,119.74,28/07/2025 16:00:00,71.9
29/07/2025 16:00:00,214.18,29/07/2025 16:00:00,111.9,29/07/2025 16:00:00,515.53,29/07/2025 16:00:00,97.78,29/07/2025 16:00:00,264.3,29/07/2025 16:00:00,156.68,29/07/2025 16:00:00,272.73,29/07/2025 16:00:00,27.68,29/07/2025 16:00:00,193.3,30/07/2025 16:00:00,167.7,29/07/2025 16:00:00,158.65,29/07/2025 16:00:00,24.31,29/07/2025 16:00:00,83.63,29/07/2025 16:00:00,68.34,29/07/2025 16:00:00,158.47,29/07/2025 16:00:00,248.7,29/07/2025 16:00:00,300,29/07/2025 16:00:00,79.85,29/07/2025 16:00:00,20.69,29/07/2025 16:00:00,42.42,29/07/2025 16:00:00,141.57,29/07/2025 16:00:00,162.04,29/07/2025 16:00:00,234.15,29/07/2025 16:00:00,126.01,29/07/2025 16:00:00,35.8,29/07/2025 16:00:00,68.23,29/07/2025 16:00:00,33.56,30/07/2025 16:00:00,302.57,29/07/2025 16:00:00,120.58,29/07/2025 16:00:00,356.29,29/07/2025 16:00:00,96,29/07/2025 16:00:00,48.39,29/07/2025 16:00:00,377,30/07/2025 16:00:00,45.12,29/07/2025 16:00:00,98.19,,,31/07/2025 17:36:00,75.35,29/07/2025 16:00:00,58.52,29/07/2025 16:00:00,97.31,29/07/2025 16:00:00,152.4,29/07/2025 16:00:00,301.12,29/07/2025 16:00:00,312.91,29/07/2025 16:00:00,46.3,29/07/2025 16:00:00,79.73,29/07/2025 16:00:00,434.55,29/07/2025 16:00:00,226.39,30/07/2025 16:00:00,61.7,29/07/2025 16:00:00,79.05,29/07/2025 16:00:00,29.4,29/07/2025 16:00:00,29.48,29/07/2025 16:00:00,239.5,29/07/2025 16:00:00,265.7,29/07/2025 16:00:00,47.17,29/07/2025 16:00:00,570.03,29/07/2025 16:00:00,726.85,29/07/2025 16:00:00,86.88,,,29/07/2025 16:00:00,774.5,29/07/2025 16:00:00,166.88,29/07/2025 16:00:00,75.36,,,29/07/2025 16:00:00,225.69,29/07/2025 16:00:00,78.76,29/07/2025 16:00:00,112.95,29/07/2025 16:00:00,106.12,29/07/2025 16:00:00,91.82,29/07/2025 16:00:00,933.99,29/07/2025 16:00:00,94.55,,,29/07/2025 16:00:00,277.45,29/07/2025 16:00:00,26,30/07/2025 16:00:00,147.65,29/07/2025 16:00:00,203.1,29/07/2025 16:00:00,78.33,29/07/2025 16:00:00,11.29,29/07/2025 16:00:00,25.6,,,30/07/2025 16:00:00,97.83,29/07/2025 16:00:00,43.9,29/07/2025 16:00:00,128.54,30/07/2025 16:00:00,19.52,29/07/2025 16:00:00,189.71,29/07/2025 16:00:00,43.58,29/07/2025 16:00:00,13.22,29/07/2025 16:00:00,126.1,,,29/07/2025 16:00:00,126.87,29/07/2025 16:00:00,22.75,29/07/2025 16:00:00,215,30/07/2025 16:00:00,28.83,29/07/2025 16:00:00,12.5,29/07/2025 16:00:00,195.23,29/07/2025 16:00:00,511.68,29/07/2025 16:00:00,230.33,30/07/2025 16:00:00,1117.3,,,,,29/07/2025 16:00:00,58.15,30/07/2025 16:00:00,100.72,29/07/2025 16:00:00,144.51,30/07/2025 16:00:00,119.5,29/07/2025 16:00:00,122,29/07/2025 16:00:00,71.64
30/07/2025 16:00:00,211.9,30/07/2025 16:00:00,112.41,30/07/2025 16:00:00,515.17,30/07/2025 16:00:00,98.61,30/07/2025 16:00:00,261.6,30/07/2025 16:00:00,156.14,30/07/2025 16:00:00,270.92,30/07/2025 16:00:00,27.34,30/07/2025 16:00:00,196.3,31/07/2025 16:00:00,165.93,30/07/2025 16:00:00,157,30/07/2025 16:00:00,24.32,30/07/2025 16:00:00,82.99,30/07/2025 16:00:00,69.11,30/07/2025 16:00:00,162.47,30/07/2025 16:00:00,248.64,30/07/2025 16:00:00,297.42,30/07/2025 16:00:00,82.91,30/07/2025 16:00:00,20.43,30/07/2025 16:00:00,42.67,30/07/2025 16:00:00,143.77,30/07/2025 16:00:00,163,30/07/2025 16:00:00,231.64,30/07/2025 16:00:00,127.97,30/07/2025 16:00:00,35.43,30/07/2025 16:00:00,67.84,30/07/2025 16:00:00,32.83,31/07/2025 16:00:00,301.02,30/07/2025 16:00:00,119.95,30/07/2025 16:00:00,351.7,30/07/2025 16:00:00,94.9,30/07/2025 16:00:00,48.26,30/07/2025 16:00:00,377.68,31/07/2025 16:00:00,43.92,30/07/2025 16:00:00,90.79,,,01/08/2025 17:36:00,74.11,30/07/2025 16:00:00,59.87,30/07/2025 16:00:00,97.39,30/07/2025 16:00:00,152.48,30/07/2025 16:00:00,304.33,30/07/2025 16:00:00,308.55,30/07/2025 16:00:00,46.29,30/07/2025 16:00:00,78.57,30/07/2025 16:00:00,430,30/07/2025 16:00:00,225.85,31/07/2025 16:00:00,65.51,30/07/2025 16:00:00,78.62,30/07/2025 16:00:00,29.16,30/07/2025 16:00:00,29.27,30/07/2025 16:00:00,227.84,30/07/2025 16:00:00,264.8,30/07/2025 16:00:00,47,30/07/2025 16:00:00,560.33,30/07/2025 16:00:00,731.14,30/07/2025 16:00:00,87.08,,,30/07/2025 16:00:00,774,30/07/2025 16:00:00,168.35,30/07/2025 16:00:00,74.06,,,30/07/2025 16:00:00,222.39,30/07/2025 16:00:00,77.78,30/07/2025 16:00:00,114.27,30/07/2025 16:00:00,104.71,30/07/2025 16:00:00,92.26,30/07/2025 16:00:00,935,30/07/2025 16:00:00,95.3,,,30/07/2025 16:00:00,278.5,30/07/2025 16:00:00,25.75,31/07/2025 16:00:00,146.16,30/07/2025 16:00:00,206.94,30/07/2025 16:00:00,76.85,30/07/2025 16:00:00,11.13,30/07/2025 16:00:00,25.03,,,31/07/2025 16:00:00,91.6,30/07/2025 16:00:00,43.19,30/07/2025 16:00:00,128.56,31/07/2025 16:00:00,19.18,30/07/2025 16:00:00,192.15,30/07/2025 16:00:00,44.35,30/07/2025 16:00:00,12.82,30/07/2025 16:00:00,126.63,,,30/07/2025 16:00:00,128.09,30/07/2025 16:00:00,22.96,30/07/2025 16:00:00,213.91,31/07/2025 16:00:00,23.76,30/07/2025 16:00:00,12.39,30/07/2025 16:00:00,195.02,30/07/2025 16:00:00,510.44,30/07/2025 16:00:00,230.25,31/07/2025 16:00:00,1108.29,,,,,30/07/2025 16:00:00,58.65,31/07/2025 16:00:00,98.36,30/07/2025 16:00:00,145.56,31/07/2025 16:00:00,120.03,30/07/2025 16:00:00,122.23,30/07/2025 16:00:00,71.9
31/07/2025 16:00:00,208.49,31/07/2025 16:00:00,110.36,31/07/2025 16:00:00,555.23,31/07/2025 16:00:00,97.44,31/07/2025 16:00:00,259.57,31/07/2025 16:00:00,152,31/07/2025 16:00:00,273.07,31/07/2025 16:00:00,27.35,31/07/2025 16:00:00,196.6,01/08/2025 16:00:00,165.48,31/07/2025 16:00:00,151.8,31/07/2025 16:00:00,23.6,31/07/2025 16:00:00,81.35,31/07/2025 16:00:00,68.15,31/07/2025 16:00:00,161.79,31/07/2025 16:00:00,255.77,31/07/2025 16:00:00,299.14,31/07/2025 16:00:00,80.8,31/07/2025 16:00:00,20.17,31/07/2025 16:00:00,42.29,31/07/2025 16:00:00,140.98,31/07/2025 16:00:00,153.11,31/07/2025 16:00:00,235.77,31/07/2025 16:00:00,127.54,31/07/2025 16:00:00,33.98,31/07/2025 16:00:00,68.31,31/07/2025 16:00:00,33.99,01/08/2025 16:00:00,303.5,31/07/2025 16:00:00,119.46,31/07/2025 16:00:00,348.93,31/07/2025 16:00:00,95.47,31/07/2025 16:00:00,47.76,31/07/2025 16:00:00,369.17,01/08/2025 16:00:00,43.59,31/07/2025 16:00:00,86.9,,,,,31/07/2025 16:00:00,61.21,31/07/2025 16:00:00,95.26,31/07/2025 16:00:00,146.19,31/07/2025 16:00:00,298.44,31/07/2025 16:00:00,301.9,31/07/2025 16:00:00,45.71,31/07/2025 16:00:00,77.22,31/07/2025 16:00:00,434.13,31/07/2025 16:00:00,222.48,01/08/2025 16:00:00,62.32,31/07/2025 16:00:00,88.2,31/07/2025 16:00:00,29.1,31/07/2025 16:00:00,29.24,31/07/2025 16:00:00,224.02,31/07/2025 16:00:00,261.4,31/07/2025 16:00:00,44.17,31/07/2025 16:00:00,568.57,31/07/2025 16:00:00,726.59,31/07/2025 16:00:00,85.53,,,31/07/2025 16:00:00,747.3,31/07/2025 16:00:00,164.25,31/07/2025 16:00:00,71.69,,,31/07/2025 16:00:00,221.56,31/07/2025 16:00:00,76.35,31/07/2025 16:00:00,113.86,31/07/2025 16:00:00,102.35,31/07/2025 16:00:00,91.43,31/07/2025 16:00:00,925.36,31/07/2025 16:00:00,94.88,,,31/07/2025 16:00:00,271,31/07/2025 16:00:00,24.99,01/08/2025 16:00:00,142.11,31/07/2025 16:00:00,201.5,31/07/2025 16:00:00,74.75,31/07/2025 16:00:00,10.77,31/07/2025 16:00:00,23.64,,,01/08/2025 16:00:00,88.39,31/07/2025 16:00:00,38.9,31/07/2025 16:00:00,133,01/08/2025 16:00:00,19.09,31/07/2025 16:00:00,186.14,31/07/2025 16:00:00,43.95,31/07/2025 16:00:00,12.59,31/07/2025 16:00:00,124.94,,,31/07/2025 16:00:00,125.1,31/07/2025 16:00:00,22.22,31/07/2025 16:00:00,214.33,01/08/2025 16:00:00,21.51,31/07/2025 16:00:00,12.36,31/07/2025 16:00:00,192.09,31/07/2025 16:00:00,512,31/07/2025 16:00:00,225.9,01/08/2025 16:00:00,1089,,,,,31/07/2025 16:00:00,57.74,01/08/2025 16:00:00,99.41,31/07/2025 16:00:00,145.98,01/08/2025 16:00:00,122.24,31/07/2025 16:00:00,120.29,31/07/2025 16:00:00,70.41
01/08/2025 16:00:00,210.87,01/08/2025 16:00:00,112,01/08/2025 16:00:00,535,01/08/2025 16:00:00,98,01/08/2025 16:00:00,251.41,01/08/2025 16:00:00,152.54,01/08/2025 16:00:00,265.53,01/08/2025 16:00:00,27.64,01/08/2025 16:00:00,189.78,,,01/08/2025 16:00:00,151.78,01/08/2025 16:00:00,23.3,01/08/2025 16:00:00,79.19,01/08/2025 16:00:00,68.6,01/08/2025 16:00:00,165.35,01/08/2025 16:00:00,247.83,01/08/2025 16:00:00,290.4,01/08/2025 16:00:00,78.02,01/08/2025 16:00:00,19.5,01/08/2025 16:00:00,43.29,01/08/2025 16:00:00,139.1,01/08/2025 16:00:00,146.46,01/08/2025 16:00:00,217.21,01/08/2025 16:00:00,125.47,01/08/2025 16:00:00,33.61,01/08/2025 16:00:00,67.51,01/08/2025 16:00:00,33.35,,,01/08/2025 16:00:00,117.59,01/08/2025 16:00:00,344.1,01/08/2025 16:00:00,91.85,01/08/2025 16:00:00,46.36,01/08/2025 16:00:00,367.82,,,01/08/2025 16:00:00,85.74,,,,,01/08/2025 16:00:00,62.16,01/08/2025 16:00:00,94.94,01/08/2025 16:00:00,146.5,01/08/2025 16:00:00,297.06,01/08/2025 16:00:00,294.03,01/08/2025 16:00:00,44.32,01/08/2025 16:00:00,77.4,01/08/2025 16:00:00,426.97,01/08/2025 16:00:00,220.55,,,01/08/2025 16:00:00,89.18,01/08/2025 16:00:00,28.96,01/08/2025 16:00:00,29.21,01/08/2025 16:00:00,219.45,01/08/2025 16:00:00,250.61,01/08/2025 16:00:00,43.61,01/08/2025 16:00:00,563.86,01/08/2025 16:00:00,710.51,01/08/2025 16:00:00,84.02,,,01/08/2025 16:00:00,746.82,01/08/2025 16:00:00,162.95,01/08/2025 16:00:00,70.49,,,01/08/2025 16:00:00,221.37,01/08/2025 16:00:00,73.44,01/08/2025 16:00:00,112.26,01/08/2025 16:00:00,99.52,01/08/2025 16:00:00,89.61,01/08/2025 16:00:00,939.5,01/08/2025 16:00:00,95.24,,,01/08/2025 16:00:00,264.63,01/08/2025 16:00:00,24.52,,,01/08/2025 16:00:00,195.33,01/08/2025 16:00:00,74.46,01/08/2025 16:00:00,10.92,01/08/2025 16:00:00,23,,,,,01/08/2025 16:00:00,39.89,01/08/2025 16:00:00,128.96,,,01/08/2025 16:00:00,179.63,01/08/2025 16:00:00,45.51,01/08/2025 16:00:00,12.54,01/08/2025 16:00:00,124.11,,,01/08/2025 16:00:00,132.69,01/08/2025 16:00:00,22.14,01/08/2025 16:00:00,211.57,,,01/08/2025 16:00:00,12.02,01/08/2025 16:00:00,187.45,01/08/2025 16:00:00,519,01/08/2025 16:00:00,223.51,,,,,,,01/08/2025 16:00:00,59.08,,,01/08/2025 16:00:00,145.67,,,01/08/2025 16:00:00,119.46,01/08/2025 16:00:00,71.43